page,line,type,is_centered,range_start,range_end
1,1,'surah_name',1,1,
1,2,'ayah',1,1,5
1,3,'ayah',1,6,11
1,4,'ayah',1,12,17
1,5,'ayah',1,18,22
1,6,'ayah',1,23,27
1,7,'ayah',1,28,31
1,8,'ayah',1,32,36
2,1,'surah_name',1,2,
2,2,'basmallah',1,2,
2,3,'ayah',0,37,43
2,4,'ayah',0,44,48
2,5,'ayah',0,49,52
2,6,'ayah',0,53,57
2,7,'ayah',0,58,63
2,8,'ayah',0,64,68
3,1,'ayah',0,69,77
3,2,'ayah',0,78,86
3,3,'ayah',0,87,96
3,4,'ayah',0,97,104
3,5,'ayah',0,105,114
3,6,'ayah',0,115,122
3,7,'ayah',0,123,131
3,8,'ayah',0,132,140
3,9,'ayah',0,141,150
3,10,'ayah',0,151,159
3,11,'ayah',0,160,169
3,12,'ayah',0,170,178
3,13,'ayah',0,179,187
3,14,'ayah',0,188,195
3,15,'ayah',0,196,203
4,1,'ayah',0,204,211
4,2,'ayah',0,212,220
4,3,'ayah',0,221,229
4,4,'ayah',0,230,240
4,5,'ayah',0,241,249
4,6,'ayah',0,250,257
4,7,'ayah',0,258,265
4,8,'ayah',0,266,276
4,9,'ayah',0,277,286
4,10,'ayah',0,287,294
4,11,'ayah',0,295,303
4,12,'ayah',0,304,313
4,13,'ayah',0,314,323
4,14,'ayah',0,324,333
4,15,'ayah',0,334,343
5,1,'ayah',0,344,352
5,2,'ayah',0,353,360
5,3,'ayah',0,361,370
5,4,'ayah',0,371,380
5,5,'ayah',0,381,390
5,6,'ayah',0,391,401
5,7,'ayah',0,402,410
5,8,'ayah',0,411,419
5,9,'ayah',0,420,430
5,10,'ayah',0,431,439
5,11,'ayah',0,440,449
5,12,'ayah',0,450,458
5,13,'ayah',0,459,467
5,14,'ayah',0,468,478
5,15,'ayah',0,479,487
6,1,'ayah',0,488,497
6,2,'ayah',0,498,506
6,3,'ayah',0,507,517
6,4,'ayah',0,518,526
6,5,'ayah',0,527,536
6,6,'ayah',0,537,547
6,7,'ayah',0,548,556
6,8,'ayah',0,557,566
6,9,'ayah',0,567,576
6,10,'ayah',0,577,586
6,11,'ayah',0,587,596
6,12,'ayah',0,597,604
6,13,'ayah',0,605,612
6,14,'ayah',0,613,623
6,15,'ayah',0,624,633
7,1,'ayah',0,634,643
7,2,'ayah',0,644,653
7,3,'ayah',0,654,662
7,4,'ayah',0,663,670
7,5,'ayah',0,671,679
7,6,'ayah',0,680,689
7,7,'ayah',0,690,699
7,8,'ayah',0,700,708
7,9,'ayah',0,709,716
7,10,'ayah',0,717,725
7,11,'ayah',0,726,735
7,12,'ayah',0,736,744
7,13,'ayah',0,745,753
7,14,'ayah',0,754,763
7,15,'ayah',0,764,773
8,1,'ayah',0,774,781
8,2,'ayah',0,782,788
8,3,'ayah',0,789,797
8,4,'ayah',0,798,806
8,5,'ayah',0,807,814
8,6,'ayah',0,815,825
8,7,'ayah',0,826,833
8,8,'ayah',0,834,841
8,9,'ayah',0,842,849
8,10,'ayah',0,850,858
8,11,'ayah',0,859,868
8,12,'ayah',0,869,876
8,13,'ayah',0,877,885
8,14,'ayah',0,886,893
8,15,'ayah',0,894,902
9,1,'ayah',0,903,911
9,2,'ayah',0,912,919
9,3,'ayah',0,920,927
9,4,'ayah',0,928,936
9,5,'ayah',0,937,946
9,6,'ayah',0,947,954
9,7,'ayah',0,955,964
9,8,'ayah',0,965,974
9,9,'ayah',0,975,985
9,10,'ayah',0,986,992
9,11,'ayah',0,993,1000
9,12,'ayah',0,1001,1008
9,13,'ayah',0,1009,1016
9,14,'ayah',0,1017,1023
9,15,'ayah',0,1024,1031
10,1,'ayah',0,1032,1038
10,2,'ayah',0,1039,1047
10,3,'ayah',0,1048,1057
10,4,'ayah',0,1058,1065
10,5,'ayah',0,1066,1074
10,6,'ayah',0,1075,1083
10,7,'ayah',0,1084,1092
10,8,'ayah',0,1093,1101
10,9,'ayah',0,1102,1111
10,10,'ayah',0,1112,1120
10,11,'ayah',0,1121,1130
10,12,'ayah',0,1131,1141
10,13,'ayah',0,1142,1151
10,14,'ayah',0,1152,1163
10,15,'ayah',0,1164,1173
11,1,'ayah',0,1174,1185
11,2,'ayah',0,1186,1196
11,3,'ayah',0,1197,1207
11,4,'ayah',0,1208,1216
11,5,'ayah',0,1217,1225
11,6,'ayah',0,1226,1234
11,7,'ayah',0,1235,1244
11,8,'ayah',0,1245,1254
11,9,'ayah',0,1255,1264
11,10,'ayah',0,1265,1275
11,11,'ayah',0,1276,1284
11,12,'ayah',0,1285,1294
11,13,'ayah',0,1295,1303
11,14,'ayah',0,1304,1312
11,15,'ayah',0,1313,1321
12,1,'ayah',0,1322,1331
12,2,'ayah',0,1332,1339
12,3,'ayah',0,1340,1347
12,4,'ayah',0,1348,1355
12,5,'ayah',0,1356,1364
12,6,'ayah',0,1365,1374
12,7,'ayah',0,1375,1382
12,8,'ayah',0,1383,1393
12,9,'ayah',0,1394,1401
12,10,'ayah',0,1402,1409
12,11,'ayah',0,1410,1417
12,12,'ayah',0,1418,1426
12,13,'ayah',0,1427,1432
12,14,'ayah',0,1433,1439
12,15,'ayah',0,1440,1447
13,1,'ayah',0,1448,1455
13,2,'ayah',0,1456,1464
13,3,'ayah',0,1465,1471
13,4,'ayah',0,1472,1478
13,5,'ayah',0,1479,1485
13,6,'ayah',0,1486,1492
13,7,'ayah',0,1493,1502
13,8,'ayah',0,1503,1511
13,9,'ayah',0,1512,1519
13,10,'ayah',0,1520,1528
13,11,'ayah',0,1529,1536
13,12,'ayah',0,1537,1544
13,13,'ayah',0,1545,1551
13,14,'ayah',0,1552,1558
13,15,'ayah',0,1559,1567
14,1,'ayah',0,1568,1576
14,2,'ayah',0,1577,1583
14,3,'ayah',0,1584,1592
14,4,'ayah',0,1593,1601
14,5,'ayah',0,1602,1612
14,6,'ayah',0,1613,1620
14,7,'ayah',0,1621,1630
14,8,'ayah',0,1631,1638
14,9,'ayah',0,1639,1646
14,10,'ayah',0,1647,1655
14,11,'ayah',0,1656,1663
14,12,'ayah',0,1664,1670
14,13,'ayah',0,1671,1678
14,14,'ayah',0,1679,1685
14,15,'ayah',0,1686,1693
15,1,'ayah',0,1694,1702
15,2,'ayah',0,1703,1711
15,3,'ayah',0,1712,1719
15,4,'ayah',0,1720,1726
15,5,'ayah',0,1727,1735
15,6,'ayah',0,1736,1744
15,7,'ayah',0,1745,1754
15,8,'ayah',0,1755,1763
15,9,'ayah',0,1764,1771
15,10,'ayah',0,1772,1779
15,11,'ayah',0,1780,1788
15,12,'ayah',0,1789,1796
15,13,'ayah',0,1797,1806
15,14,'ayah',0,1807,1815
15,15,'ayah',0,1816,1824
16,1,'ayah',0,1825,1832
16,2,'ayah',0,1833,1839
16,3,'ayah',0,1840,1847
16,4,'ayah',0,1848,1857
16,5,'ayah',0,1858,1865
16,6,'ayah',0,1866,1875
16,7,'ayah',0,1876,1882
16,8,'ayah',0,1883,1891
16,9,'ayah',0,1892,1901
16,10,'ayah',0,1902,1910
16,11,'ayah',0,1911,1919
16,12,'ayah',0,1920,1927
16,13,'ayah',0,1928,1935
16,14,'ayah',0,1936,1943
16,15,'ayah',0,1944,1951
17,1,'ayah',0,1952,1962
17,2,'ayah',0,1963,1974
17,3,'ayah',0,1975,1984
17,4,'ayah',0,1985,1994
17,5,'ayah',0,1995,2003
17,6,'ayah',0,2004,2013
17,7,'ayah',0,2014,2022
17,8,'ayah',0,2023,2031
17,9,'ayah',0,2032,2042
17,10,'ayah',0,2043,2049
17,11,'ayah',0,2050,2058
17,12,'ayah',0,2059,2068
17,13,'ayah',0,2069,2077
17,14,'ayah',0,2078,2087
17,15,'ayah',0,2088,2097
18,1,'ayah',0,2098,2105
18,2,'ayah',0,2106,2113
18,3,'ayah',0,2114,2122
18,4,'ayah',0,2123,2131
18,5,'ayah',0,2132,2141
18,6,'ayah',0,2142,2150
18,7,'ayah',0,2151,2160
18,8,'ayah',0,2161,2169
18,9,'ayah',0,2170,2180
18,10,'ayah',0,2181,2190
18,11,'ayah',0,2191,2200
18,12,'ayah',0,2201,2210
18,13,'ayah',0,2211,2218
18,14,'ayah',0,2219,2227
18,15,'ayah',0,2228,2236
19,1,'ayah',0,2237,2246
19,2,'ayah',0,2247,2256
19,3,'ayah',0,2257,2269
19,4,'ayah',0,2270,2278
19,5,'ayah',0,2279,2287
19,6,'ayah',0,2288,2297
19,7,'ayah',0,2298,2309
19,8,'ayah',0,2310,2319
19,9,'ayah',0,2320,2328
19,10,'ayah',0,2329,2339
19,11,'ayah',0,2340,2349
19,12,'ayah',0,2350,2358
19,13,'ayah',0,2359,2369
19,14,'ayah',0,2370,2379
19,15,'ayah',0,2380,2389
20,1,'ayah',0,2390,2398
20,2,'ayah',0,2399,2408
20,3,'ayah',0,2409,2417
20,4,'ayah',0,2418,2426
20,5,'ayah',0,2427,2433
20,6,'ayah',0,2434,2442
20,7,'ayah',0,2443,2451
20,8,'ayah',0,2452,2462
20,9,'ayah',0,2463,2471
20,10,'ayah',0,2472,2480
20,11,'ayah',0,2481,2490
20,12,'ayah',0,2491,2499
20,13,'ayah',0,2500,2507
20,14,'ayah',0,2508,2518
20,15,'ayah',0,2519,2529
21,1,'ayah',0,2530,2538
21,2,'ayah',0,2539,2548
21,3,'ayah',0,2549,2557
21,4,'ayah',0,2558,2565
21,5,'ayah',0,2566,2575
21,6,'ayah',0,2576,2585
21,7,'ayah',0,2586,2595
21,8,'ayah',0,2596,2606
21,9,'ayah',0,2607,2615
21,10,'ayah',0,2616,2624
21,11,'ayah',0,2625,2631
21,12,'ayah',0,2632,2641
21,13,'ayah',0,2642,2651
21,14,'ayah',0,2652,2661
21,15,'ayah',0,2662,2670
22,1,'ayah',0,2671,2678
22,2,'ayah',0,2679,2688
22,3,'ayah',0,2689,2698
22,4,'ayah',0,2699,2708
22,5,'ayah',0,2709,2719
22,6,'ayah',0,2720,2730
22,7,'ayah',0,2731,2741
22,8,'ayah',0,2742,2750
22,9,'ayah',0,2751,2760
22,10,'ayah',0,2761,2771
22,11,'ayah',0,2772,2782
22,12,'ayah',0,2783,2792
22,13,'ayah',0,2793,2803
22,14,'ayah',0,2804,2812
22,15,'ayah',0,2813,2821
23,1,'ayah',0,2822,2832
23,2,'ayah',0,2833,2842
23,3,'ayah',0,2843,2854
23,4,'ayah',0,2855,2865
23,5,'ayah',0,2866,2875
23,6,'ayah',0,2876,2885
23,7,'ayah',0,2886,2893
23,8,'ayah',0,2894,2903
23,9,'ayah',0,2904,2911
23,10,'ayah',0,2912,2921
23,11,'ayah',0,2922,2931
23,12,'ayah',0,2932,2944
23,13,'ayah',0,2945,2954
23,14,'ayah',0,2955,2962
23,15,'ayah',0,2963,2973
24,1,'ayah',0,2974,2981
24,2,'ayah',0,2982,2992
24,3,'ayah',0,2993,3003
24,4,'ayah',0,3004,3014
24,5,'ayah',0,3015,3024
24,6,'ayah',0,3025,3033
24,7,'ayah',0,3034,3042
24,8,'ayah',0,3043,3051
24,9,'ayah',0,3052,3060
24,10,'ayah',0,3061,3071
24,11,'ayah',0,3072,3081
24,12,'ayah',0,3082,3091
24,13,'ayah',0,3092,3102
24,14,'ayah',0,3103,3111
24,15,'ayah',0,3112,3119
25,1,'ayah',0,3120,3128
25,2,'ayah',0,3129,3138
25,3,'ayah',0,3139,3148
25,4,'ayah',0,3149,3158
25,5,'ayah',0,3159,3167
25,6,'ayah',0,3168,3178
25,7,'ayah',0,3179,3188
25,8,'ayah',0,3189,3198
25,9,'ayah',0,3199,3208
25,10,'ayah',0,3209,3220
25,11,'ayah',0,3221,3231
25,12,'ayah',0,3232,3241
25,13,'ayah',0,3242,3252
25,14,'ayah',0,3253,3264
25,15,'ayah',0,3265,3274
26,1,'ayah',0,3275,3283
26,2,'ayah',0,3284,3295
26,3,'ayah',0,3296,3306
26,4,'ayah',0,3307,3315
26,5,'ayah',0,3316,3325
26,6,'ayah',0,3326,3334
26,7,'ayah',0,3335,3342
26,8,'ayah',0,3343,3351
26,9,'ayah',0,3352,3362
26,10,'ayah',0,3363,3371
26,11,'ayah',0,3372,3379
26,12,'ayah',0,3380,3386
26,13,'ayah',0,3387,3393
26,14,'ayah',0,3394,3400
26,15,'ayah',0,3401,3409
27,1,'ayah',0,3410,3418
27,2,'ayah',0,3419,3428
27,3,'ayah',0,3429,3436
27,4,'ayah',0,3437,3447
27,5,'ayah',0,3448,3456
27,6,'ayah',0,3457,3466
27,7,'ayah',0,3467,3474
27,8,'ayah',0,3475,3483
27,9,'ayah',0,3484,3495
27,10,'ayah',0,3496,3505
27,11,'ayah',0,3506,3514
27,12,'ayah',0,3515,3523
27,13,'ayah',0,3524,3534
27,14,'ayah',0,3535,3542
27,15,'ayah',0,3543,3553
28,1,'ayah',0,3554,3561
28,2,'ayah',0,3562,3569
28,3,'ayah',0,3570,3579
28,4,'ayah',0,3580,3589
28,5,'ayah',0,3590,3598
28,6,'ayah',0,3599,3607
28,7,'ayah',0,3608,3616
28,8,'ayah',0,3617,3625
28,9,'ayah',0,3626,3634
28,10,'ayah',0,3635,3641
28,11,'ayah',0,3642,3650
28,12,'ayah',0,3651,3658
28,13,'ayah',0,3659,3666
28,14,'ayah',0,3667,3674
28,15,'ayah',0,3675,3682
29,1,'ayah',0,3683,3689
29,2,'ayah',0,3690,3696
29,3,'ayah',0,3697,3703
29,4,'ayah',0,3704,3711
29,5,'ayah',0,3712,3719
29,6,'ayah',0,3720,3726
29,7,'ayah',0,3727,3734
29,8,'ayah',0,3735,3742
29,9,'ayah',0,3743,3747
29,10,'ayah',0,3748,3754
29,11,'ayah',0,3755,3760
29,12,'ayah',0,3761,3766
29,13,'ayah',0,3767,3775
29,14,'ayah',0,3776,3782
29,15,'ayah',0,3783,3791
30,1,'ayah',0,3792,3799
30,2,'ayah',0,3800,3808
30,3,'ayah',0,3809,3818
30,4,'ayah',0,3819,3827
30,5,'ayah',0,3828,3835
30,6,'ayah',0,3836,3844
30,7,'ayah',0,3845,3854
30,8,'ayah',0,3855,3864
30,9,'ayah',0,3865,3874
30,10,'ayah',0,3875,3884
30,11,'ayah',0,3885,3894
30,12,'ayah',0,3895,3903
30,13,'ayah',0,3904,3913
30,14,'ayah',0,3914,3924
30,15,'ayah',0,3925,3933
31,1,'ayah',0,3934,3941
31,2,'ayah',0,3942,3948
31,3,'ayah',0,3949,3954
31,4,'ayah',0,3955,3962
31,5,'ayah',0,3963,3969
31,6,'ayah',0,3970,3976
31,7,'ayah',0,3977,3983
31,8,'ayah',0,3984,3992
31,9,'ayah',0,3993,4001
31,10,'ayah',0,4002,4009
31,11,'ayah',0,4010,4018
31,12,'ayah',0,4019,4026
31,13,'ayah',0,4027,4033
31,14,'ayah',0,4034,4041
31,15,'ayah',0,4042,4048
32,1,'ayah',0,4049,4056
32,2,'ayah',0,4057,4066
32,3,'ayah',0,4067,4074
32,4,'ayah',0,4075,4083
32,5,'ayah',0,4084,4091
32,6,'ayah',0,4092,4100
32,7,'ayah',0,4101,4108
32,8,'ayah',0,4109,4116
32,9,'ayah',0,4117,4125
32,10,'ayah',0,4126,4133
32,11,'ayah',0,4134,4142
32,12,'ayah',0,4143,4150
32,13,'ayah',0,4151,4158
32,14,'ayah',0,4159,4166
32,15,'ayah',0,4167,4174
33,1,'ayah',0,4175,4182
33,2,'ayah',0,4183,4190
33,3,'ayah',0,4191,4199
33,4,'ayah',0,4200,4206
33,5,'ayah',0,4207,4214
33,6,'ayah',0,4215,4224
33,7,'ayah',0,4225,4232
33,8,'ayah',0,4233,4241
33,9,'ayah',0,4242,4250
33,10,'ayah',0,4251,4258
33,11,'ayah',0,4259,4264
33,12,'ayah',0,4265,4274
33,13,'ayah',0,4275,4283
33,14,'ayah',0,4284,4289
33,15,'ayah',0,4290,4299
34,1,'ayah',0,4300,4308
34,2,'ayah',0,4309,4319
34,3,'ayah',0,4320,4328
34,4,'ayah',0,4329,4337
34,5,'ayah',0,4338,4345
34,6,'ayah',0,4346,4355
34,7,'ayah',0,4356,4362
34,8,'ayah',0,4363,4370
34,9,'ayah',0,4371,4377
34,10,'ayah',0,4378,4386
34,11,'ayah',0,4387,4394
34,12,'ayah',0,4395,4403
34,13,'ayah',0,4404,4411
34,14,'ayah',0,4412,4418
34,15,'ayah',0,4419,4427
35,1,'ayah',0,4428,4435
35,2,'ayah',0,4436,4443
35,3,'ayah',0,4444,4454
35,4,'ayah',0,4455,4462
35,5,'ayah',0,4463,4470
35,6,'ayah',0,4471,4478
35,7,'ayah',0,4479,4487
35,8,'ayah',0,4488,4495
35,9,'ayah',0,4496,4504
35,10,'ayah',0,4505,4513
35,11,'ayah',0,4514,4522
35,12,'ayah',0,4523,4530
35,13,'ayah',0,4531,4537
35,14,'ayah',0,4538,4546
35,15,'ayah',0,4547,4554
36,1,'ayah',0,4555,4562
36,2,'ayah',0,4563,4571
36,3,'ayah',0,4572,4580
36,4,'ayah',0,4581,4589
36,5,'ayah',0,4590,4596
36,6,'ayah',0,4597,4606
36,7,'ayah',0,4607,4614
36,8,'ayah',0,4615,4623
36,9,'ayah',0,4624,4629
36,10,'ayah',0,4630,4636
36,11,'ayah',0,4637,4645
36,12,'ayah',0,4646,4654
36,13,'ayah',0,4655,4663
36,14,'ayah',0,4664,4671
36,15,'ayah',0,4672,4679
37,1,'ayah',0,4680,4688
37,2,'ayah',0,4689,4696
37,3,'ayah',0,4697,4704
37,4,'ayah',0,4705,4711
37,5,'ayah',0,4712,4716
37,6,'ayah',0,4717,4722
37,7,'ayah',0,4723,4729
37,8,'ayah',0,4730,4737
37,9,'ayah',0,4738,4745
37,10,'ayah',0,4746,4753
37,11,'ayah',0,4754,4760
37,12,'ayah',0,4761,4767
37,13,'ayah',0,4768,4773
37,14,'ayah',0,4774,4781
37,15,'ayah',0,4782,4790
38,1,'ayah',0,4791,4798
38,2,'ayah',0,4799,4806
38,3,'ayah',0,4807,4817
38,4,'ayah',0,4818,4827
38,5,'ayah',0,4828,4836
38,6,'ayah',0,4837,4845
38,7,'ayah',0,4846,4855
38,8,'ayah',0,4856,4862
38,9,'ayah',0,4863,4871
38,10,'ayah',0,4872,4881
38,11,'ayah',0,4882,4891
38,12,'ayah',0,4892,4900
38,13,'ayah',0,4901,4910
38,14,'ayah',0,4911,4919
38,15,'ayah',0,4920,4929
39,1,'ayah',0,4930,4939
39,2,'ayah',0,4940,4947
39,3,'ayah',0,4948,4955
39,4,'ayah',0,4956,4963
39,5,'ayah',0,4964,4973
39,6,'ayah',0,4974,4982
39,7,'ayah',0,4983,4992
39,8,'ayah',0,4993,5000
39,9,'ayah',0,5001,5009
39,10,'ayah',0,5010,5018
39,11,'ayah',0,5019,5024
39,12,'ayah',0,5025,5034
39,13,'ayah',0,5035,5044
39,14,'ayah',0,5045,5051
39,15,'ayah',0,5052,5059
40,1,'ayah',0,5060,5070
40,2,'ayah',0,5071,5081
40,3,'ayah',0,5082,5091
40,4,'ayah',0,5092,5103
40,5,'ayah',0,5104,5112
40,6,'ayah',0,5113,5124
40,7,'ayah',0,5125,5135
40,8,'ayah',0,5136,5145
40,9,'ayah',0,5146,5156
40,10,'ayah',0,5157,5165
40,11,'ayah',0,5166,5175
40,12,'ayah',0,5176,5185
40,13,'ayah',0,5186,5195
40,14,'ayah',0,5196,5204
40,15,'ayah',0,5205,5214
41,1,'ayah',0,5215,5224
41,2,'ayah',0,5225,5234
41,3,'ayah',0,5235,5245
41,4,'ayah',0,5246,5254
41,5,'ayah',0,5255,5265
41,6,'ayah',0,5266,5275
41,7,'ayah',0,5276,5286
41,8,'ayah',0,5287,5296
41,9,'ayah',0,5297,5306
41,10,'ayah',0,5307,5315
41,11,'ayah',0,5316,5323
41,12,'ayah',0,5324,5332
41,13,'ayah',0,5333,5341
41,14,'ayah',0,5342,5351
41,15,'ayah',0,5352,5360
42,1,'ayah',0,5361,5367
42,2,'ayah',0,5368,5377
42,3,'ayah',0,5378,5387
42,4,'ayah',0,5388,5396
42,5,'ayah',0,5397,5407
42,6,'ayah',0,5408,5417
42,7,'ayah',0,5418,5429
42,8,'ayah',0,5430,5440
42,9,'ayah',0,5441,5452
42,10,'ayah',0,5453,5463
42,11,'ayah',0,5464,5472
42,12,'ayah',0,5473,5482
42,13,'ayah',0,5483,5493
42,14,'ayah',0,5494,5502
42,15,'ayah',0,5503,5511
43,1,'ayah',0,5512,5519
43,2,'ayah',0,5520,5525
43,3,'ayah',0,5526,5534
43,4,'ayah',0,5535,5544
43,5,'ayah',0,5545,5553
43,6,'ayah',0,5554,5562
43,7,'ayah',0,5563,5571
43,8,'ayah',0,5572,5580
43,9,'ayah',0,5581,5590
43,10,'ayah',0,5591,5600
43,11,'ayah',0,5601,5611
43,12,'ayah',0,5612,5620
43,13,'ayah',0,5621,5628
43,14,'ayah',0,5629,5637
43,15,'ayah',0,5638,5648
44,1,'ayah',0,5649,5658
44,2,'ayah',0,5659,5668
44,3,'ayah',0,5669,5678
44,4,'ayah',0,5679,5688
44,5,'ayah',0,5689,5697
44,6,'ayah',0,5698,5706
44,7,'ayah',0,5707,5715
44,8,'ayah',0,5716,5726
44,9,'ayah',0,5727,5736
44,10,'ayah',0,5737,5745
44,11,'ayah',0,5746,5755
44,12,'ayah',0,5756,5762
44,13,'ayah',0,5763,5771
44,14,'ayah',0,5772,5779
44,15,'ayah',0,5780,5789
45,1,'ayah',0,5790,5796
45,2,'ayah',0,5797,5804
45,3,'ayah',0,5805,5813
45,4,'ayah',0,5814,5823
45,5,'ayah',0,5824,5832
45,6,'ayah',0,5833,5840
45,7,'ayah',0,5841,5848
45,8,'ayah',0,5849,5856
45,9,'ayah',0,5857,5865
45,10,'ayah',0,5866,5873
45,11,'ayah',0,5874,5883
45,12,'ayah',0,5884,5889
45,13,'ayah',0,5890,5897
45,14,'ayah',0,5898,5905
45,15,'ayah',0,5906,5914
46,1,'ayah',0,5915,5922
46,2,'ayah',0,5923,5930
46,3,'ayah',0,5931,5937
46,4,'ayah',0,5938,5944
46,5,'ayah',0,5945,5952
46,6,'ayah',0,5953,5960
46,7,'ayah',0,5961,5967
46,8,'ayah',0,5968,5975
46,9,'ayah',0,5976,5983
46,10,'ayah',0,5984,5991
46,11,'ayah',0,5992,5997
46,12,'ayah',0,5998,6005
46,13,'ayah',0,6006,6014
46,14,'ayah',0,6015,6020
46,15,'ayah',0,6021,6029
47,1,'ayah',0,6030,6038
47,2,'ayah',0,6039,6047
47,3,'ayah',0,6048,6056
47,4,'ayah',0,6057,6066
47,5,'ayah',0,6067,6075
47,6,'ayah',0,6076,6084
47,7,'ayah',0,6085,6093
47,8,'ayah',0,6094,6102
47,9,'ayah',0,6103,6112
47,10,'ayah',0,6113,6123
47,11,'ayah',0,6124,6131
47,12,'ayah',0,6132,6140
47,13,'ayah',0,6141,6149
47,14,'ayah',0,6150,6159
47,15,'ayah',0,6160,6170
48,1,'ayah',0,6171,6179
48,2,'ayah',0,6180,6186
48,3,'ayah',0,6187,6195
48,4,'ayah',0,6196,6204
48,5,'ayah',0,6205,6214
48,6,'ayah',0,6215,6222
48,7,'ayah',0,6223,6230
48,8,'ayah',0,6231,6238
48,9,'ayah',0,6239,6247
48,10,'ayah',0,6248,6257
48,11,'ayah',0,6258,6266
48,12,'ayah',0,6267,6274
48,13,'ayah',0,6275,6282
48,14,'ayah',0,6283,6290
48,15,'ayah',0,6291,6299
49,1,'ayah',0,6300,6308
49,2,'ayah',0,6309,6316
49,3,'ayah',0,6317,6324
49,4,'ayah',0,6325,6335
49,5,'ayah',0,6336,6346
49,6,'ayah',0,6347,6355
49,7,'ayah',0,6356,6365
49,8,'ayah',0,6366,6373
49,9,'ayah',0,6374,6382
49,10,'ayah',0,6383,6391
49,11,'ayah',0,6392,6401
49,12,'ayah',0,6402,6411
49,13,'ayah',0,6412,6421
49,14,'ayah',0,6422,6431
49,15,'ayah',0,6432,6439
50,1,'surah_name',1,3,
50,2,'basmallah',1,3,
50,3,'ayah',0,6440,6452
50,4,'ayah',0,6453,6461
50,5,'ayah',0,6462,6470
50,6,'ayah',0,6471,6480
50,7,'ayah',0,6481,6492
50,8,'ayah',0,6493,6503
50,9,'ayah',0,6504,6513
50,10,'ayah',0,6514,6522
50,11,'ayah',0,6523,6530
50,12,'ayah',0,6531,6538
50,13,'ayah',0,6539,6549
50,14,'ayah',0,6550,6560
50,15,'ayah',0,6561,6569
51,1,'ayah',0,6570,6581
51,2,'ayah',0,6582,6590
51,3,'ayah',0,6591,6600
51,4,'ayah',0,6601,6608
51,5,'ayah',0,6609,6616
51,6,'ayah',0,6617,6623
51,7,'ayah',0,6624,6634
51,8,'ayah',0,6635,6643
51,9,'ayah',0,6644,6653
51,10,'ayah',0,6654,6662
51,11,'ayah',0,6663,6669
51,12,'ayah',0,6670,6677
51,13,'ayah',0,6678,6687
51,14,'ayah',0,6688,6696
51,15,'ayah',0,6697,6705
52,1,'ayah',0,6706,6714
52,2,'ayah',0,6715,6720
52,3,'ayah',0,6721,6727
52,4,'ayah',0,6728,6736
52,5,'ayah',0,6737,6747
52,6,'ayah',0,6748,6755
52,7,'ayah',0,6756,6764
52,8,'ayah',0,6765,6773
52,9,'ayah',0,6774,6781
52,10,'ayah',0,6782,6788
52,11,'ayah',0,6789,6797
52,12,'ayah',0,6798,6804
52,13,'ayah',0,6805,6811
52,14,'ayah',0,6812,6819
52,15,'ayah',0,6820,6828
53,1,'ayah',0,6829,6839
53,2,'ayah',0,6840,6849
53,3,'ayah',0,6850,6858
53,4,'ayah',0,6859,6868
53,5,'ayah',0,6869,6878
53,6,'ayah',0,6879,6889
53,7,'ayah',0,6890,6898
53,8,'ayah',0,6899,6909
53,9,'ayah',0,6910,6919
53,10,'ayah',0,6920,6929
53,11,'ayah',0,6930,6937
53,12,'ayah',0,6938,6948
53,13,'ayah',0,6949,6958
53,14,'ayah',0,6959,6968
53,15,'ayah',0,6969,6980
54,1,'ayah',0,6981,6991
54,2,'ayah',0,6992,7001
54,3,'ayah',0,7002,7012
54,4,'ayah',0,7013,7022
54,5,'ayah',0,7023,7032
54,6,'ayah',0,7033,7042
54,7,'ayah',0,7043,7052
54,8,'ayah',0,7053,7064
54,9,'ayah',0,7065,7074
54,10,'ayah',0,7075,7084
54,11,'ayah',0,7085,7092
54,12,'ayah',0,7093,7101
54,13,'ayah',0,7102,7110
54,14,'ayah',0,7111,7120
54,15,'ayah',0,7121,7133
55,1,'ayah',0,7134,7143
55,2,'ayah',0,7144,7152
55,3,'ayah',0,7153,7161
55,4,'ayah',0,7162,7170
55,5,'ayah',0,7171,7180
55,6,'ayah',0,7181,7192
55,7,'ayah',0,7193,7203
55,8,'ayah',0,7204,7212
55,9,'ayah',0,7213,7220
55,10,'ayah',0,7221,7228
55,11,'ayah',0,7229,7237
55,12,'ayah',0,7238,7246
55,13,'ayah',0,7247,7255
55,14,'ayah',0,7256,7264
55,15,'ayah',0,7265,7272
56,1,'ayah',0,7273,7281
56,2,'ayah',0,7282,7292
56,3,'ayah',0,7293,7304
56,4,'ayah',0,7305,7312
56,5,'ayah',0,7313,7322
56,6,'ayah',0,7323,7331
56,7,'ayah',0,7332,7339
56,8,'ayah',0,7340,7349
56,9,'ayah',0,7350,7360
56,10,'ayah',0,7361,7369
56,11,'ayah',0,7370,7380
56,12,'ayah',0,7381,7389
56,13,'ayah',0,7390,7398
56,14,'ayah',0,7399,7408
56,15,'ayah',0,7409,7416
57,1,'ayah',0,7417,7426
57,2,'ayah',0,7427,7434
57,3,'ayah',0,7435,7442
57,4,'ayah',0,7443,7451
57,5,'ayah',0,7452,7459
57,6,'ayah',0,7460,7469
57,7,'ayah',0,7470,7476
57,8,'ayah',0,7477,7486
57,9,'ayah',0,7487,7496
57,10,'ayah',0,7497,7507
57,11,'ayah',0,7508,7517
57,12,'ayah',0,7518,7526
57,13,'ayah',0,7527,7533
57,14,'ayah',0,7534,7543
57,15,'ayah',0,7544,7554
58,1,'ayah',0,7555,7563
58,2,'ayah',0,7564,7572
58,3,'ayah',0,7573,7582
58,4,'ayah',0,7583,7590
58,5,'ayah',0,7591,7599
58,6,'ayah',0,7600,7607
58,7,'ayah',0,7608,7615
58,8,'ayah',0,7616,7624
58,9,'ayah',0,7625,7633
58,10,'ayah',0,7634,7641
58,11,'ayah',0,7642,7649
58,12,'ayah',0,7650,7656
58,13,'ayah',0,7657,7665
58,14,'ayah',0,7666,7673
58,15,'ayah',0,7674,7681
59,1,'ayah',0,7682,7689
59,2,'ayah',0,7690,7698
59,3,'ayah',0,7699,7707
59,4,'ayah',0,7708,7717
59,5,'ayah',0,7718,7728
59,6,'ayah',0,7729,7738
59,7,'ayah',0,7739,7747
59,8,'ayah',0,7748,7757
59,9,'ayah',0,7758,7766
59,10,'ayah',0,7767,7777
59,11,'ayah',0,7778,7786
59,12,'ayah',0,7787,7797
59,13,'ayah',0,7798,7806
59,14,'ayah',0,7807,7817
59,15,'ayah',0,7818,7827
60,1,'ayah',0,7828,7834
60,2,'ayah',0,7835,7844
60,3,'ayah',0,7845,7854
60,4,'ayah',0,7855,7864
60,5,'ayah',0,7865,7872
60,6,'ayah',0,7873,7881
60,7,'ayah',0,7882,7890
60,8,'ayah',0,7891,7898
60,9,'ayah',0,7899,7908
60,10,'ayah',0,7909,7916
60,11,'ayah',0,7917,7923
60,12,'ayah',0,7924,7931
60,13,'ayah',0,7932,7940
60,14,'ayah',0,7941,7949
60,15,'ayah',0,7950,7957
61,1,'ayah',0,7958,7967
61,2,'ayah',0,7968,7974
61,3,'ayah',0,7975,7983
61,4,'ayah',0,7984,7993
61,5,'ayah',0,7994,8003
61,6,'ayah',0,8004,8011
61,7,'ayah',0,8012,8020
61,8,'ayah',0,8021,8027
61,9,'ayah',0,8028,8036
61,10,'ayah',0,8037,8046
61,11,'ayah',0,8047,8056
61,12,'ayah',0,8057,8064
61,13,'ayah',0,8065,8073
61,14,'ayah',0,8074,8082
61,15,'ayah',0,8083,8092
62,1,'ayah',0,8093,8101
62,2,'ayah',0,8102,8112
62,3,'ayah',0,8113,8122
62,4,'ayah',0,8123,8131
62,5,'ayah',0,8132,8141
62,6,'ayah',0,8142,8150
62,7,'ayah',0,8151,8160
62,8,'ayah',0,8161,8169
62,9,'ayah',0,8170,8179
62,10,'ayah',0,8180,8189
62,11,'ayah',0,8190,8200
62,12,'ayah',0,8201,8211
62,13,'ayah',0,8212,8221
62,14,'ayah',0,8222,8232
62,15,'ayah',0,8233,8242
63,1,'ayah',0,8243,8251
63,2,'ayah',0,8252,8261
63,3,'ayah',0,8262,8271
63,4,'ayah',0,8272,8280
63,5,'ayah',0,8281,8290
63,6,'ayah',0,8291,8299
63,7,'ayah',0,8300,8308
63,8,'ayah',0,8309,8316
63,9,'ayah',0,8317,8325
63,10,'ayah',0,8326,8333
63,11,'ayah',0,8334,8342
63,12,'ayah',0,8343,8350
63,13,'ayah',0,8351,8359
63,14,'ayah',0,8360,8369
63,15,'ayah',0,8370,8379
64,1,'ayah',0,8380,8389
64,2,'ayah',0,8390,8397
64,3,'ayah',0,8398,8404
64,4,'ayah',0,8405,8412
64,5,'ayah',0,8413,8420
64,6,'ayah',0,8421,8428
64,7,'ayah',0,8429,8438
64,8,'ayah',0,8439,8446
64,9,'ayah',0,8447,8454
64,10,'ayah',0,8455,8463
64,11,'ayah',0,8464,8471
64,12,'ayah',0,8472,8480
64,13,'ayah',0,8481,8487
64,14,'ayah',0,8488,8495
64,15,'ayah',0,8496,8504
65,1,'ayah',0,8505,8513
65,2,'ayah',0,8514,8523
65,3,'ayah',0,8524,8533
65,4,'ayah',0,8534,8541
65,5,'ayah',0,8542,8550
65,6,'ayah',0,8551,8560
65,7,'ayah',0,8561,8569
65,8,'ayah',0,8570,8580
65,9,'ayah',0,8581,8587
65,10,'ayah',0,8588,8595
65,11,'ayah',0,8596,8604
65,12,'ayah',0,8605,8613
65,13,'ayah',0,8614,8622
65,14,'ayah',0,8623,8632
65,15,'ayah',0,8633,8640
66,1,'ayah',0,8641,8649
66,2,'ayah',0,8650,8658
66,3,'ayah',0,8659,8667
66,4,'ayah',0,8668,8676
66,5,'ayah',0,8677,8685
66,6,'ayah',0,8686,8694
66,7,'ayah',0,8695,8704
66,8,'ayah',0,8705,8714
66,9,'ayah',0,8715,8723
66,10,'ayah',0,8724,8733
66,11,'ayah',0,8734,8743
66,12,'ayah',0,8744,8752
66,13,'ayah',0,8753,8760
66,14,'ayah',0,8761,8769
66,15,'ayah',0,8770,8777
67,1,'ayah',0,8778,8785
67,2,'ayah',0,8786,8792
67,3,'ayah',0,8793,8798
67,4,'ayah',0,8799,8807
67,5,'ayah',0,8808,8814
67,6,'ayah',0,8815,8824
67,7,'ayah',0,8825,8832
67,8,'ayah',0,8833,8840
67,9,'ayah',0,8841,8849
67,10,'ayah',0,8850,8857
67,11,'ayah',0,8858,8865
67,12,'ayah',0,8866,8874
67,13,'ayah',0,8875,8883
67,14,'ayah',0,8884,8891
67,15,'ayah',0,8892,8899
68,1,'ayah',0,8900,8907
68,2,'ayah',0,8908,8915
68,3,'ayah',0,8916,8923
68,4,'ayah',0,8924,8931
68,5,'ayah',0,8932,8941
68,6,'ayah',0,8942,8949
68,7,'ayah',0,8950,8958
68,8,'ayah',0,8959,8968
68,9,'ayah',0,8969,8976
68,10,'ayah',0,8977,8984
68,11,'ayah',0,8985,8993
68,12,'ayah',0,8994,9003
68,13,'ayah',0,9004,9012
68,14,'ayah',0,9013,9021
68,15,'ayah',0,9022,9028
69,1,'ayah',0,9029,9035
69,2,'ayah',0,9036,9043
69,3,'ayah',0,9044,9050
69,4,'ayah',0,9051,9059
69,5,'ayah',0,9060,9067
69,6,'ayah',0,9068,9075
69,7,'ayah',0,9076,9083
69,8,'ayah',0,9084,9090
69,9,'ayah',0,9091,9099
69,10,'ayah',0,9100,9107
69,11,'ayah',0,9108,9114
69,12,'ayah',0,9115,9122
69,13,'ayah',0,9123,9129
69,14,'ayah',0,9130,9137
69,15,'ayah',0,9138,9146
70,1,'ayah',0,9147,9156
70,2,'ayah',0,9157,9164
70,3,'ayah',0,9165,9174
70,4,'ayah',0,9175,9186
70,5,'ayah',0,9187,9199
70,6,'ayah',0,9200,9208
70,7,'ayah',0,9209,9218
70,8,'ayah',0,9219,9228
70,9,'ayah',0,9229,9236
70,10,'ayah',0,9237,9247
70,11,'ayah',0,9248,9256
70,12,'ayah',0,9257,9267
70,13,'ayah',0,9268,9276
70,14,'ayah',0,9277,9286
70,15,'ayah',0,9287,9296
71,1,'ayah',0,9297,9306
71,2,'ayah',0,9307,9316
71,3,'ayah',0,9317,9325
71,4,'ayah',0,9326,9335
71,5,'ayah',0,9336,9345
71,6,'ayah',0,9346,9354
71,7,'ayah',0,9355,9365
71,8,'ayah',0,9366,9376
71,9,'ayah',0,9377,9386
71,10,'ayah',0,9387,9396
71,11,'ayah',0,9397,9407
71,12,'ayah',0,9408,9415
71,13,'ayah',0,9416,9425
71,14,'ayah',0,9426,9434
71,15,'ayah',0,9435,9446
72,1,'ayah',0,9447,9456
72,2,'ayah',0,9457,9465
72,3,'ayah',0,9466,9475
72,4,'ayah',0,9476,9483
72,5,'ayah',0,9484,9493
72,6,'ayah',0,9494,9502
72,7,'ayah',0,9503,9512
72,8,'ayah',0,9513,9522
72,9,'ayah',0,9523,9531
72,10,'ayah',0,9532,9541
72,11,'ayah',0,9542,9551
72,12,'ayah',0,9552,9560
72,13,'ayah',0,9561,9569
72,14,'ayah',0,9570,9579
72,15,'ayah',0,9580,9587
73,1,'ayah',0,9588,9596
73,2,'ayah',0,9597,9606
73,3,'ayah',0,9607,9615
73,4,'ayah',0,9616,9626
73,5,'ayah',0,9627,9638
73,6,'ayah',0,9639,9648
73,7,'ayah',0,9649,9659
73,8,'ayah',0,9660,9669
73,9,'ayah',0,9670,9680
73,10,'ayah',0,9681,9690
73,11,'ayah',0,9691,9699
73,12,'ayah',0,9700,9708
73,13,'ayah',0,9709,9718
73,14,'ayah',0,9719,9728
73,15,'ayah',0,9729,9737
74,1,'ayah',0,9738,9747
74,2,'ayah',0,9748,9755
74,3,'ayah',0,9756,9763
74,4,'ayah',0,9764,9772
74,5,'ayah',0,9773,9781
74,6,'ayah',0,9782,9790
74,7,'ayah',0,9791,9797
74,8,'ayah',0,9798,9805
74,9,'ayah',0,9806,9813
74,10,'ayah',0,9814,9820
74,11,'ayah',0,9821,9828
74,12,'ayah',0,9829,9837
74,13,'ayah',0,9838,9844
74,14,'ayah',0,9845,9852
74,15,'ayah',0,9853,9861
75,1,'ayah',0,9862,9869
75,2,'ayah',0,9870,9876
75,3,'ayah',0,9877,9886
75,4,'ayah',0,9887,9895
75,5,'ayah',0,9896,9902
75,6,'ayah',0,9903,9911
75,7,'ayah',0,9912,9920
75,8,'ayah',0,9921,9927
75,9,'ayah',0,9928,9934
75,10,'ayah',0,9935,9942
75,11,'ayah',0,9943,9950
75,12,'ayah',0,9951,9957
75,13,'ayah',0,9958,9965
75,14,'ayah',0,9966,9973
75,15,'ayah',0,9974,9981
76,1,'ayah',0,9982,9991
76,2,'ayah',0,9992,10001
76,3,'ayah',0,10002,10011
76,4,'ayah',0,10012,10019
76,5,'ayah',0,10020,10026
76,6,'ayah',0,10027,10036
76,7,'ayah',0,10037,10046
76,8,'ayah',0,10047,10056
76,9,'ayah',0,10057,10065
76,10,'ayah',0,10066,10075
76,11,'ayah',0,10076,10085
76,12,'ayah',0,10086,10094
76,13,'ayah',0,10095,10103
76,14,'ayah',0,10104,10112
76,15,'ayah',0,10113,10120
77,1,'surah_name',1,4,
77,2,'basmallah',1,4,
77,3,'ayah',0,10121,10128
77,4,'ayah',0,10129,10136
77,5,'ayah',0,10137,10143
77,6,'ayah',0,10144,10152
77,7,'ayah',0,10153,10159
77,8,'ayah',0,10160,10168
77,9,'ayah',0,10169,10176
77,10,'ayah',0,10177,10184
77,11,'ayah',0,10185,10192
77,12,'ayah',0,10193,10200
77,13,'ayah',0,10201,10210
77,14,'ayah',0,10211,10219
77,15,'ayah',0,10220,10227
78,1,'ayah',0,10228,10235
78,2,'ayah',0,10236,10242
78,3,'ayah',0,10243,10249
78,4,'ayah',0,10250,10255
78,5,'ayah',0,10256,10261
78,6,'ayah',0,10262,10269
78,7,'ayah',0,10270,10274
78,8,'ayah',0,10275,10281
78,9,'ayah',0,10282,10289
78,10,'ayah',0,10290,10294
78,11,'ayah',0,10295,10301
78,12,'ayah',0,10302,10308
78,13,'ayah',0,10309,10315
78,14,'ayah',0,10316,10322
78,15,'ayah',0,10323,10329
79,1,'ayah',0,10330,10339
79,2,'ayah',0,10340,10349
79,3,'ayah',0,10350,10358
79,4,'ayah',0,10359,10370
79,5,'ayah',0,10371,10380
79,6,'ayah',0,10381,10390
79,7,'ayah',0,10391,10401
79,8,'ayah',0,10402,10413
79,9,'ayah',0,10414,10424
79,10,'ayah',0,10425,10436
79,11,'ayah',0,10437,10446
79,12,'ayah',0,10447,10457
79,13,'ayah',0,10458,10468
79,14,'ayah',0,10469,10479
79,15,'ayah',0,10480,10490
80,1,'ayah',0,10491,10498
80,2,'ayah',0,10499,10505
80,3,'ayah',0,10506,10513
80,4,'ayah',0,10514,10520
80,5,'ayah',0,10521,10528
80,6,'ayah',0,10529,10534
80,7,'ayah',0,10535,10542
80,8,'ayah',0,10543,10550
80,9,'ayah',0,10551,10559
80,10,'ayah',0,10560,10567
80,11,'ayah',0,10568,10575
80,12,'ayah',0,10576,10583
80,13,'ayah',0,10584,10590
80,14,'ayah',0,10591,10599
80,15,'ayah',0,10600,10607
81,1,'ayah',0,10608,10618
81,2,'ayah',0,10619,10626
81,3,'ayah',0,10627,10632
81,4,'ayah',0,10633,10643
81,5,'ayah',0,10644,10651
81,6,'ayah',0,10652,10660
81,7,'ayah',0,10661,10669
81,8,'ayah',0,10670,10682
81,9,'ayah',0,10683,10692
81,10,'ayah',0,10693,10699
81,11,'ayah',0,10700,10707
81,12,'ayah',0,10708,10716
81,13,'ayah',0,10717,10726
81,14,'ayah',0,10727,10734
81,15,'ayah',0,10735,10745
82,1,'ayah',0,10746,10753
82,2,'ayah',0,10754,10763
82,3,'ayah',0,10764,10771
82,4,'ayah',0,10772,10781
82,5,'ayah',0,10782,10792
82,6,'ayah',0,10793,10802
82,7,'ayah',0,10803,10810
82,8,'ayah',0,10811,10817
82,9,'ayah',0,10818,10826
82,10,'ayah',0,10827,10835
82,11,'ayah',0,10836,10845
82,12,'ayah',0,10846,10854
82,13,'ayah',0,10855,10865
82,14,'ayah',0,10866,10874
82,15,'ayah',0,10875,10885
83,1,'ayah',0,10886,10894
83,2,'ayah',0,10895,10903
83,3,'ayah',0,10904,10914
83,4,'ayah',0,10915,10924
83,5,'ayah',0,10925,10933
83,6,'ayah',0,10934,10945
83,7,'ayah',0,10946,10953
83,8,'ayah',0,10954,10965
83,9,'ayah',0,10966,10973
83,10,'ayah',0,10974,10984
83,11,'ayah',0,10985,10993
83,12,'ayah',0,10994,11001
83,13,'ayah',0,11002,11009
83,14,'ayah',0,11010,11015
83,15,'ayah',0,11016,11025
84,1,'ayah',0,11026,11033
84,2,'ayah',0,11034,11042
84,3,'ayah',0,11043,11052
84,4,'ayah',0,11053,11059
84,5,'ayah',0,11060,11066
84,6,'ayah',0,11067,11075
84,7,'ayah',0,11076,11084
84,8,'ayah',0,11085,11092
84,9,'ayah',0,11093,11099
84,10,'ayah',0,11100,11108
84,11,'ayah',0,11109,11119
84,12,'ayah',0,11120,11128
84,13,'ayah',0,11129,11140
84,14,'ayah',0,11141,11150
84,15,'ayah',0,11151,11161
85,1,'ayah',0,11162,11169
85,2,'ayah',0,11170,11178
85,3,'ayah',0,11179,11186
85,4,'ayah',0,11187,11195
85,5,'ayah',0,11196,11206
85,6,'ayah',0,11207,11214
85,7,'ayah',0,11215,11221
85,8,'ayah',0,11222,11231
85,9,'ayah',0,11232,11238
85,10,'ayah',0,11239,11247
85,11,'ayah',0,11248,11256
85,12,'ayah',0,11257,11263
85,13,'ayah',0,11264,11272
85,14,'ayah',0,11273,11280
85,15,'ayah',0,11281,11289
86,1,'ayah',0,11290,11298
86,2,'ayah',0,11299,11307
86,3,'ayah',0,11308,11316
86,4,'ayah',0,11317,11328
86,5,'ayah',0,11329,11337
86,6,'ayah',0,11338,11347
86,7,'ayah',0,11348,11356
86,8,'ayah',0,11357,11366
86,9,'ayah',0,11367,11375
86,10,'ayah',0,11376,11381
86,11,'ayah',0,11382,11390
86,12,'ayah',0,11391,11401
86,13,'ayah',0,11402,11411
86,14,'ayah',0,11412,11420
86,15,'ayah',0,11421,11428
87,1,'ayah',0,11429,11438
87,2,'ayah',0,11439,11447
87,3,'ayah',0,11448,11454
87,4,'ayah',0,11455,11464
87,5,'ayah',0,11465,11472
87,6,'ayah',0,11473,11482
87,7,'ayah',0,11483,11492
87,8,'ayah',0,11493,11502
87,9,'ayah',0,11503,11512
87,10,'ayah',0,11513,11520
87,11,'ayah',0,11521,11529
87,12,'ayah',0,11530,11540
87,13,'ayah',0,11541,11550
87,14,'ayah',0,11551,11559
87,15,'ayah',0,11560,11568
88,1,'ayah',0,11569,11578
88,2,'ayah',0,11579,11586
88,3,'ayah',0,11587,11593
88,4,'ayah',0,11594,11602
88,5,'ayah',0,11603,11611
88,6,'ayah',0,11612,11621
88,7,'ayah',0,11622,11631
88,8,'ayah',0,11632,11637
88,9,'ayah',0,11638,11647
88,10,'ayah',0,11648,11656
88,11,'ayah',0,11657,11665
88,12,'ayah',0,11666,11674
88,13,'ayah',0,11675,11683
88,14,'ayah',0,11684,11692
88,15,'ayah',0,11693,11701
89,1,'ayah',0,11702,11709
89,2,'ayah',0,11710,11715
89,3,'ayah',0,11716,11723
89,4,'ayah',0,11724,11732
89,5,'ayah',0,11733,11742
89,6,'ayah',0,11743,11751
89,7,'ayah',0,11752,11762
89,8,'ayah',0,11763,11771
89,9,'ayah',0,11772,11780
89,10,'ayah',0,11781,11788
89,11,'ayah',0,11789,11798
89,12,'ayah',0,11799,11806
89,13,'ayah',0,11807,11813
89,14,'ayah',0,11814,11821
89,15,'ayah',0,11822,11830
90,1,'ayah',0,11831,11838
90,2,'ayah',0,11839,11845
90,3,'ayah',0,11846,11857
90,4,'ayah',0,11858,11865
90,5,'ayah',0,11866,11873
90,6,'ayah',0,11874,11883
90,7,'ayah',0,11884,11892
90,8,'ayah',0,11893,11902
90,9,'ayah',0,11903,11911
90,10,'ayah',0,11912,11920
90,11,'ayah',0,11921,11931
90,12,'ayah',0,11932,11941
90,13,'ayah',0,11942,11950
90,14,'ayah',0,11951,11959
90,15,'ayah',0,11960,11969
91,1,'ayah',0,11970,11977
91,2,'ayah',0,11978,11986
91,3,'ayah',0,11987,11996
91,4,'ayah',0,11997,12006
91,5,'ayah',0,12007,12017
91,6,'ayah',0,12018,12027
91,7,'ayah',0,12028,12035
91,8,'ayah',0,12036,12046
91,9,'ayah',0,12047,12055
91,10,'ayah',0,12056,12065
91,11,'ayah',0,12066,12074
91,12,'ayah',0,12075,12086
91,13,'ayah',0,12087,12096
91,14,'ayah',0,12097,12108
91,15,'ayah',0,12109,12119
92,1,'ayah',0,12120,12128
92,2,'ayah',0,12129,12137
92,3,'ayah',0,12138,12147
92,4,'ayah',0,12148,12155
92,5,'ayah',0,12156,12163
92,6,'ayah',0,12164,12172
92,7,'ayah',0,12173,12180
92,8,'ayah',0,12181,12187
92,9,'ayah',0,12188,12195
92,10,'ayah',0,12196,12202
92,11,'ayah',0,12203,12210
92,12,'ayah',0,12211,12219
92,13,'ayah',0,12220,12227
92,14,'ayah',0,12228,12233
92,15,'ayah',0,12234,12241
93,1,'ayah',0,12242,12253
93,2,'ayah',0,12254,12263
93,3,'ayah',0,12264,12275
93,4,'ayah',0,12276,12285
93,5,'ayah',0,12286,12294
93,6,'ayah',0,12295,12306
93,7,'ayah',0,12307,12316
93,8,'ayah',0,12317,12327
93,9,'ayah',0,12328,12337
93,10,'ayah',0,12338,12347
93,11,'ayah',0,12348,12359
93,12,'ayah',0,12360,12368
93,13,'ayah',0,12369,12376
93,14,'ayah',0,12377,12384
93,15,'ayah',0,12385,12393
94,1,'ayah',0,12394,12400
94,2,'ayah',0,12401,12408
94,3,'ayah',0,12409,12416
94,4,'ayah',0,12417,12423
94,5,'ayah',0,12424,12430
94,6,'ayah',0,12431,12436
94,7,'ayah',0,12437,12443
94,8,'ayah',0,12444,12451
94,9,'ayah',0,12452,12460
94,10,'ayah',0,12461,12468
94,11,'ayah',0,12469,12476
94,12,'ayah',0,12477,12486
94,13,'ayah',0,12487,12494
94,14,'ayah',0,12495,12502
94,15,'ayah',0,12503,12510
95,1,'ayah',0,12511,12518
95,2,'ayah',0,12519,12525
95,3,'ayah',0,12526,12533
95,4,'ayah',0,12534,12539
95,5,'ayah',0,12540,12546
95,6,'ayah',0,12547,12555
95,7,'ayah',0,12556,12564
95,8,'ayah',0,12565,12573
95,9,'ayah',0,12574,12580
95,10,'ayah',0,12581,12587
95,11,'ayah',0,12588,12596
95,12,'ayah',0,12597,12604
95,13,'ayah',0,12605,12614
95,14,'ayah',0,12615,12624
95,15,'ayah',0,12625,12633
96,1,'ayah',0,12634,12643
96,2,'ayah',0,12644,12651
96,3,'ayah',0,12652,12660
96,4,'ayah',0,12661,12669
96,5,'ayah',0,12670,12678
96,6,'ayah',0,12679,12686
96,7,'ayah',0,12687,12695
96,8,'ayah',0,12696,12706
96,9,'ayah',0,12707,12716
96,10,'ayah',0,12717,12725
96,11,'ayah',0,12726,12735
96,12,'ayah',0,12736,12744
96,13,'ayah',0,12745,12753
96,14,'ayah',0,12754,12761
96,15,'ayah',0,12762,12772
97,1,'ayah',0,12773,12782
97,2,'ayah',0,12783,12791
97,3,'ayah',0,12792,12799
97,4,'ayah',0,12800,12808
97,5,'ayah',0,12809,12816
97,6,'ayah',0,12817,12826
97,7,'ayah',0,12827,12836
97,8,'ayah',0,12837,12846
97,9,'ayah',0,12847,12855
97,10,'ayah',0,12856,12862
97,11,'ayah',0,12863,12867
97,12,'ayah',0,12868,12874
97,13,'ayah',0,12875,12884
97,14,'ayah',0,12885,12892
97,15,'ayah',0,12893,12900
98,1,'ayah',0,12901,12906
98,2,'ayah',0,12907,12915
98,3,'ayah',0,12916,12924
98,4,'ayah',0,12925,12933
98,5,'ayah',0,12934,12944
98,6,'ayah',0,12945,12953
98,7,'ayah',0,12954,12961
98,8,'ayah',0,12962,12970
98,9,'ayah',0,12971,12979
98,10,'ayah',0,12980,12989
98,11,'ayah',0,12990,12997
98,12,'ayah',0,12998,13007
98,13,'ayah',0,13008,13015
98,14,'ayah',0,13016,13021
98,15,'ayah',0,13022,13032
99,1,'ayah',0,13033,13041
99,2,'ayah',0,13042,13049
99,3,'ayah',0,13050,13057
99,4,'ayah',0,13058,13066
99,5,'ayah',0,13067,13075
99,6,'ayah',0,13076,13083
99,7,'ayah',0,13084,13093
99,8,'ayah',0,13094,13104
99,9,'ayah',0,13105,13112
99,10,'ayah',0,13113,13123
99,11,'ayah',0,13124,13133
99,12,'ayah',0,13134,13143
99,13,'ayah',0,13144,13151
99,14,'ayah',0,13152,13161
99,15,'ayah',0,13162,13169
100,1,'ayah',0,13170,13177
100,2,'ayah',0,13178,13186
100,3,'ayah',0,13187,13196
100,4,'ayah',0,13197,13207
100,5,'ayah',0,13208,13215
100,6,'ayah',0,13216,13225
100,7,'ayah',0,13226,13233
100,8,'ayah',0,13234,13245
100,9,'ayah',0,13246,13255
100,10,'ayah',0,13256,13265
100,11,'ayah',0,13266,13272
100,12,'ayah',0,13273,13283
100,13,'ayah',0,13284,13294
100,14,'ayah',0,13295,13304
100,15,'ayah',0,13305,13313
101,1,'ayah',0,13314,13323
101,2,'ayah',0,13324,13332
101,3,'ayah',0,13333,13340
101,4,'ayah',0,13341,13348
101,5,'ayah',0,13349,13357
101,6,'ayah',0,13358,13365
101,7,'ayah',0,13366,13375
101,8,'ayah',0,13376,13385
101,9,'ayah',0,13386,13394
101,10,'ayah',0,13395,13403
101,11,'ayah',0,13404,13413
101,12,'ayah',0,13414,13422
101,13,'ayah',0,13423,13430
101,14,'ayah',0,13431,13439
101,15,'ayah',0,13440,13448
102,1,'ayah',0,13449,13458
102,2,'ayah',0,13459,13470
102,3,'ayah',0,13471,13481
102,4,'ayah',0,13482,13489
102,5,'ayah',0,13490,13496
102,6,'ayah',0,13497,13505
102,7,'ayah',0,13506,13513
102,8,'ayah',0,13514,13522
102,9,'ayah',0,13523,13532
102,10,'ayah',0,13533,13542
102,11,'ayah',0,13543,13550
102,12,'ayah',0,13551,13559
102,13,'ayah',0,13560,13568
102,14,'ayah',0,13569,13576
102,15,'ayah',0,13577,13586
103,1,'ayah',0,13587,13594
103,2,'ayah',0,13595,13604
103,3,'ayah',0,13605,13614
103,4,'ayah',0,13615,13624
103,5,'ayah',0,13625,13634
103,6,'ayah',0,13635,13646
103,7,'ayah',0,13647,13658
103,8,'ayah',0,13659,13669
103,9,'ayah',0,13670,13679
103,10,'ayah',0,13680,13688
103,11,'ayah',0,13689,13698
103,12,'ayah',0,13699,13706
103,13,'ayah',0,13707,13715
103,14,'ayah',0,13716,13723
103,15,'ayah',0,13724,13732
104,1,'ayah',0,13733,13742
104,2,'ayah',0,13743,13749
104,3,'ayah',0,13750,13755
104,4,'ayah',0,13756,13764
104,5,'ayah',0,13765,13773
104,6,'ayah',0,13774,13781
104,7,'ayah',0,13782,13791
104,8,'ayah',0,13792,13799
104,9,'ayah',0,13800,13808
104,10,'ayah',0,13809,13818
104,11,'ayah',0,13819,13828
104,12,'ayah',0,13829,13837
104,13,'ayah',0,13838,13846
104,14,'ayah',0,13847,13855
104,15,'ayah',0,13856,13864
105,1,'ayah',0,13865,13874
105,2,'ayah',0,13875,13884
105,3,'ayah',0,13885,13893
105,4,'ayah',0,13894,13902
105,5,'ayah',0,13903,13913
105,6,'ayah',0,13914,13922
105,7,'ayah',0,13923,13930
105,8,'ayah',0,13931,13938
105,9,'ayah',0,13939,13944
105,10,'ayah',0,13945,13951
105,11,'ayah',0,13952,13960
105,12,'ayah',0,13961,13969
105,13,'ayah',0,13970,13978
105,14,'ayah',0,13979,13985
105,15,'ayah',0,13986,13992
106,1,'ayah',0,13993,14001
106,2,'ayah',0,14002,14012
106,3,'ayah',0,14013,14023
106,4,'ayah',0,14024,14032
106,5,'ayah',0,14033,14043
106,6,'surah_name',1,5,
106,7,'basmallah',1,5,
106,8,'ayah',0,14044,14051
106,9,'ayah',0,14052,14061
106,10,'ayah',0,14062,14073
106,11,'ayah',0,14074,14083
106,12,'ayah',0,14084,14092
106,13,'ayah',0,14093,14101
106,14,'ayah',0,14102,14111
106,15,'ayah',0,14112,14120
107,1,'ayah',0,14121,14129
107,2,'ayah',0,14130,14136
107,3,'ayah',0,14137,14147
107,4,'ayah',0,14148,14156
107,5,'ayah',0,14157,14164
107,6,'ayah',0,14165,14173
107,7,'ayah',0,14174,14183
107,8,'ayah',0,14184,14194
107,9,'ayah',0,14195,14203
107,10,'ayah',0,14204,14214
107,11,'ayah',0,14215,14223
107,12,'ayah',0,14224,14231
107,13,'ayah',0,14232,14240
107,14,'ayah',0,14241,14248
107,15,'ayah',0,14249,14258
108,1,'ayah',0,14259,14266
108,2,'ayah',0,14267,14272
108,3,'ayah',0,14273,14280
108,4,'ayah',0,14281,14291
108,5,'ayah',0,14292,14299
108,6,'ayah',0,14300,14307
108,7,'ayah',0,14308,14314
108,8,'ayah',0,14315,14321
108,9,'ayah',0,14322,14329
108,10,'ayah',0,14330,14338
108,11,'ayah',0,14339,14346
108,12,'ayah',0,14347,14353
108,13,'ayah',0,14354,14360
108,14,'ayah',0,14361,14370
108,15,'ayah',0,14371,14378
109,1,'ayah',0,14379,14384
109,2,'ayah',0,14385,14392
109,3,'ayah',0,14393,14400
109,4,'ayah',0,14401,14408
109,5,'ayah',0,14409,14416
109,6,'ayah',0,14417,14425
109,7,'ayah',0,14426,14431
109,8,'ayah',0,14432,14437
109,9,'ayah',0,14438,14443
109,10,'ayah',0,14444,14451
109,11,'ayah',0,14452,14459
109,12,'ayah',0,14460,14465
109,13,'ayah',0,14466,14474
109,14,'ayah',0,14475,14482
109,15,'ayah',0,14483,14489
110,1,'ayah',0,14490,14496
110,2,'ayah',0,14497,14503
110,3,'ayah',0,14504,14509
110,4,'ayah',0,14510,14516
110,5,'ayah',0,14517,14523
110,6,'ayah',0,14524,14530
110,7,'ayah',0,14531,14537
110,8,'ayah',0,14538,14545
110,9,'ayah',0,14546,14552
110,10,'ayah',0,14553,14559
110,11,'ayah',0,14560,14568
110,12,'ayah',0,14569,14578
110,13,'ayah',0,14579,14586
110,14,'ayah',0,14587,14593
110,15,'ayah',0,14594,14601
111,1,'ayah',0,14602,14609
111,2,'ayah',0,14610,14619
111,3,'ayah',0,14620,14628
111,4,'ayah',0,14629,14637
111,5,'ayah',0,14638,14648
111,6,'ayah',0,14649,14658
111,7,'ayah',0,14659,14668
111,8,'ayah',0,14669,14677
111,9,'ayah',0,14678,14687
111,10,'ayah',0,14688,14696
111,11,'ayah',0,14697,14705
111,12,'ayah',0,14706,14714
111,13,'ayah',0,14715,14723
111,14,'ayah',0,14724,14730
111,15,'ayah',0,14731,14739
112,1,'ayah',0,14740,14749
112,2,'ayah',0,14750,14759
112,3,'ayah',0,14760,14768
112,4,'ayah',0,14769,14776
112,5,'ayah',0,14777,14785
112,6,'ayah',0,14786,14795
112,7,'ayah',0,14796,14804
112,8,'ayah',0,14805,14814
112,9,'ayah',0,14815,14822
112,10,'ayah',0,14823,14832
112,11,'ayah',0,14833,14841
112,12,'ayah',0,14842,14851
112,13,'ayah',0,14852,14860
112,14,'ayah',0,14861,14869
112,15,'ayah',0,14870,14877
113,1,'ayah',0,14878,14887
113,2,'ayah',0,14888,14897
113,3,'ayah',0,14898,14905
113,4,'ayah',0,14906,14914
113,5,'ayah',0,14915,14922
113,6,'ayah',0,14923,14931
113,7,'ayah',0,14932,14939
113,8,'ayah',0,14940,14947
113,9,'ayah',0,14948,14956
113,10,'ayah',0,14957,14965
113,11,'ayah',0,14966,14973
113,12,'ayah',0,14974,14979
113,13,'ayah',0,14980,14989
113,14,'ayah',0,14990,14997
113,15,'ayah',0,14998,15006
114,1,'ayah',0,15007,15014
114,2,'ayah',0,15015,15022
114,3,'ayah',0,15023,15031
114,4,'ayah',0,15032,15041
114,5,'ayah',0,15042,15052
114,6,'ayah',0,15053,15060
114,7,'ayah',0,15061,15070
114,8,'ayah',0,15071,15079
114,9,'ayah',0,15080,15086
114,10,'ayah',0,15087,15093
114,11,'ayah',0,15094,15100
114,12,'ayah',0,15101,15108
114,13,'ayah',0,15109,15118
114,14,'ayah',0,15119,15127
114,15,'ayah',0,15128,15136
115,1,'ayah',0,15137,15143
115,2,'ayah',0,15144,15152
115,3,'ayah',0,15153,15161
115,4,'ayah',0,15162,15168
115,5,'ayah',0,15169,15177
115,6,'ayah',0,15178,15185
115,7,'ayah',0,15186,15192
115,8,'ayah',0,15193,15198
115,9,'ayah',0,15199,15206
115,10,'ayah',0,15207,15215
115,11,'ayah',0,15216,15223
115,12,'ayah',0,15224,15230
115,13,'ayah',0,15231,15236
115,14,'ayah',0,15237,15244
115,15,'ayah',0,15245,15253
116,1,'ayah',0,15254,15262
116,2,'ayah',0,15263,15270
116,3,'ayah',0,15271,15278
116,4,'ayah',0,15279,15288
116,5,'ayah',0,15289,15298
116,6,'ayah',0,15299,15307
116,7,'ayah',0,15308,15316
116,8,'ayah',0,15317,15325
116,9,'ayah',0,15326,15334
116,10,'ayah',0,15335,15344
116,11,'ayah',0,15345,15355
116,12,'ayah',0,15356,15364
116,13,'ayah',0,15365,15375
116,14,'ayah',0,15376,15384
116,15,'ayah',0,15385,15394
117,1,'ayah',0,15395,15402
117,2,'ayah',0,15403,15410
117,3,'ayah',0,15411,15420
117,4,'ayah',0,15421,15428
117,5,'ayah',0,15429,15438
117,6,'ayah',0,15439,15447
117,7,'ayah',0,15448,15455
117,8,'ayah',0,15456,15463
117,9,'ayah',0,15464,15473
117,10,'ayah',0,15474,15481
117,11,'ayah',0,15482,15490
117,12,'ayah',0,15491,15500
117,13,'ayah',0,15501,15508
117,14,'ayah',0,15509,15517
117,15,'ayah',0,15518,15526
118,1,'ayah',0,15527,15534
118,2,'ayah',0,15535,15542
118,3,'ayah',0,15543,15551
118,4,'ayah',0,15552,15559
118,5,'ayah',0,15560,15568
118,6,'ayah',0,15569,15579
118,7,'ayah',0,15580,15589
118,8,'ayah',0,15590,15598
118,9,'ayah',0,15599,15605
118,10,'ayah',0,15606,15614
118,11,'ayah',0,15615,15624
118,12,'ayah',0,15625,15633
118,13,'ayah',0,15634,15641
118,14,'ayah',0,15642,15649
118,15,'ayah',0,15650,15657
119,1,'ayah',0,15658,15666
119,2,'ayah',0,15667,15674
119,3,'ayah',0,15675,15684
119,4,'ayah',0,15685,15692
119,5,'ayah',0,15693,15701
119,6,'ayah',0,15702,15711
119,7,'ayah',0,15712,15720
119,8,'ayah',0,15721,15729
119,9,'ayah',0,15730,15738
119,10,'ayah',0,15739,15749
119,11,'ayah',0,15750,15759
119,12,'ayah',0,15760,15770
119,13,'ayah',0,15771,15779
119,14,'ayah',0,15780,15789
119,15,'ayah',0,15790,15799
120,1,'ayah',0,15800,15807
120,2,'ayah',0,15808,15818
120,3,'ayah',0,15819,15827
120,4,'ayah',0,15828,15837
120,5,'ayah',0,15838,15847
120,6,'ayah',0,15848,15858
120,7,'ayah',0,15859,15870
120,8,'ayah',0,15871,15879
120,9,'ayah',0,15880,15889
120,10,'ayah',0,15890,15901
120,11,'ayah',0,15902,15913
120,12,'ayah',0,15914,15923
120,13,'ayah',0,15924,15934
120,14,'ayah',0,15935,15944
120,15,'ayah',0,15945,15955
121,1,'ayah',0,15956,15967
121,2,'ayah',0,15968,15978
121,3,'ayah',0,15979,15988
121,4,'ayah',0,15989,15997
121,5,'ayah',0,15998,16006
121,6,'ayah',0,16007,16016
121,7,'ayah',0,16017,16025
121,8,'ayah',0,16026,16034
121,9,'ayah',0,16035,16043
121,10,'ayah',0,16044,16052
121,11,'ayah',0,16053,16059
121,12,'ayah',0,16060,16067
121,13,'ayah',0,16068,16073
121,14,'ayah',0,16074,16081
121,15,'ayah',0,16082,16088
122,1,'ayah',0,16089,16097
122,2,'ayah',0,16098,16107
122,3,'ayah',0,16108,16118
122,4,'ayah',0,16119,16127
122,5,'ayah',0,16128,16136
122,6,'ayah',0,16137,16144
122,7,'ayah',0,16145,16152
122,8,'ayah',0,16153,16163
122,9,'ayah',0,16164,16174
122,10,'ayah',0,16175,16184
122,11,'ayah',0,16185,16192
122,12,'ayah',0,16193,16200
122,13,'ayah',0,16201,16210
122,14,'ayah',0,16211,16218
122,15,'ayah',0,16219,16227
123,1,'ayah',0,16228,16235
123,2,'ayah',0,16236,16245
123,3,'ayah',0,16246,16254
123,4,'ayah',0,16255,16264
123,5,'ayah',0,16265,16272
123,6,'ayah',0,16273,16283
123,7,'ayah',0,16284,16293
123,8,'ayah',0,16294,16304
123,9,'ayah',0,16305,16313
123,10,'ayah',0,16314,16322
123,11,'ayah',0,16323,16334
123,12,'ayah',0,16335,16345
123,13,'ayah',0,16346,16356
123,14,'ayah',0,16357,16366
123,15,'ayah',0,16367,16378
124,1,'ayah',0,16379,16386
124,2,'ayah',0,16387,16396
124,3,'ayah',0,16397,16405
124,4,'ayah',0,16406,16412
124,5,'ayah',0,16413,16424
124,6,'ayah',0,16425,16435
124,7,'ayah',0,16436,16446
124,8,'ayah',0,16447,16455
124,9,'ayah',0,16456,16463
124,10,'ayah',0,16464,16473
124,11,'ayah',0,16474,16483
124,12,'ayah',0,16484,16494
124,13,'ayah',0,16495,16505
124,14,'ayah',0,16506,16514
124,15,'ayah',0,16515,16523
125,1,'ayah',0,16524,16534
125,2,'ayah',0,16535,16544
125,3,'ayah',0,16545,16554
125,4,'ayah',0,16555,16564
125,5,'ayah',0,16565,16574
125,6,'ayah',0,16575,16583
125,7,'ayah',0,16584,16593
125,8,'ayah',0,16594,16601
125,9,'ayah',0,16602,16613
125,10,'ayah',0,16614,16625
125,11,'ayah',0,16626,16633
125,12,'ayah',0,16634,16640
125,13,'ayah',0,16641,16651
125,14,'ayah',0,16652,16661
125,15,'ayah',0,16662,16670
126,1,'ayah',0,16671,16681
126,2,'ayah',0,16682,16692
126,3,'ayah',0,16693,16700
126,4,'ayah',0,16701,16709
126,5,'ayah',0,16710,16716
126,6,'ayah',0,16717,16724
126,7,'ayah',0,16725,16732
126,8,'ayah',0,16733,16740
126,9,'ayah',0,16741,16750
126,10,'ayah',0,16751,16759
126,11,'ayah',0,16760,16767
126,12,'ayah',0,16768,16776
126,13,'ayah',0,16777,16786
126,14,'ayah',0,16787,16794
126,15,'ayah',0,16795,16802
127,1,'ayah',0,16803,16813
127,2,'ayah',0,16814,16822
127,3,'ayah',0,16823,16833
127,4,'ayah',0,16834,16843
127,5,'ayah',0,16844,16853
127,6,'ayah',0,16854,16865
127,7,'ayah',0,16866,16878
127,8,'ayah',0,16879,16891
127,9,'ayah',0,16892,16902
127,10,'ayah',0,16903,16912
127,11,'ayah',0,16913,16923
127,12,'ayah',0,16924,16935
127,13,'ayah',0,16936,16944
127,14,'ayah',0,16945,16955
127,15,'ayah',0,16956,16967
128,1,'surah_name',1,6,
128,2,'basmallah',1,6,
128,3,'ayah',0,16968,16975
128,4,'ayah',0,16976,16984
128,5,'ayah',0,16985,16995
128,6,'ayah',0,16996,17005
128,7,'ayah',0,17006,17016
128,8,'ayah',0,17017,17027
128,9,'ayah',0,17028,17038
128,10,'ayah',0,17039,17049
128,11,'ayah',0,17050,17058
128,12,'ayah',0,17059,17067
128,13,'ayah',0,17068,17076
128,14,'ayah',0,17077,17087
128,15,'ayah',0,17088,17098
129,1,'ayah',0,17099,17106
129,2,'ayah',0,17107,17114
129,3,'ayah',0,17115,17124
129,4,'ayah',0,17125,17133
129,5,'ayah',0,17134,17144
129,6,'ayah',0,17145,17153
129,7,'ayah',0,17154,17164
129,8,'ayah',0,17165,17174
129,9,'ayah',0,17175,17182
129,10,'ayah',0,17183,17192
129,11,'ayah',0,17193,17201
129,12,'ayah',0,17202,17210
129,13,'ayah',0,17211,17219
129,14,'ayah',0,17220,17230
129,15,'ayah',0,17231,17240
130,1,'ayah',0,17241,17250
130,2,'ayah',0,17251,17259
130,3,'ayah',0,17260,17270
130,4,'ayah',0,17271,17280
130,5,'ayah',0,17281,17288
130,6,'ayah',0,17289,17300
130,7,'ayah',0,17301,17310
130,8,'ayah',0,17311,17318
130,9,'ayah',0,17319,17331
130,10,'ayah',0,17332,17340
130,11,'ayah',0,17341,17350
130,12,'ayah',0,17351,17360
130,13,'ayah',0,17361,17370
130,14,'ayah',0,17371,17380
130,15,'ayah',0,17381,17389
131,1,'ayah',0,17390,17400
131,2,'ayah',0,17401,17411
131,3,'ayah',0,17412,17421
131,4,'ayah',0,17422,17431
131,5,'ayah',0,17432,17441
131,6,'ayah',0,17442,17450
131,7,'ayah',0,17451,17460
131,8,'ayah',0,17461,17470
131,9,'ayah',0,17471,17480
131,10,'ayah',0,17481,17489
131,11,'ayah',0,17490,17498
131,12,'ayah',0,17499,17506
131,13,'ayah',0,17507,17515
131,14,'ayah',0,17516,17524
131,15,'ayah',0,17525,17532
132,1,'ayah',0,17533,17541
132,2,'ayah',0,17542,17553
132,3,'ayah',0,17554,17563
132,4,'ayah',0,17564,17572
132,5,'ayah',0,17573,17585
132,6,'ayah',0,17586,17596
132,7,'ayah',0,17597,17606
132,8,'ayah',0,17607,17617
132,9,'ayah',0,17618,17628
132,10,'ayah',0,17629,17638
132,11,'ayah',0,17639,17649
132,12,'ayah',0,17650,17659
132,13,'ayah',0,17660,17670
132,14,'ayah',0,17671,17679
132,15,'ayah',0,17680,17689
133,1,'ayah',0,17690,17700
133,2,'ayah',0,17701,17710
133,3,'ayah',0,17711,17718
133,4,'ayah',0,17719,17727
133,5,'ayah',0,17728,17737
133,6,'ayah',0,17738,17747
133,7,'ayah',0,17748,17757
133,8,'ayah',0,17758,17765
133,9,'ayah',0,17766,17775
133,10,'ayah',0,17776,17782
133,11,'ayah',0,17783,17792
133,12,'ayah',0,17793,17804
133,13,'ayah',0,17805,17813
133,14,'ayah',0,17814,17822
133,15,'ayah',0,17823,17831
134,1,'ayah',0,17832,17838
134,2,'ayah',0,17839,17846
134,3,'ayah',0,17847,17854
134,4,'ayah',0,17855,17862
134,5,'ayah',0,17863,17871
134,6,'ayah',0,17872,17879
134,7,'ayah',0,17880,17889
134,8,'ayah',0,17890,17898
134,9,'ayah',0,17899,17906
134,10,'ayah',0,17907,17916
134,11,'ayah',0,17917,17927
134,12,'ayah',0,17928,17938
134,13,'ayah',0,17939,17949
134,14,'ayah',0,17950,17959
134,15,'ayah',0,17960,17968
135,1,'ayah',0,17969,17979
135,2,'ayah',0,17980,17990
135,3,'ayah',0,17991,18002
135,4,'ayah',0,18003,18012
135,5,'ayah',0,18013,18023
135,6,'ayah',0,18024,18033
135,7,'ayah',0,18034,18043
135,8,'ayah',0,18044,18054
135,9,'ayah',0,18055,18063
135,10,'ayah',0,18064,18074
135,11,'ayah',0,18075,18086
135,12,'ayah',0,18087,18097
135,13,'ayah',0,18098,18106
135,14,'ayah',0,18107,18116
135,15,'ayah',0,18117,18127
136,1,'ayah',0,18128,18136
136,2,'ayah',0,18137,18146
136,3,'ayah',0,18147,18156
136,4,'ayah',0,18157,18166
136,5,'ayah',0,18167,18176
136,6,'ayah',0,18177,18188
136,7,'ayah',0,18189,18199
136,8,'ayah',0,18200,18210
136,9,'ayah',0,18211,18222
136,10,'ayah',0,18223,18232
136,11,'ayah',0,18233,18243
136,12,'ayah',0,18244,18253
136,13,'ayah',0,18254,18263
136,14,'ayah',0,18264,18273
136,15,'ayah',0,18274,18284
137,1,'ayah',0,18285,18292
137,2,'ayah',0,18293,18301
137,3,'ayah',0,18302,18307
137,4,'ayah',0,18308,18317
137,5,'ayah',0,18318,18328
137,6,'ayah',0,18329,18339
137,7,'ayah',0,18340,18348
137,8,'ayah',0,18349,18357
137,9,'ayah',0,18358,18367
137,10,'ayah',0,18368,18376
137,11,'ayah',0,18377,18385
137,12,'ayah',0,18386,18396
137,13,'ayah',0,18397,18405
137,14,'ayah',0,18406,18415
137,15,'ayah',0,18416,18424
138,1,'ayah',0,18425,18432
138,2,'ayah',0,18433,18440
138,3,'ayah',0,18441,18451
138,4,'ayah',0,18452,18459
138,5,'ayah',0,18460,18467
138,6,'ayah',0,18468,18474
138,7,'ayah',0,18475,18482
138,8,'ayah',0,18483,18491
138,9,'ayah',0,18492,18497
138,10,'ayah',0,18498,18507
138,11,'ayah',0,18508,18517
138,12,'ayah',0,18518,18524
138,13,'ayah',0,18525,18535
138,14,'ayah',0,18536,18542
138,15,'ayah',0,18543,18552
139,1,'ayah',0,18553,18564
139,2,'ayah',0,18565,18575
139,3,'ayah',0,18576,18582
139,4,'ayah',0,18583,18593
139,5,'ayah',0,18594,18602
139,6,'ayah',0,18603,18611
139,7,'ayah',0,18612,18620
139,8,'ayah',0,18621,18632
139,9,'ayah',0,18633,18644
139,10,'ayah',0,18645,18652
139,11,'ayah',0,18653,18661
139,12,'ayah',0,18662,18672
139,13,'ayah',0,18673,18681
139,14,'ayah',0,18682,18690
139,15,'ayah',0,18691,18700
140,1,'ayah',0,18701,18710
140,2,'ayah',0,18711,18720
140,3,'ayah',0,18721,18728
140,4,'ayah',0,18729,18738
140,5,'ayah',0,18739,18748
140,6,'ayah',0,18749,18756
140,7,'ayah',0,18757,18766
140,8,'ayah',0,18767,18775
140,9,'ayah',0,18776,18785
140,10,'ayah',0,18786,18793
140,11,'ayah',0,18794,18803
140,12,'ayah',0,18804,18812
140,13,'ayah',0,18813,18821
140,14,'ayah',0,18822,18831
140,15,'ayah',0,18832,18842
141,1,'ayah',0,18843,18853
141,2,'ayah',0,18854,18864
141,3,'ayah',0,18865,18873
141,4,'ayah',0,18874,18882
141,5,'ayah',0,18883,18890
141,6,'ayah',0,18891,18900
141,7,'ayah',0,18901,18911
141,8,'ayah',0,18912,18920
141,9,'ayah',0,18921,18930
141,10,'ayah',0,18931,18940
141,11,'ayah',0,18941,18949
141,12,'ayah',0,18950,18958
141,13,'ayah',0,18959,18967
141,14,'ayah',0,18968,18975
141,15,'ayah',0,18976,18984
142,1,'ayah',0,18985,18991
142,2,'ayah',0,18992,19002
142,3,'ayah',0,19003,19011
142,4,'ayah',0,19012,19019
142,5,'ayah',0,19020,19028
142,6,'ayah',0,19029,19037
142,7,'ayah',0,19038,19045
142,8,'ayah',0,19046,19054
142,9,'ayah',0,19055,19062
142,10,'ayah',0,19063,19071
142,11,'ayah',0,19072,19080
142,12,'ayah',0,19081,19090
142,13,'ayah',0,19091,19101
142,14,'ayah',0,19102,19111
142,15,'ayah',0,19112,19122
143,1,'ayah',0,19123,19133
143,2,'ayah',0,19134,19143
143,3,'ayah',0,19144,19151
143,4,'ayah',0,19152,19159
143,5,'ayah',0,19160,19168
143,6,'ayah',0,19169,19178
143,7,'ayah',0,19179,19185
143,8,'ayah',0,19186,19194
143,9,'ayah',0,19195,19204
143,10,'ayah',0,19205,19213
143,11,'ayah',0,19214,19222
143,12,'ayah',0,19223,19230
143,13,'ayah',0,19231,19241
143,14,'ayah',0,19242,19249
143,15,'ayah',0,19250,19258
144,1,'ayah',0,19259,19266
144,2,'ayah',0,19267,19275
144,3,'ayah',0,19276,19284
144,4,'ayah',0,19285,19293
144,5,'ayah',0,19294,19302
144,6,'ayah',0,19303,19310
144,7,'ayah',0,19311,19318
144,8,'ayah',0,19319,19326
144,9,'ayah',0,19327,19334
144,10,'ayah',0,19335,19345
144,11,'ayah',0,19346,19353
144,12,'ayah',0,19354,19360
144,13,'ayah',0,19361,19366
144,14,'ayah',0,19367,19373
144,15,'ayah',0,19374,19381
145,1,'ayah',0,19382,19390
145,2,'ayah',0,19391,19398
145,3,'ayah',0,19399,19407
145,4,'ayah',0,19408,19415
145,5,'ayah',0,19416,19424
145,6,'ayah',0,19425,19433
145,7,'ayah',0,19434,19441
145,8,'ayah',0,19442,19450
145,9,'ayah',0,19451,19457
145,10,'ayah',0,19458,19464
145,11,'ayah',0,19465,19473
145,12,'ayah',0,19474,19481
145,13,'ayah',0,19482,19487
145,14,'ayah',0,19488,19492
145,15,'ayah',0,19493,19501
146,1,'ayah',0,19502,19509
146,2,'ayah',0,19510,19516
146,3,'ayah',0,19517,19524
146,4,'ayah',0,19525,19534
146,5,'ayah',0,19535,19541
146,6,'ayah',0,19542,19548
146,7,'ayah',0,19549,19557
146,8,'ayah',0,19558,19566
146,9,'ayah',0,19567,19575
146,10,'ayah',0,19576,19581
146,11,'ayah',0,19582,19586
146,12,'ayah',0,19587,19595
146,13,'ayah',0,19596,19604
146,14,'ayah',0,19605,19612
146,15,'ayah',0,19613,19621
147,1,'ayah',0,19622,19629
147,2,'ayah',0,19630,19637
147,3,'ayah',0,19638,19645
147,4,'ayah',0,19646,19653
147,5,'ayah',0,19654,19661
147,6,'ayah',0,19662,19671
147,7,'ayah',0,19672,19681
147,8,'ayah',0,19682,19693
147,9,'ayah',0,19694,19702
147,10,'ayah',0,19703,19711
147,11,'ayah',0,19712,19721
147,12,'ayah',0,19722,19730
147,13,'ayah',0,19731,19738
147,14,'ayah',0,19739,19748
147,15,'ayah',0,19749,19755
148,1,'ayah',0,19756,19764
148,2,'ayah',0,19765,19772
148,3,'ayah',0,19773,19783
148,4,'ayah',0,19784,19792
148,5,'ayah',0,19793,19801
148,6,'ayah',0,19802,19810
148,7,'ayah',0,19811,19818
148,8,'ayah',0,19819,19826
148,9,'ayah',0,19827,19834
148,10,'ayah',0,19835,19841
148,11,'ayah',0,19842,19851
148,12,'ayah',0,19852,19859
148,13,'ayah',0,19860,19867
148,14,'ayah',0,19868,19877
148,15,'ayah',0,19878,19887
149,1,'ayah',0,19888,19897
149,2,'ayah',0,19898,19904
149,3,'ayah',0,19905,19914
149,4,'ayah',0,19915,19923
149,5,'ayah',0,19924,19931
149,6,'ayah',0,19932,19941
149,7,'ayah',0,19942,19949
149,8,'ayah',0,19950,19957
149,9,'ayah',0,19958,19965
149,10,'ayah',0,19966,19974
149,11,'ayah',0,19975,19983
149,12,'ayah',0,19984,19993
149,13,'ayah',0,19994,20002
149,14,'ayah',0,20003,20010
149,15,'ayah',0,20011,20019
150,1,'ayah',0,20020,20030
150,2,'ayah',0,20031,20041
150,3,'ayah',0,20042,20053
150,4,'ayah',0,20054,20062
150,5,'ayah',0,20063,20073
150,6,'ayah',0,20074,20084
150,7,'ayah',0,20085,20096
150,8,'ayah',0,20097,20106
150,9,'ayah',0,20107,20116
150,10,'ayah',0,20117,20127
150,11,'ayah',0,20128,20139
150,12,'ayah',0,20140,20152
150,13,'ayah',0,20153,20162
150,14,'ayah',0,20163,20171
150,15,'ayah',0,20172,20182
151,1,'surah_name',1,7,
151,2,'basmallah',1,7,
151,3,'ayah',0,20183,20192
151,4,'ayah',0,20193,20201
151,5,'ayah',0,20202,20211
151,6,'ayah',0,20212,20220
151,7,'ayah',0,20221,20231
151,8,'ayah',0,20232,20241
151,9,'ayah',0,20242,20249
151,10,'ayah',0,20250,20257
151,11,'ayah',0,20258,20265
151,12,'ayah',0,20266,20274
151,13,'ayah',0,20275,20283
151,14,'ayah',0,20284,20292
151,15,'ayah',0,20293,20302
152,1,'ayah',0,20303,20314
152,2,'ayah',0,20315,20326
152,3,'ayah',0,20327,20337
152,4,'ayah',0,20338,20348
152,5,'ayah',0,20349,20358
152,6,'ayah',0,20359,20367
152,7,'ayah',0,20368,20377
152,8,'ayah',0,20378,20386
152,9,'ayah',0,20387,20397
152,10,'ayah',0,20398,20407
152,11,'ayah',0,20408,20418
152,12,'ayah',0,20419,20429
152,13,'ayah',0,20430,20439
152,14,'ayah',0,20440,20449
152,15,'ayah',0,20450,20460
153,1,'ayah',0,20461,20470
153,2,'ayah',0,20471,20480
153,3,'ayah',0,20481,20489
153,4,'ayah',0,20490,20498
153,5,'ayah',0,20499,20506
153,6,'ayah',0,20507,20518
153,7,'ayah',0,20519,20527
153,8,'ayah',0,20528,20537
153,9,'ayah',0,20538,20547
153,10,'ayah',0,20548,20557
153,11,'ayah',0,20558,20568
153,12,'ayah',0,20569,20577
153,13,'ayah',0,20578,20585
153,14,'ayah',0,20586,20593
153,15,'ayah',0,20594,20602
154,1,'ayah',0,20603,20612
154,2,'ayah',0,20613,20624
154,3,'ayah',0,20625,20634
154,4,'ayah',0,20635,20643
154,5,'ayah',0,20644,20655
154,6,'ayah',0,20656,20666
154,7,'ayah',0,20667,20678
154,8,'ayah',0,20679,20688
154,9,'ayah',0,20689,20698
154,10,'ayah',0,20699,20708
154,11,'ayah',0,20709,20718
154,12,'ayah',0,20719,20729
154,13,'ayah',0,20730,20737
154,14,'ayah',0,20738,20747
154,15,'ayah',0,20748,20756
155,1,'ayah',0,20757,20767
155,2,'ayah',0,20768,20778
155,3,'ayah',0,20779,20786
155,4,'ayah',0,20787,20797
155,5,'ayah',0,20798,20806
155,6,'ayah',0,20807,20815
155,7,'ayah',0,20816,20824
155,8,'ayah',0,20825,20833
155,9,'ayah',0,20834,20842
155,10,'ayah',0,20843,20850
155,11,'ayah',0,20851,20860
155,12,'ayah',0,20861,20871
155,13,'ayah',0,20872,20881
155,14,'ayah',0,20882,20891
155,15,'ayah',0,20892,20900
156,1,'ayah',0,20901,20910
156,2,'ayah',0,20911,20921
156,3,'ayah',0,20922,20931
156,4,'ayah',0,20932,20940
156,5,'ayah',0,20941,20948
156,6,'ayah',0,20949,20957
156,7,'ayah',0,20958,20966
156,8,'ayah',0,20967,20976
156,9,'ayah',0,20977,20986
156,10,'ayah',0,20987,20995
156,11,'ayah',0,20996,21006
156,12,'ayah',0,21007,21017
156,13,'ayah',0,21018,21027
156,14,'ayah',0,21028,21035
156,15,'ayah',0,21036,21045
157,1,'ayah',0,21046,21053
157,2,'ayah',0,21054,21062
157,3,'ayah',0,21063,21072
157,4,'ayah',0,21073,21082
157,5,'ayah',0,21083,21091
157,6,'ayah',0,21092,21101
157,7,'ayah',0,21102,21111
157,8,'ayah',0,21112,21118
157,9,'ayah',0,21119,21128
157,10,'ayah',0,21129,21138
157,11,'ayah',0,21139,21146
157,12,'ayah',0,21147,21156
157,13,'ayah',0,21157,21165
157,14,'ayah',0,21166,21174
157,15,'ayah',0,21175,21183
158,1,'ayah',0,21184,21192
158,2,'ayah',0,21193,21201
158,3,'ayah',0,21202,21210
158,4,'ayah',0,21211,21220
158,5,'ayah',0,21221,21230
158,6,'ayah',0,21231,21241
158,7,'ayah',0,21242,21250
158,8,'ayah',0,21251,21261
158,9,'ayah',0,21262,21269
158,10,'ayah',0,21270,21277
158,11,'ayah',0,21278,21286
158,12,'ayah',0,21287,21297
158,13,'ayah',0,21298,21307
158,14,'ayah',0,21308,21316
158,15,'ayah',0,21317,21326
159,1,'ayah',0,21327,21335
159,2,'ayah',0,21336,21344
159,3,'ayah',0,21345,21353
159,4,'ayah',0,21354,21362
159,5,'ayah',0,21363,21371
159,6,'ayah',0,21372,21380
159,7,'ayah',0,21381,21388
159,8,'ayah',0,21389,21394
159,9,'ayah',0,21395,21403
159,10,'ayah',0,21404,21410
159,11,'ayah',0,21411,21418
159,12,'ayah',0,21419,21427
159,13,'ayah',0,21428,21437
159,14,'ayah',0,21438,21446
159,15,'ayah',0,21447,21455
160,1,'ayah',0,21456,21464
160,2,'ayah',0,21465,21470
160,3,'ayah',0,21471,21479
160,4,'ayah',0,21480,21487
160,5,'ayah',0,21488,21494
160,6,'ayah',0,21495,21503
160,7,'ayah',0,21504,21511
160,8,'ayah',0,21512,21520
160,9,'ayah',0,21521,21528
160,10,'ayah',0,21529,21535
160,11,'ayah',0,21536,21543
160,12,'ayah',0,21544,21552
160,13,'ayah',0,21553,21560
160,14,'ayah',0,21561,21569
160,15,'ayah',0,21570,21578
161,1,'ayah',0,21579,21586
161,2,'ayah',0,21587,21593
161,3,'ayah',0,21594,21601
161,4,'ayah',0,21602,21609
161,5,'ayah',0,21610,21617
161,6,'ayah',0,21618,21626
161,7,'ayah',0,21627,21633
161,8,'ayah',0,21634,21640
161,9,'ayah',0,21641,21649
161,10,'ayah',0,21650,21656
161,11,'ayah',0,21657,21664
161,12,'ayah',0,21665,21670
161,13,'ayah',0,21671,21677
161,14,'ayah',0,21678,21684
161,15,'ayah',0,21685,21692
162,1,'ayah',0,21693,21699
162,2,'ayah',0,21700,21708
162,3,'ayah',0,21709,21720
162,4,'ayah',0,21721,21733
162,5,'ayah',0,21734,21745
162,6,'ayah',0,21746,21755
162,7,'ayah',0,21756,21765
162,8,'ayah',0,21766,21774
162,9,'ayah',0,21775,21784
162,10,'ayah',0,21785,21794
162,11,'ayah',0,21795,21803
162,12,'ayah',0,21804,21815
162,13,'ayah',0,21816,21823
162,14,'ayah',0,21824,21832
162,15,'ayah',0,21833,21840
163,1,'ayah',0,21841,21849
163,2,'ayah',0,21850,21856
163,3,'ayah',0,21857,21864
163,4,'ayah',0,21865,21872
163,5,'ayah',0,21873,21880
163,6,'ayah',0,21881,21890
163,7,'ayah',0,21891,21899
163,8,'ayah',0,21900,21908
163,9,'ayah',0,21909,21917
163,10,'ayah',0,21918,21926
163,11,'ayah',0,21927,21936
163,12,'ayah',0,21937,21944
163,13,'ayah',0,21945,21953
163,14,'ayah',0,21954,21961
163,15,'ayah',0,21962,21970
164,1,'ayah',0,21971,21981
164,2,'ayah',0,21982,21991
164,3,'ayah',0,21992,22002
164,4,'ayah',0,22003,22013
164,5,'ayah',0,22014,22023
164,6,'ayah',0,22024,22033
164,7,'ayah',0,22034,22042
164,8,'ayah',0,22043,22052
164,9,'ayah',0,22053,22062
164,10,'ayah',0,22063,22073
164,11,'ayah',0,22074,22082
164,12,'ayah',0,22083,22091
164,13,'ayah',0,22092,22102
164,14,'ayah',0,22103,22111
164,15,'ayah',0,22112,22120
165,1,'ayah',0,22121,22130
165,2,'ayah',0,22131,22139
165,3,'ayah',0,22140,22147
165,4,'ayah',0,22148,22157
165,5,'ayah',0,22158,22168
165,6,'ayah',0,22169,22177
165,7,'ayah',0,22178,22186
165,8,'ayah',0,22187,22193
165,9,'ayah',0,22194,22201
165,10,'ayah',0,22202,22208
165,11,'ayah',0,22209,22216
165,12,'ayah',0,22217,22226
165,13,'ayah',0,22227,22234
165,14,'ayah',0,22235,22242
165,15,'ayah',0,22243,22249
166,1,'ayah',0,22250,22258
166,2,'ayah',0,22259,22267
166,3,'ayah',0,22268,22277
166,4,'ayah',0,22278,22286
166,5,'ayah',0,22287,22293
166,6,'ayah',0,22294,22300
166,7,'ayah',0,22301,22310
166,8,'ayah',0,22311,22318
166,9,'ayah',0,22319,22327
166,10,'ayah',0,22328,22336
166,11,'ayah',0,22337,22344
166,12,'ayah',0,22345,22351
166,13,'ayah',0,22352,22359
166,14,'ayah',0,22360,22367
166,15,'ayah',0,22368,22376
167,1,'ayah',0,22377,22384
167,2,'ayah',0,22385,22394
167,3,'ayah',0,22395,22405
167,4,'ayah',0,22406,22415
167,5,'ayah',0,22416,22424
167,6,'ayah',0,22425,22431
167,7,'ayah',0,22432,22440
167,8,'ayah',0,22441,22447
167,9,'ayah',0,22448,22454
167,10,'ayah',0,22455,22462
167,11,'ayah',0,22463,22470
167,12,'ayah',0,22471,22480
167,13,'ayah',0,22481,22488
167,14,'ayah',0,22489,22497
167,15,'ayah',0,22498,22506
168,1,'ayah',0,22507,22513
168,2,'ayah',0,22514,22522
168,3,'ayah',0,22523,22531
168,4,'ayah',0,22532,22538
168,5,'ayah',0,22539,22546
168,6,'ayah',0,22547,22555
168,7,'ayah',0,22556,22565
168,8,'ayah',0,22566,22573
168,9,'ayah',0,22574,22581
168,10,'ayah',0,22582,22588
168,11,'ayah',0,22589,22598
168,12,'ayah',0,22599,22608
168,13,'ayah',0,22609,22616
168,14,'ayah',0,22617,22626
168,15,'ayah',0,22627,22635
169,1,'ayah',0,22636,22644
169,2,'ayah',0,22645,22652
169,3,'ayah',0,22653,22662
169,4,'ayah',0,22663,22669
169,5,'ayah',0,22670,22680
169,6,'ayah',0,22681,22689
169,7,'ayah',0,22690,22698
169,8,'ayah',0,22699,22707
169,9,'ayah',0,22708,22718
169,10,'ayah',0,22719,22728
169,11,'ayah',0,22729,22737
169,12,'ayah',0,22738,22745
169,13,'ayah',0,22746,22755
169,14,'ayah',0,22756,22766
169,15,'ayah',0,22767,22776
170,1,'ayah',0,22777,22785
170,2,'ayah',0,22786,22794
170,3,'ayah',0,22795,22801
170,4,'ayah',0,22802,22808
170,5,'ayah',0,22809,22815
170,6,'ayah',0,22816,22821
170,7,'ayah',0,22822,22828
170,8,'ayah',0,22829,22834
170,9,'ayah',0,22835,22841
170,10,'ayah',0,22842,22849
170,11,'ayah',0,22850,22858
170,12,'ayah',0,22859,22868
170,13,'ayah',0,22869,22876
170,14,'ayah',0,22877,22884
170,15,'ayah',0,22885,22892
171,1,'ayah',0,22893,22899
171,2,'ayah',0,22900,22907
171,3,'ayah',0,22908,22916
171,4,'ayah',0,22917,22922
171,5,'ayah',0,22923,22930
171,6,'ayah',0,22931,22938
171,7,'ayah',0,22939,22945
171,8,'ayah',0,22946,22952
171,9,'ayah',0,22953,22958
171,10,'ayah',0,22959,22966
171,11,'ayah',0,22967,22973
171,12,'ayah',0,22974,22980
171,13,'ayah',0,22981,22988
171,14,'ayah',0,22989,22995
171,15,'ayah',0,22996,23003
172,1,'ayah',0,23004,23013
172,2,'ayah',0,23014,23021
172,3,'ayah',0,23022,23031
172,4,'ayah',0,23032,23040
172,5,'ayah',0,23041,23051
172,6,'ayah',0,23052,23061
172,7,'ayah',0,23062,23070
172,8,'ayah',0,23071,23079
172,9,'ayah',0,23080,23086
172,10,'ayah',0,23087,23095
172,11,'ayah',0,23096,23103
172,12,'ayah',0,23104,23112
172,13,'ayah',0,23113,23124
172,14,'ayah',0,23125,23132
172,15,'ayah',0,23133,23141
173,1,'ayah',0,23142,23151
173,2,'ayah',0,23152,23161
173,3,'ayah',0,23162,23170
173,4,'ayah',0,23171,23179
173,5,'ayah',0,23180,23190
173,6,'ayah',0,23191,23199
173,7,'ayah',0,23200,23207
173,8,'ayah',0,23208,23216
173,9,'ayah',0,23217,23225
173,10,'ayah',0,23226,23234
173,11,'ayah',0,23235,23243
173,12,'ayah',0,23244,23251
173,13,'ayah',0,23252,23259
173,14,'ayah',0,23260,23268
173,15,'ayah',0,23269,23276
174,1,'ayah',0,23277,23286
174,2,'ayah',0,23287,23297
174,3,'ayah',0,23298,23307
174,4,'ayah',0,23308,23315
174,5,'ayah',0,23316,23325
174,6,'ayah',0,23326,23333
174,7,'ayah',0,23334,23343
174,8,'ayah',0,23344,23355
174,9,'ayah',0,23356,23365
174,10,'ayah',0,23366,23376
174,11,'ayah',0,23377,23387
174,12,'ayah',0,23388,23396
174,13,'ayah',0,23397,23408
174,14,'ayah',0,23409,23417
174,15,'ayah',0,23418,23429
175,1,'ayah',0,23430,23442
175,2,'ayah',0,23443,23451
175,3,'ayah',0,23452,23461
175,4,'ayah',0,23462,23470
175,5,'ayah',0,23471,23479
175,6,'ayah',0,23480,23488
175,7,'ayah',0,23489,23498
175,8,'ayah',0,23499,23509
175,9,'ayah',0,23510,23518
175,10,'ayah',0,23519,23526
175,11,'ayah',0,23527,23536
175,12,'ayah',0,23537,23543
175,13,'ayah',0,23544,23553
175,14,'ayah',0,23554,23563
175,15,'ayah',0,23564,23572
176,1,'ayah',0,23573,23582
176,2,'ayah',0,23583,23590
176,3,'ayah',0,23591,23599
176,4,'ayah',0,23600,23609
176,5,'ayah',0,23610,23617
176,6,'ayah',0,23618,23626
176,7,'ayah',0,23627,23635
176,8,'ayah',0,23636,23644
176,9,'ayah',0,23645,23653
176,10,'ayah',0,23654,23665
176,11,'ayah',0,23666,23673
176,12,'ayah',0,23674,23682
176,13,'ayah',0,23683,23690
176,14,'ayah',0,23691,23700
176,15,'ayah',0,23701,23708
177,1,'surah_name',1,8,
177,2,'basmallah',1,8,
177,3,'ayah',0,23709,23715
177,4,'ayah',0,23716,23723
177,5,'ayah',0,23724,23733
177,6,'ayah',0,23734,23741
177,7,'ayah',0,23742,23749
177,8,'ayah',0,23750,23757
177,9,'ayah',0,23758,23766
177,10,'ayah',0,23767,23774
177,11,'ayah',0,23775,23783
177,12,'ayah',0,23784,23792
177,13,'ayah',0,23793,23801
177,14,'ayah',0,23802,23811
177,15,'ayah',0,23812,23821
178,1,'ayah',0,23822,23829
178,2,'ayah',0,23830,23838
178,3,'ayah',0,23839,23848
178,4,'ayah',0,23849,23857
178,5,'ayah',0,23858,23865
178,6,'ayah',0,23866,23873
178,7,'ayah',0,23874,23883
178,8,'ayah',0,23884,23892
178,9,'ayah',0,23893,23901
178,10,'ayah',0,23902,23909
178,11,'ayah',0,23910,23917
178,12,'ayah',0,23918,23926
178,13,'ayah',0,23927,23935
178,14,'ayah',0,23936,23944
178,15,'ayah',0,23945,23953
179,1,'ayah',0,23954,23962
179,2,'ayah',0,23963,23970
179,3,'ayah',0,23971,23980
179,4,'ayah',0,23981,23988
179,5,'ayah',0,23989,23998
179,6,'ayah',0,23999,24008
179,7,'ayah',0,24009,24017
179,8,'ayah',0,24018,24026
179,9,'ayah',0,24027,24035
179,10,'ayah',0,24036,24045
179,11,'ayah',0,24046,24053
179,12,'ayah',0,24054,24061
179,13,'ayah',0,24062,24070
179,14,'ayah',0,24071,24078
179,15,'ayah',0,24079,24086
180,1,'ayah',0,24087,24094
180,2,'ayah',0,24095,24101
180,3,'ayah',0,24102,24110
180,4,'ayah',0,24111,24118
180,5,'ayah',0,24119,24125
180,6,'ayah',0,24126,24135
180,7,'ayah',0,24136,24143
180,8,'ayah',0,24144,24153
180,9,'ayah',0,24154,24161
180,10,'ayah',0,24162,24170
180,11,'ayah',0,24171,24180
180,12,'ayah',0,24181,24190
180,13,'ayah',0,24191,24198
180,14,'ayah',0,24199,24208
180,15,'ayah',0,24209,24216
181,1,'ayah',0,24217,24225
181,2,'ayah',0,24226,24233
181,3,'ayah',0,24234,24241
181,4,'ayah',0,24242,24248
181,5,'ayah',0,24249,24256
181,6,'ayah',0,24257,24263
181,7,'ayah',0,24264,24270
181,8,'ayah',0,24271,24279
181,9,'ayah',0,24280,24286
181,10,'ayah',0,24287,24294
181,11,'ayah',0,24295,24304
181,12,'ayah',0,24305,24312
181,13,'ayah',0,24313,24321
181,14,'ayah',0,24322,24330
181,15,'ayah',0,24331,24338
182,1,'ayah',0,24339,24346
182,2,'ayah',0,24347,24352
182,3,'ayah',0,24353,24361
182,4,'ayah',0,24362,24370
182,5,'ayah',0,24371,24378
182,6,'ayah',0,24379,24384
182,7,'ayah',0,24385,24392
182,8,'ayah',0,24393,24400
182,9,'ayah',0,24401,24410
182,10,'ayah',0,24411,24418
182,11,'ayah',0,24419,24427
182,12,'ayah',0,24428,24436
182,13,'ayah',0,24437,24444
182,14,'ayah',0,24445,24454
182,15,'ayah',0,24455,24462
183,1,'ayah',0,24463,24469
183,2,'ayah',0,24470,24478
183,3,'ayah',0,24479,24485
183,4,'ayah',0,24486,24494
183,5,'ayah',0,24495,24503
183,6,'ayah',0,24504,24512
183,7,'ayah',0,24513,24523
183,8,'ayah',0,24524,24532
183,9,'ayah',0,24533,24540
183,10,'ayah',0,24541,24550
183,11,'ayah',0,24551,24558
183,12,'ayah',0,24559,24565
183,13,'ayah',0,24566,24574
183,14,'ayah',0,24575,24583
183,15,'ayah',0,24584,24592
184,1,'ayah',0,24593,24603
184,2,'ayah',0,24604,24613
184,3,'ayah',0,24614,24621
184,4,'ayah',0,24622,24629
184,5,'ayah',0,24630,24640
184,6,'ayah',0,24641,24649
184,7,'ayah',0,24650,24659
184,8,'ayah',0,24660,24669
184,9,'ayah',0,24670,24679
184,10,'ayah',0,24680,24688
184,11,'ayah',0,24689,24697
184,12,'ayah',0,24698,24705
184,13,'ayah',0,24706,24715
184,14,'ayah',0,24716,24725
184,15,'ayah',0,24726,24735
185,1,'ayah',0,24736,24744
185,2,'ayah',0,24745,24753
185,3,'ayah',0,24754,24763
185,4,'ayah',0,24764,24773
185,5,'ayah',0,24774,24782
185,6,'ayah',0,24783,24790
185,7,'ayah',0,24791,24799
185,8,'ayah',0,24800,24809
185,9,'ayah',0,24810,24819
185,10,'ayah',0,24820,24828
185,11,'ayah',0,24829,24839
185,12,'ayah',0,24840,24847
185,13,'ayah',0,24848,24857
185,14,'ayah',0,24858,24866
185,15,'ayah',0,24867,24876
186,1,'ayah',0,24877,24887
186,2,'ayah',0,24888,24897
186,3,'ayah',0,24898,24907
186,4,'ayah',0,24908,24918
186,5,'ayah',0,24919,24926
186,6,'ayah',0,24927,24934
186,7,'ayah',0,24935,24945
186,8,'ayah',0,24946,24954
186,9,'ayah',0,24955,24963
186,10,'ayah',0,24964,24972
186,11,'ayah',0,24973,24981
186,12,'ayah',0,24982,24990
186,13,'ayah',0,24991,24999
186,14,'ayah',0,25000,25006
186,15,'ayah',0,25007,25017
187,1,'surah_name',1,9,
187,2,'ayah',0,25018,25027
187,3,'ayah',0,25028,25036
187,4,'ayah',0,25037,25046
187,5,'ayah',0,25047,25056
187,6,'ayah',0,25057,25065
187,7,'ayah',0,25066,25075
187,8,'ayah',0,25076,25084
187,9,'ayah',0,25085,25092
187,10,'ayah',0,25093,25102
187,11,'ayah',0,25103,25108
187,12,'ayah',0,25109,25117
187,13,'ayah',0,25118,25126
187,14,'ayah',0,25127,25134
187,15,'ayah',0,25135,25144
188,1,'ayah',0,25145,25152
188,2,'ayah',0,25153,25160
188,3,'ayah',0,25161,25169
188,4,'ayah',0,25170,25178
188,5,'ayah',0,25179,25183
188,6,'ayah',0,25184,25191
188,7,'ayah',0,25192,25201
188,8,'ayah',0,25202,25210
188,9,'ayah',0,25211,25217
188,10,'ayah',0,25218,25225
188,11,'ayah',0,25226,25233
188,12,'ayah',0,25234,25241
188,13,'ayah',0,25242,25249
188,14,'ayah',0,25250,25256
188,15,'ayah',0,25257,25264
189,1,'ayah',0,25265,25270
189,2,'ayah',0,25271,25278
189,3,'ayah',0,25279,25288
189,4,'ayah',0,25289,25298
189,5,'ayah',0,25299,25307
189,6,'ayah',0,25308,25317
189,7,'ayah',0,25318,25325
189,8,'ayah',0,25326,25335
189,9,'ayah',0,25336,25344
189,10,'ayah',0,25345,25354
189,11,'ayah',0,25355,25361
189,12,'ayah',0,25362,25370
189,13,'ayah',0,25371,25381
189,14,'ayah',0,25382,25389
189,15,'ayah',0,25390,25398
190,1,'ayah',0,25399,25405
190,2,'ayah',0,25406,25414
190,3,'ayah',0,25415,25423
190,4,'ayah',0,25424,25430
190,5,'ayah',0,25431,25438
190,6,'ayah',0,25439,25444
190,7,'ayah',0,25445,25449
190,8,'ayah',0,25450,25456
190,9,'ayah',0,25457,25465
190,10,'ayah',0,25466,25474
190,11,'ayah',0,25475,25482
190,12,'ayah',0,25483,25490
190,13,'ayah',0,25491,25499
190,14,'ayah',0,25500,25507
190,15,'ayah',0,25508,25515
191,1,'ayah',0,25516,25525
191,2,'ayah',0,25526,25533
191,3,'ayah',0,25534,25541
191,4,'ayah',0,25542,25549
191,5,'ayah',0,25550,25559
191,6,'ayah',0,25560,25567
191,7,'ayah',0,25568,25575
191,8,'ayah',0,25576,25583
191,9,'ayah',0,25584,25591
191,10,'ayah',0,25592,25598
191,11,'ayah',0,25599,25605
191,12,'ayah',0,25606,25612
191,13,'ayah',0,25613,25619
191,14,'ayah',0,25620,25626
191,15,'ayah',0,25627,25634
192,1,'ayah',0,25635,25641
192,2,'ayah',0,25642,25651
192,3,'ayah',0,25652,25658
192,4,'ayah',0,25659,25667
192,5,'ayah',0,25668,25674
192,6,'ayah',0,25675,25681
192,7,'ayah',0,25682,25687
192,8,'ayah',0,25688,25696
192,9,'ayah',0,25697,25704
192,10,'ayah',0,25705,25711
192,11,'ayah',0,25712,25720
192,12,'ayah',0,25721,25729
192,13,'ayah',0,25730,25737
192,14,'ayah',0,25738,25743
192,15,'ayah',0,25744,25751
193,1,'ayah',0,25752,25760
193,2,'ayah',0,25761,25767
193,3,'ayah',0,25768,25777
193,4,'ayah',0,25778,25786
193,5,'ayah',0,25787,25797
193,6,'ayah',0,25798,25805
193,7,'ayah',0,25806,25815
193,8,'ayah',0,25816,25823
193,9,'ayah',0,25824,25833
193,10,'ayah',0,25834,25843
193,11,'ayah',0,25844,25853
193,12,'ayah',0,25854,25862
193,13,'ayah',0,25863,25871
193,14,'ayah',0,25872,25878
193,15,'ayah',0,25879,25889
194,1,'ayah',0,25890,25896
194,2,'ayah',0,25897,25902
194,3,'ayah',0,25903,25908
194,4,'ayah',0,25909,25917
194,5,'ayah',0,25918,25924
194,6,'ayah',0,25925,25931
194,7,'ayah',0,25932,25937
194,8,'ayah',0,25938,25944
194,9,'ayah',0,25945,25951
194,10,'ayah',0,25952,25959
194,11,'ayah',0,25960,25966
194,12,'ayah',0,25967,25973
194,13,'ayah',0,25974,25980
194,14,'ayah',0,25981,25985
194,15,'ayah',0,25986,25991
195,1,'ayah',0,25992,25999
195,2,'ayah',0,26000,26008
195,3,'ayah',0,26009,26017
195,4,'ayah',0,26018,26024
195,5,'ayah',0,26025,26031
195,6,'ayah',0,26032,26039
195,7,'ayah',0,26040,26049
195,8,'ayah',0,26050,26057
195,9,'ayah',0,26058,26064
195,10,'ayah',0,26065,26072
195,11,'ayah',0,26073,26080
195,12,'ayah',0,26081,26089
195,13,'ayah',0,26090,26098
195,14,'ayah',0,26099,26106
195,15,'ayah',0,26107,26115
196,1,'ayah',0,26116,26123
196,2,'ayah',0,26124,26131
196,3,'ayah',0,26132,26140
196,4,'ayah',0,26141,26149
196,5,'ayah',0,26150,26158
196,6,'ayah',0,26159,26167
196,7,'ayah',0,26168,26177
196,8,'ayah',0,26178,26185
196,9,'ayah',0,26186,26195
196,10,'ayah',0,26196,26201
196,11,'ayah',0,26202,26209
196,12,'ayah',0,26210,26218
196,13,'ayah',0,26219,26227
196,14,'ayah',0,26228,26234
196,15,'ayah',0,26235,26243
197,1,'ayah',0,26244,26249
197,2,'ayah',0,26250,26258
197,3,'ayah',0,26259,26267
197,4,'ayah',0,26268,26275
197,5,'ayah',0,26276,26283
197,6,'ayah',0,26284,26292
197,7,'ayah',0,26293,26300
197,8,'ayah',0,26301,26308
197,9,'ayah',0,26309,26316
197,10,'ayah',0,26317,26323
197,11,'ayah',0,26324,26329
197,12,'ayah',0,26330,26336
197,13,'ayah',0,26337,26344
197,14,'ayah',0,26345,26351
197,15,'ayah',0,26352,26359
198,1,'ayah',0,26360,26367
198,2,'ayah',0,26368,26372
198,3,'ayah',0,26373,26379
198,4,'ayah',0,26380,26386
198,5,'ayah',0,26387,26394
198,6,'ayah',0,26395,26403
198,7,'ayah',0,26404,26409
198,8,'ayah',0,26410,26417
198,9,'ayah',0,26418,26424
198,10,'ayah',0,26425,26430
198,11,'ayah',0,26431,26436
198,12,'ayah',0,26437,26444
198,13,'ayah',0,26445,26452
198,14,'ayah',0,26453,26460
198,15,'ayah',0,26461,26469
199,1,'ayah',0,26470,26476
199,2,'ayah',0,26477,26485
199,3,'ayah',0,26486,26493
199,4,'ayah',0,26494,26504
199,5,'ayah',0,26505,26513
199,6,'ayah',0,26514,26523
199,7,'ayah',0,26524,26535
199,8,'ayah',0,26536,26543
199,9,'ayah',0,26544,26552
199,10,'ayah',0,26553,26561
199,11,'ayah',0,26562,26571
199,12,'ayah',0,26572,26579
199,13,'ayah',0,26580,26585
199,14,'ayah',0,26586,26592
199,15,'ayah',0,26593,26600
200,1,'ayah',0,26601,26611
200,2,'ayah',0,26612,26621
200,3,'ayah',0,26622,26630
200,4,'ayah',0,26631,26638
200,5,'ayah',0,26639,26650
200,6,'ayah',0,26651,26659
200,7,'ayah',0,26660,26669
200,8,'ayah',0,26670,26677
200,9,'ayah',0,26678,26686
200,10,'ayah',0,26687,26697
200,11,'ayah',0,26698,26706
200,12,'ayah',0,26707,26715
200,13,'ayah',0,26716,26725
200,14,'ayah',0,26726,26734
200,15,'ayah',0,26735,26744
201,1,'ayah',0,26745,26752
201,2,'ayah',0,26753,26761
201,3,'ayah',0,26762,26767
201,4,'ayah',0,26768,26776
201,5,'ayah',0,26777,26785
201,6,'ayah',0,26786,26793
201,7,'ayah',0,26794,26800
201,8,'ayah',0,26801,26810
201,9,'ayah',0,26811,26820
201,10,'ayah',0,26821,26828
201,11,'ayah',0,26829,26838
201,12,'ayah',0,26839,26847
201,13,'ayah',0,26848,26857
201,14,'ayah',0,26858,26864
201,15,'ayah',0,26865,26874
202,1,'ayah',0,26875,26881
202,2,'ayah',0,26882,26890
202,3,'ayah',0,26891,26899
202,4,'ayah',0,26900,26906
202,5,'ayah',0,26907,26914
202,6,'ayah',0,26915,26922
202,7,'ayah',0,26923,26930
202,8,'ayah',0,26931,26940
202,9,'ayah',0,26941,26949
202,10,'ayah',0,26950,26959
202,11,'ayah',0,26960,26967
202,12,'ayah',0,26968,26976
202,13,'ayah',0,26977,26984
202,14,'ayah',0,26985,26992
202,15,'ayah',0,26993,27001
203,1,'ayah',0,27002,27007
203,2,'ayah',0,27008,27016
203,3,'ayah',0,27017,27025
203,4,'ayah',0,27026,27034
203,5,'ayah',0,27035,27042
203,6,'ayah',0,27043,27050
203,7,'ayah',0,27051,27058
203,8,'ayah',0,27059,27069
203,9,'ayah',0,27070,27077
203,10,'ayah',0,27078,27087
203,11,'ayah',0,27088,27096
203,12,'ayah',0,27097,27106
203,13,'ayah',0,27107,27113
203,14,'ayah',0,27114,27122
203,15,'ayah',0,27123,27132
204,1,'ayah',0,27133,27139
204,2,'ayah',0,27140,27147
204,3,'ayah',0,27148,27155
204,4,'ayah',0,27156,27165
204,5,'ayah',0,27166,27175
204,6,'ayah',0,27176,27184
204,7,'ayah',0,27185,27195
204,8,'ayah',0,27196,27206
204,9,'ayah',0,27207,27216
204,10,'ayah',0,27217,27225
204,11,'ayah',0,27226,27232
204,12,'ayah',0,27233,27240
204,13,'ayah',0,27241,27247
204,14,'ayah',0,27248,27254
204,15,'ayah',0,27255,27263
205,1,'ayah',0,27264,27268
205,2,'ayah',0,27269,27274
205,3,'ayah',0,27275,27282
205,4,'ayah',0,27283,27288
205,5,'ayah',0,27289,27298
205,6,'ayah',0,27299,27306
205,7,'ayah',0,27307,27315
205,8,'ayah',0,27316,27325
205,9,'ayah',0,27326,27334
205,10,'ayah',0,27335,27345
205,11,'ayah',0,27346,27353
205,12,'ayah',0,27354,27364
205,13,'ayah',0,27365,27371
205,14,'ayah',0,27372,27380
205,15,'ayah',0,27381,27389
206,1,'ayah',0,27390,27397
206,2,'ayah',0,27398,27405
206,3,'ayah',0,27406,27416
206,4,'ayah',0,27417,27425
206,5,'ayah',0,27426,27434
206,6,'ayah',0,27435,27443
206,7,'ayah',0,27444,27452
206,8,'ayah',0,27453,27462
206,9,'ayah',0,27463,27472
206,10,'ayah',0,27473,27483
206,11,'ayah',0,27484,27491
206,12,'ayah',0,27492,27500
206,13,'ayah',0,27501,27508
206,14,'ayah',0,27509,27517
206,15,'ayah',0,27518,27525
207,1,'ayah',0,27526,27532
207,2,'ayah',0,27533,27539
207,3,'ayah',0,27540,27547
207,4,'ayah',0,27548,27555
207,5,'ayah',0,27556,27562
207,6,'ayah',0,27563,27569
207,7,'ayah',0,27570,27576
207,8,'ayah',0,27577,27585
207,9,'ayah',0,27586,27594
207,10,'ayah',0,27595,27603
207,11,'ayah',0,27604,27611
207,12,'ayah',0,27612,27619
207,13,'ayah',0,27620,27626
207,14,'ayah',0,27627,27636
207,15,'ayah',0,27637,27644
208,1,'surah_name',1,10,
208,2,'basmallah',1,10,
208,3,'ayah',0,27645,27655
208,4,'ayah',0,27656,27666
208,5,'ayah',0,27667,27677
208,6,'ayah',0,27678,27687
208,7,'ayah',0,27688,27698
208,8,'ayah',0,27699,27708
208,9,'ayah',0,27709,27718
208,10,'ayah',0,27719,27726
208,11,'ayah',0,27727,27736
208,12,'ayah',0,27737,27745
208,13,'ayah',0,27746,27755
208,14,'ayah',0,27756,27765
208,15,'ayah',0,27766,27775
209,1,'ayah',0,27776,27783
209,2,'ayah',0,27784,27792
209,3,'ayah',0,27793,27801
209,4,'ayah',0,27802,27808
209,5,'ayah',0,27809,27817
209,6,'ayah',0,27818,27826
209,7,'ayah',0,27827,27835
209,8,'ayah',0,27836,27843
209,9,'ayah',0,27844,27852
209,10,'ayah',0,27853,27862
209,11,'ayah',0,27863,27872
209,12,'ayah',0,27873,27881
209,13,'ayah',0,27882,27888
209,14,'ayah',0,27889,27896
209,15,'ayah',0,27897,27905
210,1,'ayah',0,27906,27914
210,2,'ayah',0,27915,27925
210,3,'ayah',0,27926,27936
210,4,'ayah',0,27937,27947
210,5,'ayah',0,27948,27957
210,6,'ayah',0,27958,27967
210,7,'ayah',0,27968,27977
210,8,'ayah',0,27978,27986
210,9,'ayah',0,27987,27994
210,10,'ayah',0,27995,28004
210,11,'ayah',0,28005,28012
210,12,'ayah',0,28013,28020
210,13,'ayah',0,28021,28028
210,14,'ayah',0,28029,28037
210,15,'ayah',0,28038,28044
211,1,'ayah',0,28045,28055
211,2,'ayah',0,28056,28067
211,3,'ayah',0,28068,28078
211,4,'ayah',0,28079,28087
211,5,'ayah',0,28088,28097
211,6,'ayah',0,28098,28106
211,7,'ayah',0,28107,28117
211,8,'ayah',0,28118,28126
211,9,'ayah',0,28127,28136
211,10,'ayah',0,28137,28145
211,11,'ayah',0,28146,28154
211,12,'ayah',0,28155,28162
211,13,'ayah',0,28163,28172
211,14,'ayah',0,28173,28180
211,15,'ayah',0,28181,28191
212,1,'ayah',0,28192,28200
212,2,'ayah',0,28201,28210
212,3,'ayah',0,28211,28220
212,4,'ayah',0,28221,28229
212,5,'ayah',0,28230,28238
212,6,'ayah',0,28239,28246
212,7,'ayah',0,28247,28255
212,8,'ayah',0,28256,28264
212,9,'ayah',0,28265,28274
212,10,'ayah',0,28275,28285
212,11,'ayah',0,28286,28293
212,12,'ayah',0,28294,28304
212,13,'ayah',0,28305,28314
212,14,'ayah',0,28315,28324
212,15,'ayah',0,28325,28334
213,1,'ayah',0,28335,28344
213,2,'ayah',0,28345,28355
213,3,'ayah',0,28356,28364
213,4,'ayah',0,28365,28376
213,5,'ayah',0,28377,28388
213,6,'ayah',0,28389,28400
213,7,'ayah',0,28401,28411
213,8,'ayah',0,28412,28421
213,9,'ayah',0,28422,28431
213,10,'ayah',0,28432,28442
213,11,'ayah',0,28443,28451
213,12,'ayah',0,28452,28460
213,13,'ayah',0,28461,28471
213,14,'ayah',0,28472,28480
213,15,'ayah',0,28481,28489
214,1,'ayah',0,28490,28499
214,2,'ayah',0,28500,28509
214,3,'ayah',0,28510,28520
214,4,'ayah',0,28521,28529
214,5,'ayah',0,28530,28539
214,6,'ayah',0,28540,28549
214,7,'ayah',0,28550,28559
214,8,'ayah',0,28560,28569
214,9,'ayah',0,28570,28580
214,10,'ayah',0,28581,28592
214,11,'ayah',0,28593,28602
214,12,'ayah',0,28603,28613
214,13,'ayah',0,28614,28624
214,14,'ayah',0,28625,28634
214,15,'ayah',0,28635,28644
215,1,'ayah',0,28645,28656
215,2,'ayah',0,28657,28667
215,3,'ayah',0,28668,28678
215,4,'ayah',0,28679,28691
215,5,'ayah',0,28692,28702
215,6,'ayah',0,28703,28712
215,7,'ayah',0,28713,28721
215,8,'ayah',0,28722,28732
215,9,'ayah',0,28733,28742
215,10,'ayah',0,28743,28754
215,11,'ayah',0,28755,28765
215,12,'ayah',0,28766,28777
215,13,'ayah',0,28778,28788
215,14,'ayah',0,28789,28799
215,15,'ayah',0,28800,28811
216,1,'ayah',0,28812,28822
216,2,'ayah',0,28823,28831
216,3,'ayah',0,28832,28840
216,4,'ayah',0,28841,28849
216,5,'ayah',0,28850,28859
216,6,'ayah',0,28860,28867
216,7,'ayah',0,28868,28876
216,8,'ayah',0,28877,28885
216,9,'ayah',0,28886,28893
216,10,'ayah',0,28894,28901
216,11,'ayah',0,28902,28911
216,12,'ayah',0,28912,28920
216,13,'ayah',0,28921,28930
216,14,'ayah',0,28931,28939
216,15,'ayah',0,28940,28946
217,1,'ayah',0,28947,28958
217,2,'ayah',0,28959,28967
217,3,'ayah',0,28968,28977
217,4,'ayah',0,28978,28988
217,5,'ayah',0,28989,28998
217,6,'ayah',0,28999,29006
217,7,'ayah',0,29007,29015
217,8,'ayah',0,29016,29024
217,9,'ayah',0,29025,29035
217,10,'ayah',0,29036,29045
217,11,'ayah',0,29046,29053
217,12,'ayah',0,29054,29064
217,13,'ayah',0,29065,29074
217,14,'ayah',0,29075,29083
217,15,'ayah',0,29084,29093
218,1,'ayah',0,29094,29103
218,2,'ayah',0,29104,29115
218,3,'ayah',0,29116,29127
218,4,'ayah',0,29128,29137
218,5,'ayah',0,29138,29148
218,6,'ayah',0,29149,29157
218,7,'ayah',0,29158,29167
218,8,'ayah',0,29168,29177
218,9,'ayah',0,29178,29186
218,10,'ayah',0,29187,29196
218,11,'ayah',0,29197,29203
218,12,'ayah',0,29204,29212
218,13,'ayah',0,29213,29220
218,14,'ayah',0,29221,29228
218,15,'ayah',0,29229,29237
219,1,'ayah',0,29238,29245
219,2,'ayah',0,29246,29254
219,3,'ayah',0,29255,29263
219,4,'ayah',0,29264,29274
219,5,'ayah',0,29275,29283
219,6,'ayah',0,29284,29291
219,7,'ayah',0,29292,29301
219,8,'ayah',0,29302,29309
219,9,'ayah',0,29310,29319
219,10,'ayah',0,29320,29329
219,11,'ayah',0,29330,29338
219,12,'ayah',0,29339,29348
219,13,'ayah',0,29349,29357
219,14,'ayah',0,29358,29366
219,15,'ayah',0,29367,29377
220,1,'ayah',0,29378,29387
220,2,'ayah',0,29388,29396
220,3,'ayah',0,29397,29408
220,4,'ayah',0,29409,29418
220,5,'ayah',0,29419,29428
220,6,'ayah',0,29429,29438
220,7,'ayah',0,29439,29448
220,8,'ayah',0,29449,29458
220,9,'ayah',0,29459,29467
220,10,'ayah',0,29468,29478
220,11,'ayah',0,29479,29488
220,12,'ayah',0,29489,29497
220,13,'ayah',0,29498,29506
220,14,'ayah',0,29507,29517
220,15,'ayah',0,29518,29526
221,1,'ayah',0,29527,29536
221,2,'ayah',0,29537,29546
221,3,'ayah',0,29547,29556
221,4,'ayah',0,29557,29565
221,5,'ayah',0,29566,29575
221,6,'ayah',0,29576,29586
221,7,'surah_name',1,11,
221,8,'basmallah',1,11,
221,9,'ayah',0,29587,29598
221,10,'ayah',0,29599,29609
221,11,'ayah',0,29610,29620
221,12,'ayah',0,29621,29631
221,13,'ayah',0,29632,29644
221,14,'ayah',0,29645,29652
221,15,'ayah',0,29653,29662
222,1,'ayah',0,29663,29671
222,2,'ayah',0,29672,29679
222,3,'ayah',0,29680,29688
222,4,'ayah',0,29689,29697
222,5,'ayah',0,29698,29705
222,6,'ayah',0,29706,29716
222,7,'ayah',0,29717,29725
222,8,'ayah',0,29726,29734
222,9,'ayah',0,29735,29744
222,10,'ayah',0,29745,29753
222,11,'ayah',0,29754,29762
222,12,'ayah',0,29763,29769
222,13,'ayah',0,29770,29779
222,14,'ayah',0,29780,29789
222,15,'ayah',0,29790,29799
223,1,'ayah',0,29800,29808
223,2,'ayah',0,29809,29818
223,3,'ayah',0,29819,29827
223,4,'ayah',0,29828,29838
223,5,'ayah',0,29839,29847
223,6,'ayah',0,29848,29858
223,7,'ayah',0,29859,29868
223,8,'ayah',0,29869,29878
223,9,'ayah',0,29879,29887
223,10,'ayah',0,29888,29897
223,11,'ayah',0,29898,29908
223,12,'ayah',0,29909,29917
223,13,'ayah',0,29918,29925
223,14,'ayah',0,29926,29934
223,15,'ayah',0,29935,29943
224,1,'ayah',0,29944,29952
224,2,'ayah',0,29953,29962
224,3,'ayah',0,29963,29970
224,4,'ayah',0,29971,29980
224,5,'ayah',0,29981,29990
224,6,'ayah',0,29991,29998
224,7,'ayah',0,29999,30006
224,8,'ayah',0,30007,30015
224,9,'ayah',0,30016,30026
224,10,'ayah',0,30027,30037
224,11,'ayah',0,30038,30047
224,12,'ayah',0,30048,30056
224,13,'ayah',0,30057,30067
224,14,'ayah',0,30068,30077
224,15,'ayah',0,30078,30085
225,1,'ayah',0,30086,30097
225,2,'ayah',0,30098,30106
225,3,'ayah',0,30107,30116
225,4,'ayah',0,30117,30126
225,5,'ayah',0,30127,30136
225,6,'ayah',0,30137,30147
225,7,'ayah',0,30148,30156
225,8,'ayah',0,30157,30166
225,9,'ayah',0,30167,30177
225,10,'ayah',0,30178,30188
225,11,'ayah',0,30189,30197
225,12,'ayah',0,30198,30207
225,13,'ayah',0,30208,30219
225,14,'ayah',0,30220,30228
225,15,'ayah',0,30229,30237
226,1,'ayah',0,30238,30247
226,2,'ayah',0,30248,30258
226,3,'ayah',0,30259,30266
226,4,'ayah',0,30267,30277
226,5,'ayah',0,30278,30287
226,6,'ayah',0,30288,30298
226,7,'ayah',0,30299,30308
226,8,'ayah',0,30309,30317
226,9,'ayah',0,30318,30328
226,10,'ayah',0,30329,30339
226,11,'ayah',0,30340,30349
226,12,'ayah',0,30350,30357
226,13,'ayah',0,30358,30366
226,14,'ayah',0,30367,30376
226,15,'ayah',0,30377,30385
227,1,'ayah',0,30386,30395
227,2,'ayah',0,30396,30407
227,3,'ayah',0,30408,30418
227,4,'ayah',0,30419,30429
227,5,'ayah',0,30430,30438
227,6,'ayah',0,30439,30446
227,7,'ayah',0,30447,30456
227,8,'ayah',0,30457,30466
227,9,'ayah',0,30467,30476
227,10,'ayah',0,30477,30487
227,11,'ayah',0,30488,30497
227,12,'ayah',0,30498,30506
227,13,'ayah',0,30507,30515
227,14,'ayah',0,30516,30524
227,15,'ayah',0,30525,30534
228,1,'ayah',0,30535,30545
228,2,'ayah',0,30546,30555
228,3,'ayah',0,30556,30568
228,4,'ayah',0,30569,30579
228,5,'ayah',0,30580,30588
228,6,'ayah',0,30589,30600
228,7,'ayah',0,30601,30610
228,8,'ayah',0,30611,30620
228,9,'ayah',0,30621,30631
228,10,'ayah',0,30632,30642
228,11,'ayah',0,30643,30653
228,12,'ayah',0,30654,30664
228,13,'ayah',0,30665,30674
228,14,'ayah',0,30675,30685
228,15,'ayah',0,30686,30696
229,1,'ayah',0,30697,30707
229,2,'ayah',0,30708,30716
229,3,'ayah',0,30717,30727
229,4,'ayah',0,30728,30737
229,5,'ayah',0,30738,30746
229,6,'ayah',0,30747,30756
229,7,'ayah',0,30757,30766
229,8,'ayah',0,30767,30775
229,9,'ayah',0,30776,30787
229,10,'ayah',0,30788,30796
229,11,'ayah',0,30797,30808
229,12,'ayah',0,30809,30818
229,13,'ayah',0,30819,30828
229,14,'ayah',0,30829,30837
229,15,'ayah',0,30838,30848
230,1,'ayah',0,30849,30857
230,2,'ayah',0,30858,30867
230,3,'ayah',0,30868,30876
230,4,'ayah',0,30877,30884
230,5,'ayah',0,30885,30894
230,6,'ayah',0,30895,30904
230,7,'ayah',0,30905,30913
230,8,'ayah',0,30914,30921
230,9,'ayah',0,30922,30931
230,10,'ayah',0,30932,30942
230,11,'ayah',0,30943,30954
230,12,'ayah',0,30955,30966
230,13,'ayah',0,30967,30975
230,14,'ayah',0,30976,30984
230,15,'ayah',0,30985,30993
231,1,'ayah',0,30994,31001
231,2,'ayah',0,31002,31009
231,3,'ayah',0,31010,31018
231,4,'ayah',0,31019,31028
231,5,'ayah',0,31029,31035
231,6,'ayah',0,31036,31044
231,7,'ayah',0,31045,31051
231,8,'ayah',0,31052,31061
231,9,'ayah',0,31062,31070
231,10,'ayah',0,31071,31079
231,11,'ayah',0,31080,31090
231,12,'ayah',0,31091,31099
231,13,'ayah',0,31100,31108
231,14,'ayah',0,31109,31117
231,15,'ayah',0,31118,31126
232,1,'ayah',0,31127,31135
232,2,'ayah',0,31136,31147
232,3,'ayah',0,31148,31156
232,4,'ayah',0,31157,31166
232,5,'ayah',0,31167,31174
232,6,'ayah',0,31175,31184
232,7,'ayah',0,31185,31192
232,8,'ayah',0,31193,31201
232,9,'ayah',0,31202,31209
232,10,'ayah',0,31210,31218
232,11,'ayah',0,31219,31226
232,12,'ayah',0,31227,31234
232,13,'ayah',0,31235,31244
232,14,'ayah',0,31245,31253
232,15,'ayah',0,31254,31262
233,1,'ayah',0,31263,31270
233,2,'ayah',0,31271,31279
233,3,'ayah',0,31280,31288
233,4,'ayah',0,31289,31297
233,5,'ayah',0,31298,31307
233,6,'ayah',0,31308,31318
233,7,'ayah',0,31319,31328
233,8,'ayah',0,31329,31338
233,9,'ayah',0,31339,31348
233,10,'ayah',0,31349,31359
233,11,'ayah',0,31360,31369
233,12,'ayah',0,31370,31379
233,13,'ayah',0,31380,31390
233,14,'ayah',0,31391,31399
233,15,'ayah',0,31400,31409
234,1,'ayah',0,31410,31420
234,2,'ayah',0,31421,31428
234,3,'ayah',0,31429,31437
234,4,'ayah',0,31438,31446
234,5,'ayah',0,31447,31455
234,6,'ayah',0,31456,31465
234,7,'ayah',0,31466,31476
234,8,'ayah',0,31477,31486
234,9,'ayah',0,31487,31496
234,10,'ayah',0,31497,31504
234,11,'ayah',0,31505,31514
234,12,'ayah',0,31515,31523
234,13,'ayah',0,31524,31533
234,14,'ayah',0,31534,31542
234,15,'ayah',0,31543,31550
235,1,'ayah',0,31551,31559
235,2,'ayah',0,31560,31569
235,3,'ayah',0,31570,31578
235,4,'ayah',0,31579,31588
235,5,'ayah',0,31589,31597
235,6,'ayah',0,31598,31607
235,7,'ayah',0,31608,31616
235,8,'ayah',0,31617,31626
235,9,'surah_name',1,12,
235,10,'basmallah',1,12,
235,11,'ayah',0,31627,31636
235,12,'ayah',0,31637,31644
235,13,'ayah',0,31645,31653
235,14,'ayah',0,31654,31663
235,15,'ayah',0,31664,31672
236,1,'ayah',0,31673,31681
236,2,'ayah',0,31682,31689
236,3,'ayah',0,31690,31696
236,4,'ayah',0,31697,31705
236,5,'ayah',0,31706,31715
236,6,'ayah',0,31716,31725
236,7,'ayah',0,31726,31736
236,8,'ayah',0,31737,31746
236,9,'ayah',0,31747,31756
236,10,'ayah',0,31757,31765
236,11,'ayah',0,31766,31777
236,12,'ayah',0,31778,31787
236,13,'ayah',0,31788,31797
236,14,'ayah',0,31798,31806
236,15,'ayah',0,31807,31815
237,1,'ayah',0,31816,31824
237,2,'ayah',0,31825,31833
237,3,'ayah',0,31834,31842
237,4,'ayah',0,31843,31850
237,5,'ayah',0,31851,31861
237,6,'ayah',0,31862,31870
237,7,'ayah',0,31871,31879
237,8,'ayah',0,31880,31887
237,9,'ayah',0,31888,31895
237,10,'ayah',0,31896,31903
237,11,'ayah',0,31904,31912
237,12,'ayah',0,31913,31921
237,13,'ayah',0,31922,31929
237,14,'ayah',0,31930,31939
237,15,'ayah',0,31940,31946
238,1,'ayah',0,31947,31955
238,2,'ayah',0,31956,31965
238,3,'ayah',0,31966,31976
238,4,'ayah',0,31977,31985
238,5,'ayah',0,31986,31993
238,6,'ayah',0,31994,32003
238,7,'ayah',0,32004,32014
238,8,'ayah',0,32015,32024
238,9,'ayah',0,32025,32034
238,10,'ayah',0,32035,32043
238,11,'ayah',0,32044,32054
238,12,'ayah',0,32055,32063
238,13,'ayah',0,32064,32071
238,14,'ayah',0,32072,32079
238,15,'ayah',0,32080,32089
239,1,'ayah',0,32090,32097
239,2,'ayah',0,32098,32106
239,3,'ayah',0,32107,32116
239,4,'ayah',0,32117,32127
239,5,'ayah',0,32128,32137
239,6,'ayah',0,32138,32146
239,7,'ayah',0,32147,32155
239,8,'ayah',0,32156,32165
239,9,'ayah',0,32166,32178
239,10,'ayah',0,32179,32188
239,11,'ayah',0,32189,32198
239,12,'ayah',0,32199,32208
239,13,'ayah',0,32209,32218
239,14,'ayah',0,32219,32228
239,15,'ayah',0,32229,32238
240,1,'ayah',0,32239,32246
240,2,'ayah',0,32247,32257
240,3,'ayah',0,32258,32266
240,4,'ayah',0,32267,32275
240,5,'ayah',0,32276,32283
240,6,'ayah',0,32284,32293
240,7,'ayah',0,32294,32303
240,8,'ayah',0,32304,32312
240,9,'ayah',0,32313,32320
240,10,'ayah',0,32321,32329
240,11,'ayah',0,32330,32338
240,12,'ayah',0,32339,32347
240,13,'ayah',0,32348,32355
240,14,'ayah',0,32356,32363
240,15,'ayah',0,32364,32372
241,1,'ayah',0,32373,32381
241,2,'ayah',0,32382,32391
241,3,'ayah',0,32392,32400
241,4,'ayah',0,32401,32408
241,5,'ayah',0,32409,32418
241,6,'ayah',0,32419,32428
241,7,'ayah',0,32429,32440
241,8,'ayah',0,32441,32452
241,9,'ayah',0,32453,32462
241,10,'ayah',0,32463,32473
241,11,'ayah',0,32474,32482
241,12,'ayah',0,32483,32493
241,13,'ayah',0,32494,32504
241,14,'ayah',0,32505,32514
241,15,'ayah',0,32515,32525
242,1,'ayah',0,32526,32533
242,2,'ayah',0,32534,32544
242,3,'ayah',0,32545,32553
242,4,'ayah',0,32554,32563
242,5,'ayah',0,32564,32573
242,6,'ayah',0,32574,32583
242,7,'ayah',0,32584,32592
242,8,'ayah',0,32593,32601
242,9,'ayah',0,32602,32611
242,10,'ayah',0,32612,32622
242,11,'ayah',0,32623,32633
242,12,'ayah',0,32634,32642
242,13,'ayah',0,32643,32650
242,14,'ayah',0,32651,32660
242,15,'ayah',0,32661,32669
243,1,'ayah',0,32670,32680
243,2,'ayah',0,32681,32689
243,3,'ayah',0,32690,32696
243,4,'ayah',0,32697,32705
243,5,'ayah',0,32706,32715
243,6,'ayah',0,32716,32725
243,7,'ayah',0,32726,32736
243,8,'ayah',0,32737,32746
243,9,'ayah',0,32747,32756
243,10,'ayah',0,32757,32764
243,11,'ayah',0,32765,32773
243,12,'ayah',0,32774,32784
243,13,'ayah',0,32785,32793
243,14,'ayah',0,32794,32803
243,15,'ayah',0,32804,32814
244,1,'ayah',0,32815,32822
244,2,'ayah',0,32823,32831
244,3,'ayah',0,32832,32839
244,4,'ayah',0,32840,32850
244,5,'ayah',0,32851,32860
244,6,'ayah',0,32861,32870
244,7,'ayah',0,32871,32879
244,8,'ayah',0,32880,32887
244,9,'ayah',0,32888,32896
244,10,'ayah',0,32897,32906
244,11,'ayah',0,32907,32917
244,12,'ayah',0,32918,32927
244,13,'ayah',0,32928,32937
244,14,'ayah',0,32938,32947
244,15,'ayah',0,32948,32956
245,1,'ayah',0,32957,32966
245,2,'ayah',0,32967,32975
245,3,'ayah',0,32976,32984
245,4,'ayah',0,32985,32994
245,5,'ayah',0,32995,33005
245,6,'ayah',0,33006,33014
245,7,'ayah',0,33015,33023
245,8,'ayah',0,33024,33032
245,9,'ayah',0,33033,33041
245,10,'ayah',0,33042,33050
245,11,'ayah',0,33051,33059
245,12,'ayah',0,33060,33067
245,13,'ayah',0,33068,33076
245,14,'ayah',0,33077,33086
245,15,'ayah',0,33087,33097
246,1,'ayah',0,33098,33105
246,2,'ayah',0,33106,33116
246,3,'ayah',0,33117,33124
246,4,'ayah',0,33125,33132
246,5,'ayah',0,33133,33140
246,6,'ayah',0,33141,33149
246,7,'ayah',0,33150,33158
246,8,'ayah',0,33159,33168
246,9,'ayah',0,33169,33178
246,10,'ayah',0,33179,33188
246,11,'ayah',0,33189,33197
246,12,'ayah',0,33198,33205
246,13,'ayah',0,33206,33212
246,14,'ayah',0,33213,33221
246,15,'ayah',0,33222,33230
247,1,'ayah',0,33231,33239
247,2,'ayah',0,33240,33251
247,3,'ayah',0,33252,33260
247,4,'ayah',0,33261,33270
247,5,'ayah',0,33271,33279
247,6,'ayah',0,33280,33289
247,7,'ayah',0,33290,33298
247,8,'ayah',0,33299,33308
247,9,'ayah',0,33309,33318
247,10,'ayah',0,33319,33327
247,11,'ayah',0,33328,33337
247,12,'ayah',0,33338,33344
247,13,'ayah',0,33345,33352
247,14,'ayah',0,33353,33360
247,15,'ayah',0,33361,33369
248,1,'ayah',0,33370,33378
248,2,'ayah',0,33379,33390
248,3,'ayah',0,33391,33399
248,4,'ayah',0,33400,33409
248,5,'ayah',0,33410,33419
248,6,'ayah',0,33420,33430
248,7,'ayah',0,33431,33441
248,8,'ayah',0,33442,33451
248,9,'ayah',0,33452,33459
248,10,'ayah',0,33460,33468
248,11,'ayah',0,33469,33478
248,12,'ayah',0,33479,33488
248,13,'ayah',0,33489,33497
248,14,'ayah',0,33498,33506
248,15,'ayah',0,33507,33514
249,1,'surah_name',1,13,
249,2,'basmallah',1,13,
249,3,'ayah',0,33515,33524
249,4,'ayah',0,33525,33535
249,5,'ayah',0,33536,33544
249,6,'ayah',0,33545,33553
249,7,'ayah',0,33554,33563
249,8,'ayah',0,33564,33572
249,9,'ayah',0,33573,33583
249,10,'ayah',0,33584,33591
249,11,'ayah',0,33592,33599
249,12,'ayah',0,33600,33610
249,13,'ayah',0,33611,33620
249,14,'ayah',0,33621,33627
249,15,'ayah',0,33628,33636
250,1,'ayah',0,33637,33643
250,2,'ayah',0,33644,33652
250,3,'ayah',0,33653,33660
250,4,'ayah',0,33661,33670
250,5,'ayah',0,33671,33681
250,6,'ayah',0,33682,33691
250,7,'ayah',0,33692,33700
250,8,'ayah',0,33701,33710
250,9,'ayah',0,33711,33718
250,10,'ayah',0,33719,33730
250,11,'ayah',0,33731,33740
250,12,'ayah',0,33741,33751
250,13,'ayah',0,33752,33759
250,14,'ayah',0,33760,33766
250,15,'ayah',0,33767,33776
251,1,'ayah',0,33777,33785
251,2,'ayah',0,33786,33796
251,3,'ayah',0,33797,33806
251,4,'ayah',0,33807,33814
251,5,'ayah',0,33815,33823
251,6,'ayah',0,33824,33831
251,7,'ayah',0,33832,33840
251,8,'ayah',0,33841,33848
251,9,'ayah',0,33849,33856
251,10,'ayah',0,33857,33866
251,11,'ayah',0,33867,33873
251,12,'ayah',0,33874,33882
251,13,'ayah',0,33883,33889
251,14,'ayah',0,33890,33897
251,15,'ayah',0,33898,33905
252,1,'ayah',0,33906,33915
252,2,'ayah',0,33916,33926
252,3,'ayah',0,33927,33935
252,4,'ayah',0,33936,33947
252,5,'ayah',0,33948,33957
252,6,'ayah',0,33958,33967
252,7,'ayah',0,33968,33976
252,8,'ayah',0,33977,33984
252,9,'ayah',0,33985,33993
252,10,'ayah',0,33994,34001
252,11,'ayah',0,34002,34012
252,12,'ayah',0,34013,34022
252,13,'ayah',0,34023,34033
252,14,'ayah',0,34034,34045
252,15,'ayah',0,34046,34056
253,1,'ayah',0,34057,34068
253,2,'ayah',0,34069,34079
253,3,'ayah',0,34080,34090
253,4,'ayah',0,34091,34100
253,5,'ayah',0,34101,34111
253,6,'ayah',0,34112,34123
253,7,'ayah',0,34124,34136
253,8,'ayah',0,34137,34149
253,9,'ayah',0,34150,34160
253,10,'ayah',0,34161,34173
253,11,'ayah',0,34174,34184
253,12,'ayah',0,34185,34195
253,13,'ayah',0,34196,34207
253,14,'ayah',0,34208,34220
253,15,'ayah',0,34221,34232
254,1,'ayah',0,34233,34241
254,2,'ayah',0,34242,34252
254,3,'ayah',0,34253,34261
254,4,'ayah',0,34262,34269
254,5,'ayah',0,34270,34278
254,6,'ayah',0,34279,34289
254,7,'ayah',0,34290,34298
254,8,'ayah',0,34299,34309
254,9,'ayah',0,34310,34320
254,10,'ayah',0,34321,34329
254,11,'ayah',0,34330,34340
254,12,'ayah',0,34341,34349
254,13,'ayah',0,34350,34357
254,14,'ayah',0,34358,34367
254,15,'ayah',0,34368,34376
255,1,'ayah',0,34377,34385
255,2,'ayah',0,34386,34395
255,3,'ayah',0,34396,34403
255,4,'ayah',1,34404,34411
255,5,'surah_name',1,14,
255,6,'basmallah',1,14,
255,7,'ayah',0,34412,34421
255,8,'ayah',0,34422,34433
255,9,'ayah',0,34434,34443
255,10,'ayah',0,34444,34451
255,11,'ayah',0,34452,34461
255,12,'ayah',0,34462,34471
255,13,'ayah',0,34472,34481
255,14,'ayah',0,34482,34491
255,15,'ayah',0,34492,34502
256,1,'ayah',0,34503,34511
256,2,'ayah',0,34512,34518
256,3,'ayah',0,34519,34524
256,4,'ayah',0,34525,34534
256,5,'ayah',0,34535,34542
256,6,'ayah',0,34543,34551
256,7,'ayah',0,34552,34561
256,8,'ayah',0,34562,34569
256,9,'ayah',0,34570,34576
256,10,'ayah',0,34577,34584
256,11,'ayah',0,34585,34594
256,12,'ayah',0,34595,34602
256,13,'ayah',0,34603,34610
256,14,'ayah',0,34611,34619
256,15,'ayah',0,34620,34627
257,1,'ayah',0,34628,34638
257,2,'ayah',0,34639,34649
257,3,'ayah',0,34650,34660
257,4,'ayah',0,34661,34669
257,5,'ayah',0,34670,34677
257,6,'ayah',0,34678,34686
257,7,'ayah',0,34687,34694
257,8,'ayah',0,34695,34704
257,9,'ayah',0,34705,34715
257,10,'ayah',0,34716,34725
257,11,'ayah',0,34726,34735
257,12,'ayah',0,34736,34745
257,13,'ayah',0,34746,34755
257,14,'ayah',0,34756,34767
257,15,'ayah',0,34768,34778
258,1,'ayah',0,34779,34786
258,2,'ayah',0,34787,34797
258,3,'ayah',0,34798,34807
258,4,'ayah',0,34808,34818
258,5,'ayah',0,34819,34827
258,6,'ayah',0,34828,34837
258,7,'ayah',0,34838,34845
258,8,'ayah',0,34846,34854
258,9,'ayah',0,34855,34863
258,10,'ayah',0,34864,34872
258,11,'ayah',0,34873,34883
258,12,'ayah',0,34884,34892
258,13,'ayah',0,34893,34901
258,14,'ayah',0,34902,34909
258,15,'ayah',0,34910,34919
259,1,'ayah',0,34920,34927
259,2,'ayah',0,34928,34936
259,3,'ayah',0,34937,34947
259,4,'ayah',0,34948,34956
259,5,'ayah',0,34957,34965
259,6,'ayah',0,34966,34974
259,7,'ayah',0,34975,34982
259,8,'ayah',0,34983,34994
259,9,'ayah',0,34995,35003
259,10,'ayah',0,35004,35012
259,11,'ayah',0,35013,35021
259,12,'ayah',0,35022,35030
259,13,'ayah',0,35031,35039
259,14,'ayah',0,35040,35048
259,15,'ayah',0,35049,35057
260,1,'ayah',0,35058,35064
260,2,'ayah',0,35065,35071
260,3,'ayah',0,35072,35080
260,4,'ayah',0,35081,35087
260,5,'ayah',0,35088,35094
260,6,'ayah',0,35095,35101
260,7,'ayah',0,35102,35111
260,8,'ayah',0,35112,35121
260,9,'ayah',0,35122,35130
260,10,'ayah',0,35131,35138
260,11,'ayah',0,35139,35147
260,12,'ayah',0,35148,35154
260,13,'ayah',0,35155,35161
260,14,'ayah',0,35162,35168
260,15,'ayah',0,35169,35176
261,1,'ayah',0,35177,35184
261,2,'ayah',0,35185,35193
261,3,'ayah',0,35194,35204
261,4,'ayah',0,35205,35214
261,5,'ayah',0,35215,35224
261,6,'ayah',0,35225,35235
261,7,'ayah',0,35236,35246
261,8,'ayah',0,35247,35255
261,9,'ayah',0,35256,35263
261,10,'ayah',0,35264,35273
261,11,'ayah',0,35274,35283
261,12,'ayah',0,35284,35293
261,13,'surah_name',1,15,
261,14,'basmallah',1,15,
261,15,'ayah',0,35294,35300
262,1,'ayah',0,35301,35308
262,2,'ayah',0,35309,35316
262,3,'ayah',0,35317,35326
262,4,'ayah',0,35327,35335
262,5,'ayah',0,35336,35345
262,6,'ayah',0,35346,35354
262,7,'ayah',0,35355,35364
262,8,'ayah',0,35365,35373
262,9,'ayah',0,35374,35383
262,10,'ayah',0,35384,35392
262,11,'ayah',0,35393,35402
262,12,'ayah',0,35403,35412
262,13,'ayah',0,35413,35422
262,14,'ayah',0,35423,35431
262,15,'ayah',0,35432,35441
263,1,'ayah',0,35442,35449
263,2,'ayah',0,35450,35459
263,3,'ayah',0,35460,35470
263,4,'ayah',0,35471,35479
263,5,'ayah',0,35480,35489
263,6,'ayah',0,35490,35497
263,7,'ayah',0,35498,35505
263,8,'ayah',0,35506,35513
263,9,'ayah',0,35514,35523
263,10,'ayah',0,35524,35534
263,11,'ayah',0,35535,35544
263,12,'ayah',0,35545,35553
263,13,'ayah',0,35554,35563
263,14,'ayah',0,35564,35575
263,15,'ayah',0,35576,35584
264,1,'ayah',0,35585,35593
264,2,'ayah',0,35594,35604
264,3,'ayah',0,35605,35614
264,4,'ayah',0,35615,35622
264,5,'ayah',0,35623,35630
264,6,'ayah',0,35631,35639
264,7,'ayah',0,35640,35648
264,8,'ayah',0,35649,35656
264,9,'ayah',0,35657,35665
264,10,'ayah',0,35666,35673
264,11,'ayah',0,35674,35683
264,12,'ayah',0,35684,35692
264,13,'ayah',0,35693,35701
264,14,'ayah',0,35702,35710
264,15,'ayah',0,35711,35720
265,1,'ayah',0,35721,35730
265,2,'ayah',0,35731,35739
265,3,'ayah',0,35740,35750
265,4,'ayah',0,35751,35760
265,5,'ayah',0,35761,35771
265,6,'ayah',0,35772,35781
265,7,'ayah',0,35782,35792
265,8,'ayah',0,35793,35801
265,9,'ayah',0,35802,35810
265,10,'ayah',0,35811,35818
265,11,'ayah',0,35819,35828
265,12,'ayah',0,35829,35837
265,13,'ayah',0,35838,35847
265,14,'ayah',0,35848,35857
265,15,'ayah',0,35858,35866
266,1,'ayah',0,35867,35873
266,2,'ayah',0,35874,35883
266,3,'ayah',0,35884,35893
266,4,'ayah',0,35894,35901
266,5,'ayah',0,35902,35909
266,6,'ayah',0,35910,35917
266,7,'ayah',0,35918,35926
266,8,'ayah',0,35927,35934
266,9,'ayah',0,35935,35942
266,10,'ayah',0,35943,35950
266,11,'ayah',0,35951,35960
266,12,'ayah',0,35961,35968
266,13,'ayah',0,35969,35977
266,14,'ayah',0,35978,35985
266,15,'ayah',0,35986,35993
267,1,'ayah',0,35994,36000
267,2,'ayah',0,36001,36009
267,3,'ayah',0,36010,36017
267,4,'ayah',0,36018,36027
267,5,'ayah',0,36028,36037
267,6,'ayah',0,36038,36047
267,7,'surah_name',1,16,
267,8,'basmallah',1,16,
267,9,'ayah',0,36048,36057
267,10,'ayah',0,36058,36066
267,11,'ayah',0,36067,36077
267,12,'ayah',0,36078,36085
267,13,'ayah',0,36086,36094
267,14,'ayah',0,36095,36102
267,15,'ayah',0,36103,36110
268,1,'ayah',0,36111,36118
268,2,'ayah',0,36119,36126
268,3,'ayah',0,36127,36133
268,4,'ayah',0,36134,36142
268,5,'ayah',0,36143,36151
268,6,'ayah',0,36152,36160
268,7,'ayah',0,36161,36166
268,8,'ayah',0,36167,36175
268,9,'ayah',0,36176,36182
268,10,'ayah',0,36183,36190
268,11,'ayah',0,36191,36200
268,12,'ayah',0,36201,36209
268,13,'ayah',0,36210,36216
268,14,'ayah',0,36217,36222
268,15,'ayah',0,36223,36229
269,1,'ayah',0,36230,36238
269,2,'ayah',0,36239,36246
269,3,'ayah',0,36247,36256
269,4,'ayah',0,36257,36266
269,5,'ayah',0,36267,36275
269,6,'ayah',0,36276,36284
269,7,'ayah',0,36285,36293
269,8,'ayah',0,36294,36301
269,9,'ayah',0,36302,36312
269,10,'ayah',0,36313,36322
269,11,'ayah',0,36323,36330
269,12,'ayah',0,36331,36338
269,13,'ayah',0,36339,36349
269,14,'ayah',0,36350,36357
269,15,'ayah',0,36358,36365
270,1,'ayah',0,36366,36373
270,2,'ayah',0,36374,36382
270,3,'ayah',0,36383,36390
270,4,'ayah',0,36391,36401
270,5,'ayah',0,36402,36410
270,6,'ayah',0,36411,36418
270,7,'ayah',0,36419,36428
270,8,'ayah',0,36429,36437
270,9,'ayah',0,36438,36446
270,10,'ayah',0,36447,36455
270,11,'ayah',0,36456,36463
270,12,'ayah',0,36464,36473
270,13,'ayah',0,36474,36483
270,14,'ayah',0,36484,36491
270,15,'ayah',0,36492,36500
271,1,'ayah',0,36501,36510
271,2,'ayah',0,36511,36521
271,3,'ayah',0,36522,36530
271,4,'ayah',0,36531,36541
271,5,'ayah',0,36542,36549
271,6,'ayah',0,36550,36558
271,7,'ayah',0,36559,36567
271,8,'ayah',0,36568,36578
271,9,'ayah',0,36579,36588
271,10,'ayah',0,36589,36598
271,11,'ayah',0,36599,36606
271,12,'ayah',0,36607,36616
271,13,'ayah',0,36617,36627
271,14,'ayah',0,36628,36635
271,15,'ayah',0,36636,36644
272,1,'ayah',0,36645,36654
272,2,'ayah',0,36655,36664
272,3,'ayah',0,36665,36673
272,4,'ayah',0,36674,36682
272,5,'ayah',0,36683,36693
272,6,'ayah',0,36694,36704
272,7,'ayah',0,36705,36716
272,8,'ayah',0,36717,36725
272,9,'ayah',0,36726,36736
272,10,'ayah',0,36737,36745
272,11,'ayah',0,36746,36756
272,12,'ayah',0,36757,36766
272,13,'ayah',0,36767,36777
272,14,'ayah',0,36778,36788
272,15,'ayah',0,36789,36797
273,1,'ayah',0,36798,36805
273,2,'ayah',0,36806,36815
273,3,'ayah',0,36816,36825
273,4,'ayah',0,36826,36835
273,5,'ayah',0,36836,36847
273,6,'ayah',0,36848,36858
273,7,'ayah',0,36859,36868
273,8,'ayah',0,36869,36878
273,9,'ayah',0,36879,36888
273,10,'ayah',0,36889,36897
273,11,'ayah',0,36898,36907
273,12,'ayah',0,36908,36917
273,13,'ayah',0,36918,36925
273,14,'ayah',0,36926,36935
273,15,'ayah',0,36936,36943
274,1,'ayah',0,36944,36954
274,2,'ayah',0,36955,36965
274,3,'ayah',0,36966,36976
274,4,'ayah',0,36977,36985
274,5,'ayah',0,36986,36996
274,6,'ayah',0,36997,37006
274,7,'ayah',0,37007,37017
274,8,'ayah',0,37018,37027
274,9,'ayah',0,37028,37037
274,10,'ayah',0,37038,37049
274,11,'ayah',0,37050,37061
274,12,'ayah',0,37062,37072
274,13,'ayah',0,37073,37082
274,14,'ayah',0,37083,37091
274,15,'ayah',0,37092,37099
275,1,'ayah',0,37100,37109
275,2,'ayah',0,37110,37117
275,3,'ayah',0,37118,37127
275,4,'ayah',0,37128,37137
275,5,'ayah',0,37138,37146
275,6,'ayah',0,37147,37156
275,7,'ayah',0,37157,37165
275,8,'ayah',0,37166,37175
275,9,'ayah',0,37176,37184
275,10,'ayah',0,37185,37193
275,11,'ayah',0,37194,37205
275,12,'ayah',0,37206,37213
275,13,'ayah',0,37214,37220
275,14,'ayah',0,37221,37230
275,15,'ayah',0,37231,37239
276,1,'ayah',0,37240,37248
276,2,'ayah',0,37249,37255
276,3,'ayah',0,37256,37261
276,4,'ayah',0,37262,37271
276,5,'ayah',0,37272,37279
276,6,'ayah',0,37280,37287
276,7,'ayah',0,37288,37296
276,8,'ayah',0,37297,37304
276,9,'ayah',0,37305,37313
276,10,'ayah',0,37314,37322
276,11,'ayah',0,37323,37331
276,12,'ayah',0,37332,37340
276,13,'ayah',0,37341,37347
276,14,'ayah',0,37348,37355
276,15,'ayah',0,37356,37364
277,1,'ayah',0,37365,37372
277,2,'ayah',0,37373,37382
277,3,'ayah',0,37383,37390
277,4,'ayah',0,37391,37398
277,5,'ayah',0,37399,37406
277,6,'ayah',0,37407,37413
277,7,'ayah',0,37414,37420
277,8,'ayah',0,37421,37428
277,9,'ayah',0,37429,37437
277,10,'ayah',0,37438,37446
277,11,'ayah',0,37447,37454
277,12,'ayah',0,37455,37465
277,13,'ayah',0,37466,37474
277,14,'ayah',0,37475,37483
277,15,'ayah',0,37484,37492
278,1,'ayah',0,37493,37500
278,2,'ayah',0,37501,37508
278,3,'ayah',0,37509,37518
278,4,'ayah',0,37519,37530
278,5,'ayah',0,37531,37538
278,6,'ayah',0,37539,37547
278,7,'ayah',0,37548,37556
278,8,'ayah',0,37557,37564
278,9,'ayah',0,37565,37572
278,10,'ayah',0,37573,37581
278,11,'ayah',0,37582,37589
278,12,'ayah',0,37590,37599
278,13,'ayah',0,37600,37608
278,14,'ayah',0,37609,37618
278,15,'ayah',0,37619,37625
279,1,'ayah',0,37626,37633
279,2,'ayah',0,37634,37640
279,3,'ayah',0,37641,37650
279,4,'ayah',0,37651,37659
279,5,'ayah',0,37660,37669
279,6,'ayah',0,37670,37678
279,7,'ayah',0,37679,37686
279,8,'ayah',0,37687,37695
279,9,'ayah',0,37696,37704
279,10,'ayah',0,37705,37713
279,11,'ayah',0,37714,37722
279,12,'ayah',0,37723,37732
279,13,'ayah',0,37733,37741
279,14,'ayah',0,37742,37751
279,15,'ayah',0,37752,37761
280,1,'ayah',0,37762,37768
280,2,'ayah',0,37769,37776
280,3,'ayah',0,37777,37784
280,4,'ayah',0,37785,37791
280,5,'ayah',0,37792,37798
280,6,'ayah',0,37799,37806
280,7,'ayah',0,37807,37814
280,8,'ayah',0,37815,37823
280,9,'ayah',0,37824,37833
280,10,'ayah',0,37834,37840
280,11,'ayah',0,37841,37848
280,12,'ayah',0,37849,37856
280,13,'ayah',0,37857,37864
280,14,'ayah',0,37865,37872
280,15,'ayah',0,37873,37878
281,1,'ayah',0,37879,37887
281,2,'ayah',0,37888,37896
281,3,'ayah',0,37897,37906
281,4,'ayah',0,37907,37914
281,5,'ayah',0,37915,37924
281,6,'ayah',0,37925,37934
281,7,'ayah',0,37935,37944
281,8,'ayah',0,37945,37953
281,9,'ayah',0,37954,37963
281,10,'ayah',0,37964,37970
281,11,'ayah',0,37971,37980
281,12,'ayah',0,37981,37989
281,13,'ayah',0,37990,37999
281,14,'ayah',0,38000,38010
281,15,'ayah',0,38011,38019
282,1,'surah_name',1,17,
282,2,'basmallah',1,17,
282,3,'ayah',0,38020,38026
282,4,'ayah',0,38027,38034
282,5,'ayah',0,38035,38044
282,6,'ayah',0,38045,38052
282,7,'ayah',0,38053,38062
282,8,'ayah',0,38063,38071
282,9,'ayah',0,38072,38080
282,10,'ayah',0,38081,38089
282,11,'ayah',0,38090,38098
282,12,'ayah',0,38099,38105
282,13,'ayah',0,38106,38114
282,14,'ayah',0,38115,38122
282,15,'ayah',0,38123,38132
283,1,'ayah',0,38133,38141
283,2,'ayah',0,38142,38151
283,3,'ayah',0,38152,38159
283,4,'ayah',0,38160,38169
283,5,'ayah',0,38170,38178
283,6,'ayah',0,38179,38188
283,7,'ayah',0,38189,38197
283,8,'ayah',0,38198,38206
283,9,'ayah',0,38207,38216
283,10,'ayah',0,38217,38227
283,11,'ayah',0,38228,38237
283,12,'ayah',0,38238,38248
283,13,'ayah',0,38249,38258
283,14,'ayah',0,38259,38267
283,15,'ayah',0,38268,38277
284,1,'ayah',0,38278,38290
284,2,'ayah',0,38291,38301
284,3,'ayah',0,38302,38312
284,4,'ayah',0,38313,38324
284,5,'ayah',0,38325,38334
284,6,'ayah',0,38335,38346
284,7,'ayah',0,38347,38356
284,8,'ayah',0,38357,38368
284,9,'ayah',0,38369,38379
284,10,'ayah',0,38380,38391
284,11,'ayah',0,38392,38401
284,12,'ayah',0,38402,38411
284,13,'ayah',0,38412,38421
284,14,'ayah',0,38422,38433
284,15,'ayah',0,38434,38444
285,1,'ayah',0,38445,38454
285,2,'ayah',0,38455,38464
285,3,'ayah',0,38465,38476
285,4,'ayah',0,38477,38487
285,5,'ayah',0,38488,38497
285,6,'ayah',0,38498,38509
285,7,'ayah',0,38510,38519
285,8,'ayah',0,38520,38528
285,9,'ayah',0,38529,38541
285,10,'ayah',0,38542,38551
285,11,'ayah',0,38552,38562
285,12,'ayah',0,38563,38574
285,13,'ayah',0,38575,38585
285,14,'ayah',0,38586,38594
285,15,'ayah',0,38595,38603
286,1,'ayah',0,38604,38615
286,2,'ayah',0,38616,38628
286,3,'ayah',0,38629,38639
286,4,'ayah',0,38640,38650
286,5,'ayah',0,38651,38660
286,6,'ayah',0,38661,38670
286,7,'ayah',0,38671,38680
286,8,'ayah',0,38681,38691
286,9,'ayah',0,38692,38702
286,10,'ayah',0,38703,38713
286,11,'ayah',0,38714,38723
286,12,'ayah',0,38724,38733
286,13,'ayah',0,38734,38744
286,14,'ayah',0,38745,38752
286,15,'ayah',0,38753,38762
287,1,'ayah',0,38763,38772
287,2,'ayah',0,38773,38782
287,3,'ayah',0,38783,38794
287,4,'ayah',0,38795,38805
287,5,'ayah',0,38806,38815
287,6,'ayah',0,38816,38826
287,7,'ayah',0,38827,38836
287,8,'ayah',0,38837,38845
287,9,'ayah',0,38846,38856
287,10,'ayah',0,38857,38866
287,11,'ayah',0,38867,38877
287,12,'ayah',0,38878,38887
287,13,'ayah',0,38888,38900
287,14,'ayah',0,38901,38910
287,15,'ayah',0,38911,38920
288,1,'ayah',0,38921,38929
288,2,'ayah',0,38930,38939
288,3,'ayah',0,38940,38948
288,4,'ayah',0,38949,38958
288,5,'ayah',0,38959,38966
288,6,'ayah',0,38967,38973
288,7,'ayah',0,38974,38982
288,8,'ayah',0,38983,38992
288,9,'ayah',0,38993,39003
288,10,'ayah',0,39004,39014
288,11,'ayah',0,39015,39023
288,12,'ayah',0,39024,39034
288,13,'ayah',0,39035,39045
288,14,'ayah',0,39046,39053
288,15,'ayah',0,39054,39064
289,1,'ayah',0,39065,39073
289,2,'ayah',0,39074,39082
289,3,'ayah',0,39083,39091
289,4,'ayah',0,39092,39101
289,5,'ayah',0,39102,39112
289,6,'ayah',0,39113,39121
289,7,'ayah',0,39122,39131
289,8,'ayah',0,39132,39142
289,9,'ayah',0,39143,39152
289,10,'ayah',0,39153,39163
289,11,'ayah',0,39164,39175
289,12,'ayah',0,39176,39185
289,13,'ayah',0,39186,39196
289,14,'ayah',0,39197,39206
289,15,'ayah',0,39207,39216
290,1,'ayah',0,39217,39226
290,2,'ayah',0,39227,39236
290,3,'ayah',0,39237,39246
290,4,'ayah',0,39247,39257
290,5,'ayah',0,39258,39266
290,6,'ayah',0,39267,39278
290,7,'ayah',0,39279,39287
290,8,'ayah',0,39288,39300
290,9,'ayah',0,39301,39311
290,10,'ayah',0,39312,39321
290,11,'ayah',0,39322,39331
290,12,'ayah',0,39332,39343
290,13,'ayah',0,39344,39355
290,14,'ayah',0,39356,39365
290,15,'ayah',0,39366,39375
291,1,'ayah',0,39376,39387
291,2,'ayah',0,39388,39397
291,3,'ayah',0,39398,39409
291,4,'ayah',0,39410,39421
291,5,'ayah',0,39422,39429
291,6,'ayah',0,39430,39439
291,7,'ayah',0,39440,39450
291,8,'ayah',0,39451,39460
291,9,'ayah',0,39461,39468
291,10,'ayah',0,39469,39477
291,11,'ayah',0,39478,39486
291,12,'ayah',0,39487,39496
291,13,'ayah',0,39497,39507
291,14,'ayah',0,39508,39518
291,15,'ayah',0,39519,39527
292,1,'ayah',0,39528,39538
292,2,'ayah',0,39539,39549
292,3,'ayah',0,39550,39559
292,4,'ayah',0,39560,39569
292,5,'ayah',0,39570,39579
292,6,'ayah',0,39580,39590
292,7,'ayah',0,39591,39600
292,8,'ayah',0,39601,39612
292,9,'ayah',0,39613,39623
292,10,'ayah',0,39624,39633
292,11,'ayah',0,39634,39642
292,12,'ayah',0,39643,39653
292,13,'ayah',0,39654,39664
292,14,'ayah',0,39665,39675
292,15,'ayah',0,39676,39686
293,1,'surah_name',1,18,
293,2,'basmallah',1,18,
293,3,'ayah',0,39687,39696
293,4,'ayah',0,39697,39705
293,5,'ayah',0,39706,39714
293,6,'ayah',0,39715,39723
293,7,'ayah',0,39724,39734
293,8,'ayah',0,39735,39743
293,9,'ayah',0,39744,39752
293,10,'ayah',0,39753,39763
293,11,'ayah',0,39764,39773
293,12,'ayah',0,39774,39781
293,13,'ayah',0,39782,39791
293,14,'ayah',0,39792,39801
293,15,'ayah',0,39802,39809
294,1,'ayah',0,39810,39819
294,2,'ayah',0,39820,39828
294,3,'ayah',0,39829,39837
294,4,'ayah',0,39838,39846
294,5,'ayah',0,39847,39857
294,6,'ayah',0,39858,39866
294,7,'ayah',0,39867,39876
294,8,'ayah',0,39877,39886
294,9,'ayah',0,39887,39896
294,10,'ayah',0,39897,39904
294,11,'ayah',0,39905,39915
294,12,'ayah',0,39916,39925
294,13,'ayah',0,39926,39932
294,14,'ayah',0,39933,39939
294,15,'ayah',0,39940,39948
295,1,'ayah',0,39949,39955
295,2,'ayah',0,39956,39965
295,3,'ayah',0,39966,39973
295,4,'ayah',0,39974,39980
295,5,'ayah',0,39981,39988
295,6,'ayah',0,39989,39996
295,7,'ayah',0,39997,40004
295,8,'ayah',0,40005,40014
295,9,'ayah',0,40015,40021
295,10,'ayah',0,40022,40029
295,11,'ayah',0,40030,40036
295,12,'ayah',0,40037,40042
295,13,'ayah',0,40043,40049
295,14,'ayah',0,40050,40058
295,15,'ayah',0,40059,40068
296,1,'ayah',0,40069,40079
296,2,'ayah',0,40080,40089
296,3,'ayah',0,40090,40098
296,4,'ayah',0,40099,40108
296,5,'ayah',0,40109,40117
296,6,'ayah',0,40118,40129
296,7,'ayah',0,40130,40139
296,8,'ayah',0,40140,40148
296,9,'ayah',0,40149,40155
296,10,'ayah',0,40156,40163
296,11,'ayah',0,40164,40172
296,12,'ayah',0,40173,40181
296,13,'ayah',0,40182,40189
296,14,'ayah',0,40190,40196
296,15,'ayah',0,40197,40203
297,1,'ayah',0,40204,40213
297,2,'ayah',0,40214,40223
297,3,'ayah',0,40224,40232
297,4,'ayah',0,40233,40240
297,5,'ayah',0,40241,40248
297,6,'ayah',0,40249,40255
297,7,'ayah',0,40256,40263
297,8,'ayah',0,40264,40272
297,9,'ayah',0,40273,40280
297,10,'ayah',0,40281,40290
297,11,'ayah',0,40291,40300
297,12,'ayah',0,40301,40309
297,13,'ayah',0,40310,40318
297,14,'ayah',0,40319,40327
297,15,'ayah',0,40328,40338
298,1,'ayah',0,40339,40350
298,2,'ayah',0,40351,40361
298,3,'ayah',0,40362,40370
298,4,'ayah',0,40371,40380
298,5,'ayah',0,40381,40390
298,6,'ayah',0,40391,40398
298,7,'ayah',0,40399,40408
298,8,'ayah',0,40409,40417
298,9,'ayah',0,40418,40427
298,10,'ayah',0,40428,40435
298,11,'ayah',0,40436,40442
298,12,'ayah',0,40443,40451
298,13,'ayah',0,40452,40458
298,14,'ayah',0,40459,40467
298,15,'ayah',0,40468,40475
299,1,'ayah',0,40476,40483
299,2,'ayah',0,40484,40492
299,3,'ayah',0,40493,40499
299,4,'ayah',0,40500,40507
299,5,'ayah',0,40508,40516
299,6,'ayah',0,40517,40525
299,7,'ayah',0,40526,40534
299,8,'ayah',0,40535,40541
299,9,'ayah',0,40542,40550
299,10,'ayah',0,40551,40558
299,11,'ayah',0,40559,40566
299,12,'ayah',0,40567,40573
299,13,'ayah',0,40574,40581
299,14,'ayah',0,40582,40591
299,15,'ayah',0,40592,40601
300,1,'ayah',0,40602,40610
300,2,'ayah',0,40611,40619
300,3,'ayah',0,40620,40627
300,4,'ayah',0,40628,40634
300,5,'ayah',0,40635,40643
300,6,'ayah',0,40644,40653
300,7,'ayah',0,40654,40662
300,8,'ayah',0,40663,40672
300,9,'ayah',0,40673,40681
300,10,'ayah',0,40682,40691
300,11,'ayah',0,40692,40698
300,12,'ayah',0,40699,40709
300,13,'ayah',0,40710,40719
300,14,'ayah',0,40720,40729
300,15,'ayah',0,40730,40739
301,1,'ayah',0,40740,40748
301,2,'ayah',0,40749,40757
301,3,'ayah',0,40758,40768
301,4,'ayah',0,40769,40777
301,5,'ayah',0,40778,40787
301,6,'ayah',0,40788,40798
301,7,'ayah',0,40799,40809
301,8,'ayah',0,40810,40819
301,9,'ayah',0,40820,40830
301,10,'ayah',0,40831,40840
301,11,'ayah',0,40841,40848
301,12,'ayah',0,40849,40860
301,13,'ayah',0,40861,40869
301,14,'ayah',0,40870,40878
301,15,'ayah',0,40879,40888
302,1,'ayah',0,40889,40898
302,2,'ayah',0,40899,40908
302,3,'ayah',0,40909,40919
302,4,'ayah',0,40920,40928
302,5,'ayah',0,40929,40939
302,6,'ayah',0,40940,40948
302,7,'ayah',0,40949,40957
302,8,'ayah',0,40958,40966
302,9,'ayah',0,40967,40976
302,10,'ayah',0,40977,40986
302,11,'ayah',0,40987,40995
302,12,'ayah',0,40996,41004
302,13,'ayah',0,41005,41013
302,14,'ayah',0,41014,41025
302,15,'ayah',0,41026,41035
303,1,'ayah',0,41036,41047
303,2,'ayah',0,41048,41058
303,3,'ayah',0,41059,41067
303,4,'ayah',0,41068,41078
303,5,'ayah',0,41079,41089
303,6,'ayah',0,41090,41100
303,7,'ayah',0,41101,41112
303,8,'ayah',0,41113,41124
303,9,'ayah',0,41125,41137
303,10,'ayah',0,41138,41148
303,11,'ayah',0,41149,41157
303,12,'ayah',0,41158,41169
303,13,'ayah',0,41170,41178
303,14,'ayah',0,41179,41188
303,15,'ayah',0,41189,41200
304,1,'ayah',0,41201,41210
304,2,'ayah',0,41211,41221
304,3,'ayah',0,41222,41232
304,4,'ayah',0,41233,41241
304,5,'ayah',0,41242,41251
304,6,'ayah',0,41252,41260
304,7,'ayah',0,41261,41270
304,8,'ayah',0,41271,41279
304,9,'ayah',0,41280,41289
304,10,'ayah',0,41290,41297
304,11,'ayah',0,41298,41308
304,12,'ayah',0,41309,41317
304,13,'ayah',0,41318,41326
304,14,'ayah',0,41327,41338
304,15,'ayah',0,41339,41350
305,1,'ayah',0,41351,41363
305,2,'ayah',0,41364,41375
305,3,'surah_name',1,19,
305,4,'basmallah',1,19,
305,5,'ayah',0,41376,41385
305,6,'ayah',0,41386,41396
305,7,'ayah',0,41397,41407
305,8,'ayah',0,41408,41418
305,9,'ayah',0,41419,41428
305,10,'ayah',0,41429,41440
305,11,'ayah',0,41441,41451
305,12,'ayah',0,41452,41463
305,13,'ayah',0,41464,41475
305,14,'ayah',0,41476,41486
305,15,'ayah',0,41487,41496
306,1,'ayah',0,41497,41505
306,2,'ayah',0,41506,41515
306,3,'ayah',0,41516,41525
306,4,'ayah',0,41526,41536
306,5,'ayah',0,41537,41544
306,6,'ayah',0,41545,41554
306,7,'ayah',0,41555,41565
306,8,'ayah',0,41566,41576
306,9,'ayah',0,41577,41586
306,10,'ayah',0,41587,41594
306,11,'ayah',0,41595,41602
306,12,'ayah',0,41603,41610
306,13,'ayah',0,41611,41619
306,14,'ayah',0,41620,41629
306,15,'ayah',0,41630,41638
307,1,'ayah',0,41639,41647
307,2,'ayah',0,41648,41657
307,3,'ayah',0,41658,41668
307,4,'ayah',0,41669,41678
307,5,'ayah',0,41679,41689
307,6,'ayah',0,41690,41700
307,7,'ayah',0,41701,41708
307,8,'ayah',0,41709,41719
307,9,'ayah',0,41720,41729
307,10,'ayah',0,41730,41739
307,11,'ayah',0,41740,41751
307,12,'ayah',0,41752,41761
307,13,'ayah',0,41762,41769
307,14,'ayah',0,41770,41779
307,15,'ayah',0,41780,41789
308,1,'ayah',0,41790,41798
308,2,'ayah',0,41799,41809
308,3,'ayah',0,41810,41818
308,4,'ayah',0,41819,41831
308,5,'ayah',0,41832,41845
308,6,'ayah',0,41846,41855
308,7,'ayah',0,41856,41865
308,8,'ayah',0,41866,41875
308,9,'ayah',0,41876,41885
308,10,'ayah',0,41886,41896
308,11,'ayah',0,41897,41906
308,12,'ayah',0,41907,41916
308,13,'ayah',0,41917,41926
308,14,'ayah',0,41927,41936
308,15,'ayah',0,41937,41947
309,1,'ayah',0,41948,41956
309,2,'ayah',0,41957,41966
309,3,'ayah',0,41967,41976
309,4,'ayah',0,41977,41985
309,5,'ayah',0,41986,41995
309,6,'ayah',0,41996,42005
309,7,'ayah',0,42006,42015
309,8,'ayah',0,42016,42023
309,9,'ayah',0,42024,42032
309,10,'ayah',0,42033,42040
309,11,'ayah',0,42041,42049
309,12,'ayah',0,42050,42058
309,13,'ayah',0,42059,42067
309,14,'ayah',0,42068,42077
309,15,'ayah',0,42078,42087
310,1,'ayah',0,42088,42098
310,2,'ayah',0,42099,42108
310,3,'ayah',0,42109,42116
310,4,'ayah',0,42117,42128
310,5,'ayah',0,42129,42139
310,6,'ayah',0,42140,42146
310,7,'ayah',0,42147,42157
310,8,'ayah',0,42158,42169
310,9,'ayah',0,42170,42180
310,10,'ayah',0,42181,42190
310,11,'ayah',0,42191,42199
310,12,'ayah',0,42200,42210
310,13,'ayah',0,42211,42221
310,14,'ayah',0,42222,42231
310,15,'ayah',0,42232,42240
311,1,'ayah',0,42241,42248
311,2,'ayah',0,42249,42258
311,3,'ayah',0,42259,42268
311,4,'ayah',0,42269,42279
311,5,'ayah',0,42280,42290
311,6,'ayah',0,42291,42299
311,7,'ayah',0,42300,42309
311,8,'ayah',0,42310,42321
311,9,'ayah',0,42322,42331
311,10,'ayah',0,42332,42342
311,11,'ayah',0,42343,42354
311,12,'ayah',0,42355,42364
311,13,'ayah',0,42365,42376
311,14,'ayah',0,42377,42388
311,15,'ayah',0,42389,42398
312,1,'ayah',0,42399,42406
312,2,'ayah',0,42407,42415
312,3,'ayah',0,42416,42426
312,4,'ayah',1,42427,42434
312,5,'surah_name',1,20,
312,6,'basmallah',1,20,
312,7,'ayah',0,42435,42445
312,8,'ayah',0,42446,42454
312,9,'ayah',0,42455,42465
312,10,'ayah',0,42466,42475
312,11,'ayah',0,42476,42487
312,12,'ayah',0,42488,42498
312,13,'ayah',0,42499,42507
312,14,'ayah',0,42508,42519
312,15,'ayah',0,42520,42528
313,1,'ayah',0,42529,42540
313,2,'ayah',0,42541,42550
313,3,'ayah',0,42551,42562
313,4,'ayah',0,42563,42573
313,5,'ayah',0,42574,42584
313,6,'ayah',0,42585,42595
313,7,'ayah',0,42596,42605
313,8,'ayah',0,42606,42615
313,9,'ayah',0,42616,42625
313,10,'ayah',0,42626,42638
313,11,'ayah',0,42639,42649
313,12,'ayah',0,42650,42661
313,13,'ayah',0,42662,42672
313,14,'ayah',0,42673,42683
313,15,'ayah',0,42684,42694
314,1,'ayah',0,42695,42703
314,2,'ayah',0,42704,42712
314,3,'ayah',0,42713,42722
314,4,'ayah',0,42723,42733
314,5,'ayah',0,42734,42741
314,6,'ayah',0,42742,42752
314,7,'ayah',0,42753,42762
314,8,'ayah',0,42763,42774
314,9,'ayah',0,42775,42786
314,10,'ayah',0,42787,42798
314,11,'ayah',0,42799,42807
314,12,'ayah',0,42808,42817
314,13,'ayah',0,42818,42829
314,14,'ayah',0,42830,42840
314,15,'ayah',0,42841,42852
315,1,'ayah',0,42853,42865
315,2,'ayah',0,42866,42874
315,3,'ayah',0,42875,42885
315,4,'ayah',0,42886,42896
315,5,'ayah',0,42897,42905
315,6,'ayah',0,42906,42915
315,7,'ayah',0,42916,42924
315,8,'ayah',0,42925,42936
315,9,'ayah',0,42937,42946
315,10,'ayah',0,42947,42958
315,11,'ayah',0,42959,42967
315,12,'ayah',0,42968,42977
315,13,'ayah',0,42978,42985
315,14,'ayah',0,42986,42996
315,15,'ayah',0,42997,43008
316,1,'ayah',0,43009,43017
316,2,'ayah',0,43018,43028
316,3,'ayah',0,43029,43040
316,4,'ayah',0,43041,43051
316,5,'ayah',0,43052,43061
316,6,'ayah',0,43062,43071
316,7,'ayah',0,43072,43078
316,8,'ayah',0,43079,43088
316,9,'ayah',0,43089,43098
316,10,'ayah',0,43099,43109
316,11,'ayah',0,43110,43119
316,12,'ayah',0,43120,43130
316,13,'ayah',0,43131,43141
316,14,'ayah',0,43142,43150
316,15,'ayah',0,43151,43160
317,1,'ayah',0,43161,43168
317,2,'ayah',0,43169,43179
317,3,'ayah',0,43180,43186
317,4,'ayah',0,43187,43195
317,5,'ayah',0,43196,43202
317,6,'ayah',0,43203,43211
317,7,'ayah',0,43212,43219
317,8,'ayah',0,43220,43228
317,9,'ayah',0,43229,43237
317,10,'ayah',0,43238,43247
317,11,'ayah',0,43248,43257
317,12,'ayah',0,43258,43265
317,13,'ayah',0,43266,43273
317,14,'ayah',0,43274,43282
317,15,'ayah',0,43283,43290
318,1,'ayah',0,43291,43299
318,2,'ayah',0,43300,43307
318,3,'ayah',0,43308,43317
318,4,'ayah',0,43318,43328
318,5,'ayah',0,43329,43340
318,6,'ayah',0,43341,43349
318,7,'ayah',0,43350,43360
318,8,'ayah',0,43361,43370
318,9,'ayah',0,43371,43381
318,10,'ayah',0,43382,43392
318,11,'ayah',0,43393,43402
318,12,'ayah',0,43403,43410
318,13,'ayah',0,43411,43422
318,14,'ayah',0,43423,43432
318,15,'ayah',0,43433,43442
319,1,'ayah',0,43443,43455
319,2,'ayah',0,43456,43466
319,3,'ayah',0,43467,43478
319,4,'ayah',0,43479,43490
319,5,'ayah',0,43491,43499
319,6,'ayah',0,43500,43510
319,7,'ayah',0,43511,43521
319,8,'ayah',0,43522,43534
319,9,'ayah',0,43535,43543
319,10,'ayah',0,43544,43556
319,11,'ayah',0,43557,43567
319,12,'ayah',0,43568,43577
319,13,'ayah',0,43578,43588
319,14,'ayah',0,43589,43598
319,15,'ayah',0,43599,43609
320,1,'ayah',0,43610,43619
320,2,'ayah',0,43620,43630
320,3,'ayah',0,43631,43642
320,4,'ayah',0,43643,43652
320,5,'ayah',0,43653,43662
320,6,'ayah',0,43663,43675
320,7,'ayah',0,43676,43686
320,8,'ayah',0,43687,43696
320,9,'ayah',0,43697,43705
320,10,'ayah',0,43706,43716
320,11,'ayah',0,43717,43724
320,12,'ayah',0,43725,43735
320,13,'ayah',0,43736,43744
320,14,'ayah',0,43745,43755
320,15,'ayah',0,43756,43764
321,1,'ayah',0,43765,43773
321,2,'ayah',0,43774,43783
321,3,'ayah',0,43784,43793
321,4,'ayah',0,43794,43803
321,5,'ayah',0,43804,43814
321,6,'ayah',0,43815,43822
321,7,'ayah',0,43823,43832
321,8,'ayah',0,43833,43840
321,9,'ayah',0,43841,43849
321,10,'ayah',0,43850,43858
321,11,'ayah',0,43859,43867
321,12,'ayah',0,43868,43877
321,13,'ayah',0,43878,43886
321,14,'ayah',0,43887,43896
321,15,'ayah',0,43897,43904
322,1,'surah_name',1,21,
322,2,'basmallah',1,21,
322,3,'ayah',0,43905,43912
322,4,'ayah',0,43913,43922
322,5,'ayah',0,43923,43931
322,6,'ayah',0,43932,43941
322,7,'ayah',0,43942,43951
322,8,'ayah',0,43952,43961
322,9,'ayah',0,43962,43972
322,10,'ayah',0,43973,43982
322,11,'ayah',0,43983,43992
322,12,'ayah',0,43993,44002
322,13,'ayah',0,44003,44010
322,14,'ayah',0,44011,44020
322,15,'ayah',0,44021,44029
323,1,'ayah',0,44030,44039
323,2,'ayah',0,44040,44048
323,3,'ayah',0,44049,44058
323,4,'ayah',0,44059,44066
323,5,'ayah',0,44067,44076
323,6,'ayah',0,44077,44086
323,7,'ayah',0,44087,44095
323,8,'ayah',0,44096,44104
323,9,'ayah',0,44105,44112
323,10,'ayah',0,44113,44122
323,11,'ayah',0,44123,44132
323,12,'ayah',0,44133,44142
323,13,'ayah',0,44143,44152
323,14,'ayah',0,44153,44161
323,15,'ayah',0,44162,44169
324,1,'ayah',0,44170,44179
324,2,'ayah',0,44180,44189
324,3,'ayah',0,44190,44198
324,4,'ayah',0,44199,44208
324,5,'ayah',0,44209,44217
324,6,'ayah',0,44218,44227
324,7,'ayah',0,44228,44236
324,8,'ayah',0,44237,44244
324,9,'ayah',0,44245,44255
324,10,'ayah',0,44256,44264
324,11,'ayah',0,44265,44273
324,12,'ayah',0,44274,44281
324,13,'ayah',0,44282,44291
324,14,'ayah',0,44292,44300
324,15,'ayah',0,44301,44307
325,1,'ayah',0,44308,44316
325,2,'ayah',0,44317,44325
325,3,'ayah',0,44326,44334
325,4,'ayah',0,44335,44344
325,5,'ayah',0,44345,44353
325,6,'ayah',0,44354,44362
325,7,'ayah',0,44363,44370
325,8,'ayah',0,44371,44378
325,9,'ayah',0,44379,44388
325,10,'ayah',0,44389,44398
325,11,'ayah',0,44399,44407
325,12,'ayah',0,44408,44416
325,13,'ayah',0,44417,44425
325,14,'ayah',0,44426,44434
325,15,'ayah',0,44435,44444
326,1,'ayah',0,44445,44452
326,2,'ayah',0,44453,44461
326,3,'ayah',0,44462,44470
326,4,'ayah',0,44471,44479
326,5,'ayah',0,44480,44486
326,6,'ayah',0,44487,44493
326,7,'ayah',0,44494,44501
326,8,'ayah',0,44502,44509
326,9,'ayah',0,44510,44519
326,10,'ayah',0,44520,44527
326,11,'ayah',0,44528,44536
326,12,'ayah',0,44537,44546
326,13,'ayah',0,44547,44554
326,14,'ayah',0,44555,44562
326,15,'ayah',0,44563,44570
327,1,'ayah',0,44571,44579
327,2,'ayah',0,44580,44588
327,3,'ayah',0,44589,44596
327,4,'ayah',0,44597,44605
327,5,'ayah',0,44606,44613
327,6,'ayah',0,44614,44622
327,7,'ayah',0,44623,44631
327,8,'ayah',0,44632,44640
327,9,'ayah',0,44641,44650
327,10,'ayah',0,44651,44660
327,11,'ayah',0,44661,44668
327,12,'ayah',0,44669,44678
327,13,'ayah',0,44679,44685
327,14,'ayah',0,44686,44694
327,15,'ayah',0,44695,44702
328,1,'ayah',0,44703,44709
328,2,'ayah',0,44710,44716
328,3,'ayah',0,44717,44724
328,4,'ayah',0,44725,44733
328,5,'ayah',0,44734,44742
328,6,'ayah',0,44743,44750
328,7,'ayah',0,44751,44758
328,8,'ayah',0,44759,44766
328,9,'ayah',0,44767,44775
328,10,'ayah',0,44776,44783
328,11,'ayah',0,44784,44790
328,12,'ayah',0,44791,44798
328,13,'ayah',0,44799,44806
328,14,'ayah',0,44807,44814
328,15,'ayah',0,44815,44824
329,1,'ayah',0,44825,44831
329,2,'ayah',0,44832,44841
329,3,'ayah',0,44842,44849
329,4,'ayah',0,44850,44858
329,5,'ayah',0,44859,44865
329,6,'ayah',0,44866,44873
329,7,'ayah',0,44874,44882
329,8,'ayah',0,44883,44891
329,9,'ayah',0,44892,44901
329,10,'ayah',0,44902,44909
329,11,'ayah',0,44910,44916
329,12,'ayah',0,44917,44925
329,13,'ayah',0,44926,44932
329,14,'ayah',0,44933,44938
329,15,'ayah',0,44939,44945
330,1,'ayah',0,44946,44952
330,2,'ayah',0,44953,44960
330,3,'ayah',0,44961,44968
330,4,'ayah',0,44969,44977
330,5,'ayah',0,44978,44986
330,6,'ayah',0,44987,44996
330,7,'ayah',0,44997,45005
330,8,'ayah',0,45006,45012
330,9,'ayah',0,45013,45022
330,10,'ayah',0,45023,45031
330,11,'ayah',0,45032,45040
330,12,'ayah',0,45041,45049
330,13,'ayah',0,45050,45058
330,14,'ayah',0,45059,45067
330,15,'ayah',0,45068,45075
331,1,'ayah',0,45076,45082
331,2,'ayah',0,45083,45091
331,3,'ayah',0,45092,45100
331,4,'ayah',0,45101,45111
331,5,'ayah',0,45112,45121
331,6,'ayah',0,45122,45130
331,7,'ayah',0,45131,45140
331,8,'ayah',0,45141,45149
331,9,'ayah',0,45150,45159
331,10,'ayah',0,45160,45169
331,11,'ayah',0,45170,45179
331,12,'ayah',1,45180,45185
331,13,'surah_name',1,22,
331,14,'basmallah',1,22,
331,15,'ayah',0,45186,45195
332,1,'ayah',0,45196,45202
332,2,'ayah',0,45203,45211
332,3,'ayah',0,45212,45220
332,4,'ayah',0,45221,45229
332,5,'ayah',0,45230,45238
332,6,'ayah',0,45239,45247
332,7,'ayah',0,45248,45257
332,8,'ayah',0,45258,45266
332,9,'ayah',0,45267,45275
332,10,'ayah',0,45276,45283
332,11,'ayah',0,45284,45292
332,12,'ayah',0,45293,45300
332,13,'ayah',0,45301,45307
332,14,'ayah',0,45308,45317
332,15,'ayah',0,45318,45327
333,1,'ayah',0,45328,45337
333,2,'ayah',0,45338,45348
333,3,'ayah',0,45349,45358
333,4,'ayah',0,45359,45367
333,5,'ayah',0,45368,45377
333,6,'ayah',0,45378,45387
333,7,'ayah',0,45388,45396
333,8,'ayah',0,45397,45404
333,9,'ayah',0,45405,45416
333,10,'ayah',0,45417,45426
333,11,'ayah',0,45427,45435
333,12,'ayah',0,45436,45443
333,13,'ayah',0,45444,45455
333,14,'ayah',0,45456,45464
333,15,'ayah',0,45465,45473
334,1,'ayah',0,45474,45483
334,2,'ayah',0,45484,45490
334,3,'ayah',0,45491,45499
334,4,'ayah',0,45500,45512
334,5,'ayah',0,45513,45521
334,6,'ayah',0,45522,45529
334,7,'ayah',0,45530,45540
334,8,'ayah',0,45541,45549
334,9,'ayah',0,45550,45557
334,10,'ayah',0,45558,45567
334,11,'ayah',0,45568,45577
334,12,'ayah',0,45578,45585
334,13,'ayah',0,45586,45594
334,14,'ayah',0,45595,45602
334,15,'ayah',0,45603,45610
335,1,'ayah',0,45611,45618
335,2,'ayah',0,45619,45627
335,3,'ayah',0,45628,45634
335,4,'ayah',0,45635,45643
335,5,'ayah',0,45644,45652
335,6,'ayah',0,45653,45660
335,7,'ayah',0,45661,45669
335,8,'ayah',0,45670,45679
335,9,'ayah',0,45680,45687
335,10,'ayah',0,45688,45695
335,11,'ayah',0,45696,45702
335,12,'ayah',0,45703,45708
335,13,'ayah',0,45709,45718
335,14,'ayah',0,45719,45726
335,15,'ayah',0,45727,45733
336,1,'ayah',0,45734,45742
336,2,'ayah',0,45743,45752
336,3,'ayah',0,45753,45762
336,4,'ayah',0,45763,45772
336,5,'ayah',0,45773,45781
336,6,'ayah',0,45782,45790
336,7,'ayah',0,45791,45798
336,8,'ayah',0,45799,45806
336,9,'ayah',0,45807,45814
336,10,'ayah',0,45815,45823
336,11,'ayah',0,45824,45831
336,12,'ayah',0,45832,45838
336,13,'ayah',0,45839,45847
336,14,'ayah',0,45848,45854
336,15,'ayah',0,45855,45863
337,1,'ayah',0,45864,45874
337,2,'ayah',0,45875,45884
337,3,'ayah',0,45885,45894
337,4,'ayah',0,45895,45904
337,5,'ayah',0,45905,45911
337,6,'ayah',0,45912,45921
337,7,'ayah',0,45922,45931
337,8,'ayah',0,45932,45940
337,9,'ayah',0,45941,45950
337,10,'ayah',0,45951,45960
337,11,'ayah',0,45961,45969
337,12,'ayah',0,45970,45978
337,13,'ayah',0,45979,45988
337,14,'ayah',0,45989,45998
337,15,'ayah',0,45999,46008
338,1,'ayah',0,46009,46015
338,2,'ayah',0,46016,46025
338,3,'ayah',0,46026,46035
338,4,'ayah',0,46036,46045
338,5,'ayah',0,46046,46054
338,6,'ayah',0,46055,46063
338,7,'ayah',0,46064,46074
338,8,'ayah',0,46075,46083
338,9,'ayah',0,46084,46093
338,10,'ayah',0,46094,46100
338,11,'ayah',0,46101,46108
338,12,'ayah',0,46109,46117
338,13,'ayah',0,46118,46127
338,14,'ayah',0,46128,46137
338,15,'ayah',0,46138,46146
339,1,'ayah',0,46147,46153
339,2,'ayah',0,46154,46161
339,3,'ayah',0,46162,46168
339,4,'ayah',0,46169,46177
339,5,'ayah',0,46178,46185
339,6,'ayah',0,46186,46191
339,7,'ayah',0,46192,46200
339,8,'ayah',0,46201,46209
339,9,'ayah',0,46210,46219
339,10,'ayah',0,46220,46228
339,11,'ayah',0,46229,46238
339,12,'ayah',0,46239,46248
339,13,'ayah',0,46249,46256
339,14,'ayah',0,46257,46266
339,15,'ayah',0,46267,46275
340,1,'ayah',0,46276,46286
340,2,'ayah',0,46287,46296
340,3,'ayah',0,46297,46305
340,4,'ayah',0,46306,46314
340,5,'ayah',0,46315,46323
340,6,'ayah',0,46324,46333
340,7,'ayah',0,46334,46342
340,8,'ayah',0,46343,46351
340,9,'ayah',0,46352,46363
340,10,'ayah',0,46364,46374
340,11,'ayah',0,46375,46385
340,12,'ayah',0,46386,46395
340,13,'ayah',0,46396,46402
340,14,'ayah',0,46403,46410
340,15,'ayah',0,46411,46418
341,1,'ayah',0,46419,46426
341,2,'ayah',0,46427,46435
341,3,'ayah',0,46436,46442
341,4,'ayah',0,46443,46450
341,5,'ayah',0,46451,46459
341,6,'ayah',0,46460,46467
341,7,'ayah',0,46468,46476
341,8,'ayah',0,46477,46484
341,9,'ayah',0,46485,46490
341,10,'ayah',0,46491,46499
341,11,'ayah',0,46500,46508
341,12,'ayah',0,46509,46516
341,13,'ayah',0,46517,46523
341,14,'ayah',0,46524,46529
341,15,'ayah',0,46530,46537
342,1,'surah_name',1,23,
342,2,'basmallah',1,23,
342,3,'ayah',0,46538,46545
342,4,'ayah',0,46546,46554
342,5,'ayah',0,46555,46563
342,6,'ayah',0,46564,46574
342,7,'ayah',0,46575,46584
342,8,'ayah',0,46585,46592
342,9,'ayah',0,46593,46602
342,10,'ayah',0,46603,46613
342,11,'ayah',0,46614,46624
342,12,'ayah',0,46625,46632
342,13,'ayah',0,46633,46642
342,14,'ayah',0,46643,46654
342,15,'ayah',0,46655,46665
343,1,'ayah',0,46666,46675
343,2,'ayah',0,46676,46685
343,3,'ayah',0,46686,46694
343,4,'ayah',0,46695,46703
343,5,'ayah',0,46704,46714
343,6,'ayah',0,46715,46724
343,7,'ayah',0,46725,46735
343,8,'ayah',0,46736,46745
343,9,'ayah',0,46746,46757
343,10,'ayah',0,46758,46768
343,11,'ayah',0,46769,46780
343,12,'ayah',0,46781,46790
343,13,'ayah',0,46791,46799
343,14,'ayah',0,46800,46809
343,15,'ayah',0,46810,46818
344,1,'ayah',0,46819,46828
344,2,'ayah',0,46829,46839
344,3,'ayah',0,46840,46851
344,4,'ayah',0,46852,46861
344,5,'ayah',0,46862,46874
344,6,'ayah',0,46875,46883
344,7,'ayah',0,46884,46895
344,8,'ayah',0,46896,46905
344,9,'ayah',0,46906,46914
344,10,'ayah',0,46915,46925
344,11,'ayah',0,46926,46935
344,12,'ayah',0,46936,46947
344,13,'ayah',0,46948,46956
344,14,'ayah',0,46957,46964
344,15,'ayah',0,46965,46974
345,1,'ayah',0,46975,46985
345,2,'ayah',0,46986,46994
345,3,'ayah',0,46995,47003
345,4,'ayah',0,47004,47011
345,5,'ayah',0,47012,47019
345,6,'ayah',0,47020,47027
345,7,'ayah',0,47028,47036
345,8,'ayah',0,47037,47045
345,9,'ayah',0,47046,47056
345,10,'ayah',0,47057,47067
345,11,'ayah',0,47068,47076
345,12,'ayah',0,47077,47086
345,13,'ayah',0,47087,47097
345,14,'ayah',0,47098,47109
345,15,'ayah',0,47110,47118
346,1,'ayah',0,47119,47128
346,2,'ayah',0,47129,47137
346,3,'ayah',0,47138,47148
346,4,'ayah',0,47149,47159
346,5,'ayah',0,47160,47171
346,6,'ayah',0,47172,47182
346,7,'ayah',0,47183,47194
346,8,'ayah',0,47195,47203
346,9,'ayah',0,47204,47214
346,10,'ayah',0,47215,47226
346,11,'ayah',0,47227,47237
346,12,'ayah',0,47238,47245
346,13,'ayah',0,47246,47256
346,14,'ayah',0,47257,47266
346,15,'ayah',0,47267,47275
347,1,'ayah',0,47276,47285
347,2,'ayah',0,47286,47293
347,3,'ayah',0,47294,47303
347,4,'ayah',0,47304,47313
347,5,'ayah',0,47314,47322
347,6,'ayah',0,47323,47331
347,7,'ayah',0,47332,47340
347,8,'ayah',0,47341,47351
347,9,'ayah',0,47352,47360
347,10,'ayah',0,47361,47371
347,11,'ayah',0,47372,47381
347,12,'ayah',0,47382,47390
347,13,'ayah',0,47391,47400
347,14,'ayah',0,47401,47410
347,15,'ayah',0,47411,47419
348,1,'ayah',0,47420,47428
348,2,'ayah',0,47429,47440
348,3,'ayah',0,47441,47450
348,4,'ayah',0,47451,47459
348,5,'ayah',0,47460,47469
348,6,'ayah',0,47470,47479
348,7,'ayah',0,47480,47490
348,8,'ayah',0,47491,47500
348,9,'ayah',0,47501,47510
348,10,'ayah',0,47511,47520
348,11,'ayah',0,47521,47530
348,12,'ayah',0,47531,47540
348,13,'ayah',0,47541,47549
348,14,'ayah',0,47550,47556
348,15,'ayah',0,47557,47565
349,1,'ayah',0,47566,47575
349,2,'ayah',0,47576,47584
349,3,'ayah',0,47585,47594
349,4,'ayah',0,47595,47603
349,5,'ayah',0,47604,47612
349,6,'ayah',0,47613,47619
349,7,'ayah',0,47620,47628
349,8,'ayah',0,47629,47638
349,9,'ayah',0,47639,47649
349,10,'ayah',0,47650,47658
349,11,'ayah',0,47659,47667
349,12,'ayah',0,47668,47678
349,13,'ayah',0,47679,47688
349,14,'ayah',0,47689,47697
349,15,'ayah',1,47698,47705
350,1,'surah_name',1,24,
350,2,'basmallah',1,24,
350,3,'ayah',0,47706,47713
350,4,'ayah',0,47714,47721
350,5,'ayah',0,47722,47732
350,6,'ayah',0,47733,47740
350,7,'ayah',0,47741,47750
350,8,'ayah',0,47751,47761
350,9,'ayah',0,47762,47769
350,10,'ayah',0,47770,47776
350,11,'ayah',0,47777,47786
350,12,'ayah',0,47787,47795
350,13,'ayah',0,47796,47803
350,14,'ayah',0,47804,47811
350,15,'ayah',0,47812,47821
351,1,'ayah',0,47822,47830
351,2,'ayah',0,47831,47840
351,3,'ayah',0,47841,47850
351,4,'ayah',0,47851,47860
351,5,'ayah',0,47861,47872
351,6,'ayah',0,47873,47883
351,7,'ayah',0,47884,47891
351,8,'ayah',0,47892,47903
351,9,'ayah',0,47904,47913
351,10,'ayah',0,47914,47923
351,11,'ayah',0,47924,47932
351,12,'ayah',0,47933,47943
351,13,'ayah',0,47944,47954
351,14,'ayah',0,47955,47965
351,15,'ayah',0,47966,47976
352,1,'ayah',0,47977,47986
352,2,'ayah',0,47987,47997
352,3,'ayah',0,47998,48007
352,4,'ayah',0,48008,48017
352,5,'ayah',0,48018,48026
352,6,'ayah',0,48027,48038
352,7,'ayah',0,48039,48049
352,8,'ayah',0,48050,48058
352,9,'ayah',0,48059,48069
352,10,'ayah',0,48070,48078
352,11,'ayah',0,48079,48087
352,12,'ayah',0,48088,48097
352,13,'ayah',0,48098,48107
352,14,'ayah',0,48108,48113
352,15,'ayah',0,48114,48122
353,1,'ayah',0,48123,48132
353,2,'ayah',0,48133,48143
353,3,'ayah',0,48144,48154
353,4,'ayah',0,48155,48166
353,5,'ayah',0,48167,48177
353,6,'ayah',0,48178,48187
353,7,'ayah',0,48188,48198
353,8,'ayah',0,48199,48206
353,9,'ayah',0,48207,48216
353,10,'ayah',0,48217,48226
353,11,'ayah',0,48227,48237
353,12,'ayah',0,48238,48247
353,13,'ayah',0,48248,48258
353,14,'ayah',0,48259,48267
353,15,'ayah',0,48268,48277
354,1,'ayah',0,48278,48285
354,2,'ayah',0,48286,48295
354,3,'ayah',0,48296,48304
354,4,'ayah',0,48305,48312
354,5,'ayah',0,48313,48322
354,6,'ayah',0,48323,48332
354,7,'ayah',0,48333,48341
354,8,'ayah',0,48342,48351
354,9,'ayah',0,48352,48361
354,10,'ayah',0,48362,48370
354,11,'ayah',0,48371,48379
354,12,'ayah',0,48380,48390
354,13,'ayah',0,48391,48400
354,14,'ayah',0,48401,48411
354,15,'ayah',0,48412,48422
355,1,'ayah',0,48423,48433
355,2,'ayah',0,48434,48442
355,3,'ayah',0,48443,48451
355,4,'ayah',0,48452,48460
355,5,'ayah',0,48461,48470
355,6,'ayah',0,48471,48480
355,7,'ayah',0,48481,48492
355,8,'ayah',0,48493,48502
355,9,'ayah',0,48503,48517
355,10,'ayah',0,48518,48528
355,11,'ayah',0,48529,48538
355,12,'ayah',0,48539,48550
355,13,'ayah',0,48551,48561
355,14,'ayah',0,48562,48573
355,15,'ayah',0,48574,48583
356,1,'ayah',0,48584,48594
356,2,'ayah',0,48595,48605
356,3,'ayah',0,48606,48616
356,4,'ayah',0,48617,48629
356,5,'ayah',0,48630,48639
356,6,'ayah',0,48640,48649
356,7,'ayah',0,48650,48659
356,8,'ayah',0,48660,48670
356,9,'ayah',0,48671,48681
356,10,'ayah',0,48682,48691
356,11,'ayah',0,48692,48701
356,12,'ayah',0,48702,48711
356,13,'ayah',0,48712,48721
356,14,'ayah',0,48722,48730
356,15,'ayah',0,48731,48739
357,1,'ayah',0,48740,48748
357,2,'ayah',0,48749,48758
357,3,'ayah',0,48759,48768
357,4,'ayah',0,48769,48775
357,5,'ayah',0,48776,48784
357,6,'ayah',0,48785,48792
357,7,'ayah',0,48793,48803
357,8,'ayah',0,48804,48811
357,9,'ayah',0,48812,48820
357,10,'ayah',0,48821,48828
357,11,'ayah',0,48829,48837
357,12,'ayah',0,48838,48846
357,13,'ayah',0,48847,48855
357,14,'ayah',0,48856,48863
357,15,'ayah',0,48864,48873
358,1,'ayah',0,48874,48880
358,2,'ayah',0,48881,48887
358,3,'ayah',0,48888,48895
358,4,'ayah',0,48896,48903
358,5,'ayah',0,48904,48910
358,6,'ayah',0,48911,48918
358,7,'ayah',0,48919,48927
358,8,'ayah',0,48928,48936
358,9,'ayah',0,48937,48945
358,10,'ayah',0,48946,48953
358,11,'ayah',0,48954,48962
358,12,'ayah',0,48963,48970
358,13,'ayah',0,48971,48978
358,14,'ayah',0,48979,48986
358,15,'ayah',0,48987,48994
359,1,'ayah',0,48995,49003
359,2,'ayah',0,49004,49012
359,3,'ayah',0,49013,49019
359,4,'ayah',0,49020,49026
359,5,'ayah',0,49027,49037
359,6,'ayah',0,49038,49046
359,7,'ayah',0,49047,49054
359,8,'ayah',0,49055,49064
359,9,'ayah',0,49065,49075
359,10,'ayah',0,49076,49085
359,11,'surah_name',1,25,
359,12,'basmallah',1,25,
359,13,'ayah',0,49086,49095
359,14,'ayah',0,49096,49105
359,15,'ayah',0,49106,49115
360,1,'ayah',0,49116,49124
360,2,'ayah',0,49125,49133
360,3,'ayah',0,49134,49143
360,4,'ayah',0,49144,49151
360,5,'ayah',0,49152,49159
360,6,'ayah',0,49160,49169
360,7,'ayah',0,49170,49178
360,8,'ayah',0,49179,49186
360,9,'ayah',0,49187,49195
360,10,'ayah',0,49196,49206
360,11,'ayah',0,49207,49215
360,12,'ayah',0,49216,49223
360,13,'ayah',0,49224,49233
360,14,'ayah',0,49234,49243
360,15,'ayah',0,49244,49250
361,1,'ayah',0,49251,49260
361,2,'ayah',0,49261,49268
361,3,'ayah',0,49269,49277
361,4,'ayah',0,49278,49288
361,5,'ayah',0,49289,49297
361,6,'ayah',0,49298,49306
361,7,'ayah',0,49307,49314
361,8,'ayah',0,49315,49323
361,9,'ayah',0,49324,49334
361,10,'ayah',0,49335,49343
361,11,'ayah',0,49344,49350
361,12,'ayah',0,49351,49359
361,13,'ayah',0,49360,49367
361,14,'ayah',0,49368,49373
361,15,'ayah',0,49374,49380
362,1,'ayah',0,49381,49388
362,2,'ayah',0,49389,49398
362,3,'ayah',0,49399,49407
362,4,'ayah',0,49408,49417
362,5,'ayah',0,49418,49426
362,6,'ayah',0,49427,49435
362,7,'ayah',0,49436,49444
362,8,'ayah',0,49445,49453
362,9,'ayah',0,49454,49462
362,10,'ayah',0,49463,49473
362,11,'ayah',0,49474,49482
362,12,'ayah',0,49483,49491
362,13,'ayah',0,49492,49500
362,14,'ayah',0,49501,49508
362,15,'ayah',0,49509,49516
363,1,'ayah',0,49517,49525
363,2,'ayah',0,49526,49534
363,3,'ayah',0,49535,49543
363,4,'ayah',0,49544,49553
363,5,'ayah',0,49554,49562
363,6,'ayah',0,49563,49569
363,7,'ayah',0,49570,49578
363,8,'ayah',0,49579,49589
363,9,'ayah',0,49590,49599
363,10,'ayah',0,49600,49610
363,11,'ayah',0,49611,49621
363,12,'ayah',0,49622,49630
363,13,'ayah',0,49631,49640
363,14,'ayah',0,49641,49650
363,15,'ayah',0,49651,49661
364,1,'ayah',0,49662,49672
364,2,'ayah',0,49673,49682
364,3,'ayah',0,49683,49692
364,4,'ayah',0,49693,49701
364,5,'ayah',0,49702,49711
364,6,'ayah',0,49712,49719
364,7,'ayah',0,49720,49728
364,8,'ayah',0,49729,49740
364,9,'ayah',0,49741,49749
364,10,'ayah',0,49750,49758
364,11,'ayah',0,49759,49768
364,12,'ayah',0,49769,49777
364,13,'ayah',0,49778,49788
364,14,'ayah',0,49789,49799
364,15,'ayah',0,49800,49812
365,1,'ayah',0,49813,49822
365,2,'ayah',0,49823,49831
365,3,'ayah',0,49832,49841
365,4,'ayah',0,49842,49851
365,5,'ayah',0,49852,49860
365,6,'ayah',0,49861,49870
365,7,'ayah',0,49871,49880
365,8,'ayah',0,49881,49890
365,9,'ayah',0,49891,49899
365,10,'ayah',0,49900,49908
365,11,'ayah',0,49909,49917
365,12,'ayah',0,49918,49926
365,13,'ayah',0,49927,49935
365,14,'ayah',0,49936,49946
365,15,'ayah',0,49947,49955
366,1,'ayah',0,49956,49966
366,2,'ayah',0,49967,49975
366,3,'ayah',0,49976,49985
366,4,'ayah',0,49986,49995
366,5,'ayah',0,49996,50006
366,6,'ayah',0,50007,50015
366,7,'ayah',0,50016,50024
366,8,'ayah',0,50025,50034
366,9,'ayah',0,50035,50045
366,10,'ayah',0,50046,50055
366,11,'surah_name',1,26,
366,12,'basmallah',1,26,
366,13,'ayah',0,50056,50064
366,14,'ayah',0,50065,50073
366,15,'ayah',0,50074,50081
367,1,'ayah',0,50082,50091
367,2,'ayah',0,50092,50100
367,3,'ayah',0,50101,50111
367,4,'ayah',0,50112,50123
367,5,'ayah',0,50124,50135
367,6,'ayah',0,50136,50146
367,7,'ayah',0,50147,50156
367,8,'ayah',0,50157,50167
367,9,'ayah',0,50168,50177
367,10,'ayah',0,50178,50188
367,11,'ayah',0,50189,50199
367,12,'ayah',0,50200,50209
367,13,'ayah',0,50210,50220
367,14,'ayah',0,50221,50230
367,15,'ayah',0,50231,50241
368,1,'ayah',0,50242,50251
368,2,'ayah',0,50252,50261
368,3,'ayah',0,50262,50271
368,4,'ayah',0,50272,50281
368,5,'ayah',0,50282,50290
368,6,'ayah',0,50291,50302
368,7,'ayah',0,50303,50312
368,8,'ayah',0,50313,50323
368,9,'ayah',0,50324,50333
368,10,'ayah',0,50334,50343
368,11,'ayah',0,50344,50354
368,12,'ayah',0,50355,50364
368,13,'ayah',0,50365,50374
368,14,'ayah',0,50375,50386
368,15,'ayah',0,50387,50396
369,1,'ayah',0,50397,50404
369,2,'ayah',0,50405,50415
369,3,'ayah',0,50416,50426
369,4,'ayah',0,50427,50438
369,5,'ayah',0,50439,50445
369,6,'ayah',0,50446,50456
369,7,'ayah',0,50457,50470
369,8,'ayah',0,50471,50480
369,9,'ayah',0,50481,50490
369,10,'ayah',0,50491,50499
369,11,'ayah',0,50500,50509
369,12,'ayah',0,50510,50518
369,13,'ayah',0,50519,50529
369,14,'ayah',0,50530,50539
369,15,'ayah',0,50540,50549
370,1,'ayah',0,50550,50559
370,2,'ayah',0,50560,50570
370,3,'ayah',0,50571,50582
370,4,'ayah',0,50583,50593
370,5,'ayah',0,50594,50604
370,6,'ayah',0,50605,50613
370,7,'ayah',0,50614,50622
370,8,'ayah',0,50623,50633
370,9,'ayah',0,50634,50643
370,10,'ayah',0,50644,50653
370,11,'ayah',0,50654,50664
370,12,'ayah',0,50665,50674
370,13,'ayah',0,50675,50684
370,14,'ayah',0,50685,50696
370,15,'ayah',0,50697,50707
371,1,'ayah',0,50708,50718
371,2,'ayah',0,50719,50728
371,3,'ayah',0,50729,50738
371,4,'ayah',0,50739,50749
371,5,'ayah',0,50750,50760
371,6,'ayah',0,50761,50772
371,7,'ayah',0,50773,50783
371,8,'ayah',0,50784,50794
371,9,'ayah',0,50795,50807
371,10,'ayah',0,50808,50818
371,11,'ayah',0,50819,50829
371,12,'ayah',0,50830,50840
371,13,'ayah',0,50841,50853
371,14,'ayah',0,50854,50864
371,15,'ayah',0,50865,50874
372,1,'ayah',0,50875,50884
372,2,'ayah',0,50885,50894
372,3,'ayah',0,50895,50905
372,4,'ayah',0,50906,50916
372,5,'ayah',0,50917,50928
372,6,'ayah',0,50929,50939
372,7,'ayah',0,50940,50950
372,8,'ayah',0,50951,50958
372,9,'ayah',0,50959,50968
372,10,'ayah',0,50969,50978
372,11,'ayah',0,50979,50988
372,12,'ayah',0,50989,51001
372,13,'ayah',0,51002,51011
372,14,'ayah',0,51012,51022
372,15,'ayah',0,51023,51033
373,1,'ayah',0,51034,51045
373,2,'ayah',0,51046,51058
373,3,'ayah',0,51059,51069
373,4,'ayah',0,51070,51079
373,5,'ayah',0,51080,51089
373,6,'ayah',0,51090,51101
373,7,'ayah',0,51102,51112
373,8,'ayah',0,51113,51123
373,9,'ayah',0,51124,51132
373,10,'ayah',0,51133,51143
373,11,'ayah',0,51144,51154
373,12,'ayah',0,51155,51166
373,13,'ayah',0,51167,51178
373,14,'ayah',0,51179,51188
373,15,'ayah',0,51189,51199
374,1,'ayah',0,51200,51210
374,2,'ayah',0,51211,51221
374,3,'ayah',0,51222,51233
374,4,'ayah',0,51234,51244
374,5,'ayah',0,51245,51255
374,6,'ayah',0,51256,51265
374,7,'ayah',0,51266,51276
374,8,'ayah',0,51277,51288
374,9,'ayah',0,51289,51297
374,10,'ayah',0,51298,51307
374,11,'ayah',0,51308,51316
374,12,'ayah',0,51317,51327
374,13,'ayah',0,51328,51337
374,14,'ayah',0,51338,51348
374,15,'ayah',0,51349,51358
375,1,'ayah',0,51359,51369
375,2,'ayah',0,51370,51380
375,3,'ayah',0,51381,51390
375,4,'ayah',0,51391,51402
375,5,'ayah',0,51403,51412
375,6,'ayah',0,51413,51422
375,7,'ayah',0,51423,51433
375,8,'ayah',0,51434,51443
375,9,'ayah',0,51444,51452
375,10,'ayah',0,51453,51464
375,11,'ayah',0,51465,51475
375,12,'ayah',0,51476,51487
375,13,'ayah',0,51488,51498
375,14,'ayah',0,51499,51508
375,15,'ayah',0,51509,51517
376,1,'ayah',0,51518,51527
376,2,'ayah',0,51528,51537
376,3,'ayah',0,51538,51548
376,4,'ayah',0,51549,51559
376,5,'ayah',0,51560,51570
376,6,'ayah',0,51571,51582
376,7,'ayah',0,51583,51591
376,8,'ayah',0,51592,51600
376,9,'surah_name',1,27,
376,10,'basmallah',1,27,
376,11,'ayah',0,51601,51609
376,12,'ayah',0,51610,51617
376,13,'ayah',0,51618,51626
376,14,'ayah',0,51627,51634
376,15,'ayah',0,51635,51643
377,1,'ayah',0,51644,51654
377,2,'ayah',0,51655,51664
377,3,'ayah',0,51665,51675
377,4,'ayah',0,51676,51686
377,5,'ayah',0,51687,51696
377,6,'ayah',0,51697,51707
377,7,'ayah',0,51708,51719
377,8,'ayah',0,51720,51730
377,9,'ayah',0,51731,51740
377,10,'ayah',0,51741,51749
377,11,'ayah',0,51750,51758
377,12,'ayah',0,51759,51767
377,13,'ayah',0,51768,51777
377,14,'ayah',0,51778,51786
377,15,'ayah',0,51787,51798
378,1,'ayah',0,51799,51806
378,2,'ayah',0,51807,51817
378,3,'ayah',0,51818,51826
378,4,'ayah',0,51827,51835
378,5,'ayah',0,51836,51845
378,6,'ayah',0,51846,51853
378,7,'ayah',0,51854,51864
378,8,'ayah',0,51865,51873
378,9,'ayah',0,51874,51884
378,10,'ayah',0,51885,51895
378,11,'ayah',0,51896,51905
378,12,'ayah',0,51906,51914
378,13,'ayah',0,51915,51924
378,14,'ayah',0,51925,51933
378,15,'ayah',0,51934,51945
379,1,'ayah',0,51946,51955
379,2,'ayah',0,51956,51965
379,3,'ayah',0,51966,51977
379,4,'ayah',0,51978,51987
379,5,'ayah',0,51988,51997
379,6,'ayah',0,51998,52008
379,7,'ayah',0,52009,52017
379,8,'ayah',0,52018,52026
379,9,'ayah',0,52027,52035
379,10,'ayah',0,52036,52045
379,11,'ayah',0,52046,52056
379,12,'ayah',0,52057,52066
379,13,'ayah',0,52067,52075
379,14,'ayah',0,52076,52086
379,15,'ayah',0,52087,52097
380,1,'ayah',0,52098,52107
380,2,'ayah',0,52108,52116
380,3,'ayah',0,52117,52125
380,4,'ayah',0,52126,52134
380,5,'ayah',0,52135,52144
380,6,'ayah',0,52145,52153
380,7,'ayah',0,52154,52162
380,8,'ayah',0,52163,52171
380,9,'ayah',0,52172,52181
380,10,'ayah',0,52182,52189
380,11,'ayah',0,52190,52199
380,12,'ayah',0,52200,52208
380,13,'ayah',0,52209,52218
380,14,'ayah',0,52219,52226
380,15,'ayah',0,52227,52233
381,1,'ayah',0,52234,52243
381,2,'ayah',0,52244,52252
381,3,'ayah',0,52253,52261
381,4,'ayah',0,52262,52270
381,5,'ayah',0,52271,52281
381,6,'ayah',0,52282,52291
381,7,'ayah',0,52292,52301
381,8,'ayah',0,52302,52310
381,9,'ayah',0,52311,52319
381,10,'ayah',0,52320,52328
381,11,'ayah',0,52329,52339
381,12,'ayah',0,52340,52348
381,13,'ayah',0,52349,52356
381,14,'ayah',0,52357,52365
381,15,'ayah',0,52366,52374
382,1,'ayah',0,52375,52381
382,2,'ayah',0,52382,52390
382,3,'ayah',0,52391,52400
382,4,'ayah',0,52401,52409
382,5,'ayah',0,52410,52418
382,6,'ayah',0,52419,52428
382,7,'ayah',0,52429,52435
382,8,'ayah',0,52436,52445
382,9,'ayah',0,52446,52454
382,10,'ayah',0,52455,52464
382,11,'ayah',0,52465,52472
382,12,'ayah',0,52473,52482
382,13,'ayah',0,52483,52492
382,14,'ayah',0,52493,52501
382,15,'ayah',0,52502,52512
383,1,'ayah',0,52513,52520
383,2,'ayah',0,52521,52528
383,3,'ayah',0,52529,52537
383,4,'ayah',0,52538,52545
383,5,'ayah',0,52546,52555
383,6,'ayah',0,52556,52564
383,7,'ayah',0,52565,52573
383,8,'ayah',0,52574,52582
383,9,'ayah',0,52583,52590
383,10,'ayah',0,52591,52599
383,11,'ayah',0,52600,52609
383,12,'ayah',0,52610,52617
383,13,'ayah',0,52618,52624
383,14,'ayah',0,52625,52631
383,15,'ayah',0,52632,52639
384,1,'ayah',0,52640,52648
384,2,'ayah',0,52649,52657
384,3,'ayah',0,52658,52666
384,4,'ayah',0,52667,52674
384,5,'ayah',0,52675,52683
384,6,'ayah',0,52684,52692
384,7,'ayah',0,52693,52701
384,8,'ayah',0,52702,52710
384,9,'ayah',0,52711,52720
384,10,'ayah',0,52721,52727
384,11,'ayah',0,52728,52736
384,12,'ayah',0,52737,52745
384,13,'ayah',0,52746,52755
384,14,'ayah',0,52756,52763
384,15,'ayah',0,52764,52772
385,1,'ayah',0,52773,52782
385,2,'ayah',0,52783,52792
385,3,'ayah',0,52793,52804
385,4,'ayah',0,52805,52814
385,5,'ayah',0,52815,52823
385,6,'ayah',0,52824,52834
385,7,'ayah',0,52835,52844
385,8,'surah_name',1,28,
385,9,'basmallah',1,28,
385,10,'ayah',0,52845,52853
385,11,'ayah',0,52854,52862
385,12,'ayah',0,52863,52870
385,13,'ayah',0,52871,52878
385,14,'ayah',0,52879,52887
385,15,'ayah',0,52888,52894
386,1,'ayah',0,52895,52902
386,2,'ayah',0,52903,52912
386,3,'ayah',0,52913,52921
386,4,'ayah',0,52922,52930
386,5,'ayah',0,52931,52938
386,6,'ayah',0,52939,52945
386,7,'ayah',0,52946,52954
386,8,'ayah',0,52955,52963
386,9,'ayah',0,52964,52971
386,10,'ayah',0,52972,52981
386,11,'ayah',0,52982,52989
386,12,'ayah',0,52990,52998
386,13,'ayah',0,52999,53007
386,14,'ayah',0,53008,53017
386,15,'ayah',0,53018,53027
387,1,'ayah',0,53028,53035
387,2,'ayah',0,53036,53044
387,3,'ayah',0,53045,53053
387,4,'ayah',0,53054,53062
387,5,'ayah',0,53063,53072
387,6,'ayah',0,53073,53084
387,7,'ayah',0,53085,53096
387,8,'ayah',0,53097,53105
387,9,'ayah',0,53106,53112
387,10,'ayah',0,53113,53123
387,11,'ayah',0,53124,53132
387,12,'ayah',0,53133,53142
387,13,'ayah',0,53143,53152
387,14,'ayah',0,53153,53161
387,15,'ayah',0,53162,53170
388,1,'ayah',0,53171,53179
388,2,'ayah',0,53180,53189
388,3,'ayah',0,53190,53199
388,4,'ayah',0,53200,53207
388,5,'ayah',0,53208,53217
388,6,'ayah',0,53218,53228
388,7,'ayah',0,53229,53239
388,8,'ayah',0,53240,53248
388,9,'ayah',0,53249,53259
388,10,'ayah',0,53260,53268
388,11,'ayah',0,53269,53279
388,12,'ayah',0,53280,53289
388,13,'ayah',0,53290,53299
388,14,'ayah',0,53300,53310
388,15,'ayah',0,53311,53321
389,1,'ayah',0,53322,53331
389,2,'ayah',0,53332,53340
389,3,'ayah',0,53341,53350
389,4,'ayah',0,53351,53359
389,5,'ayah',0,53360,53369
389,6,'ayah',0,53370,53378
389,7,'ayah',0,53379,53387
389,8,'ayah',0,53388,53396
389,9,'ayah',0,53397,53404
389,10,'ayah',0,53405,53413
389,11,'ayah',0,53414,53422
389,12,'ayah',0,53423,53431
389,13,'ayah',0,53432,53440
389,14,'ayah',0,53441,53448
389,15,'ayah',0,53449,53456
390,1,'ayah',0,53457,53465
390,2,'ayah',0,53466,53474
390,3,'ayah',0,53475,53483
390,4,'ayah',0,53484,53493
390,5,'ayah',0,53494,53503
390,6,'ayah',0,53504,53512
390,7,'ayah',0,53513,53521
390,8,'ayah',0,53522,53528
390,9,'ayah',0,53529,53536
390,10,'ayah',0,53537,53545
390,11,'ayah',0,53546,53552
390,12,'ayah',0,53553,53560
390,13,'ayah',0,53561,53568
390,14,'ayah',0,53569,53576
390,15,'ayah',0,53577,53583
391,1,'ayah',0,53584,53593
391,2,'ayah',0,53594,53602
391,3,'ayah',0,53603,53612
391,4,'ayah',0,53613,53622
391,5,'ayah',0,53623,53632
391,6,'ayah',0,53633,53640
391,7,'ayah',0,53641,53648
391,8,'ayah',0,53649,53656
391,9,'ayah',0,53657,53665
391,10,'ayah',0,53666,53675
391,11,'ayah',0,53676,53684
391,12,'ayah',0,53685,53693
391,13,'ayah',0,53694,53703
391,14,'ayah',0,53704,53711
391,15,'ayah',0,53712,53721
392,1,'ayah',0,53722,53729
392,2,'ayah',0,53730,53739
392,3,'ayah',0,53740,53751
392,4,'ayah',0,53752,53759
392,5,'ayah',0,53760,53766
392,6,'ayah',0,53767,53775
392,7,'ayah',0,53776,53785
392,8,'ayah',0,53786,53794
392,9,'ayah',0,53795,53802
392,10,'ayah',0,53803,53812
392,11,'ayah',0,53813,53822
392,12,'ayah',0,53823,53830
392,13,'ayah',0,53831,53841
392,14,'ayah',0,53842,53851
392,15,'ayah',0,53852,53861
393,1,'ayah',0,53862,53870
393,2,'ayah',0,53871,53879
393,3,'ayah',0,53880,53888
393,4,'ayah',0,53889,53897
393,5,'ayah',0,53898,53906
393,6,'ayah',0,53907,53915
393,7,'ayah',0,53916,53925
393,8,'ayah',0,53926,53932
393,9,'ayah',0,53933,53941
393,10,'ayah',0,53942,53949
393,11,'ayah',0,53950,53960
393,12,'ayah',0,53961,53970
393,13,'ayah',0,53971,53981
393,14,'ayah',0,53982,53994
393,15,'ayah',0,53995,54003
394,1,'ayah',0,54004,54013
394,2,'ayah',0,54014,54023
394,3,'ayah',0,54024,54033
394,4,'ayah',0,54034,54043
394,5,'ayah',0,54044,54052
394,6,'ayah',0,54053,54060
394,7,'ayah',0,54061,54068
394,8,'ayah',0,54069,54076
394,9,'ayah',0,54077,54086
394,10,'ayah',0,54087,54095
394,11,'ayah',0,54096,54104
394,12,'ayah',0,54105,54116
394,13,'ayah',0,54117,54125
394,14,'ayah',0,54126,54134
394,15,'ayah',0,54135,54143
395,1,'ayah',0,54144,54154
395,2,'ayah',0,54155,54165
395,3,'ayah',0,54166,54175
395,4,'ayah',0,54176,54184
395,5,'ayah',0,54185,54195
395,6,'ayah',0,54196,54205
395,7,'ayah',0,54206,54214
395,8,'ayah',0,54215,54225
395,9,'ayah',0,54226,54233
395,10,'ayah',0,54234,54242
395,11,'ayah',0,54243,54252
395,12,'ayah',0,54253,54261
395,13,'ayah',0,54262,54270
395,14,'ayah',0,54271,54280
395,15,'ayah',0,54281,54289
396,1,'ayah',0,54290,54297
396,2,'ayah',0,54298,54307
396,3,'ayah',0,54308,54316
396,4,'ayah',0,54317,54325
396,5,'ayah',0,54326,54334
396,6,'ayah',0,54335,54343
396,7,'ayah',0,54344,54355
396,8,'ayah',1,54356,54362
396,9,'surah_name',1,29,
396,10,'basmallah',1,29,
396,11,'ayah',0,54363,54373
396,12,'ayah',0,54374,54382
396,13,'ayah',0,54383,54390
396,14,'ayah',0,54391,54400
396,15,'ayah',0,54401,54411
397,1,'ayah',0,54412,54420
397,2,'ayah',0,54421,54428
397,3,'ayah',0,54429,54435
397,4,'ayah',0,54436,54442
397,5,'ayah',0,54443,54452
397,6,'ayah',0,54453,54460
397,7,'ayah',0,54461,54467
397,8,'ayah',0,54468,54477
397,9,'ayah',0,54478,54486
397,10,'ayah',0,54487,54497
397,11,'ayah',0,54498,54504
397,12,'ayah',0,54505,54511
397,13,'ayah',0,54512,54519
397,14,'ayah',0,54520,54527
397,15,'ayah',0,54528,54535
398,1,'ayah',0,54536,54543
398,2,'ayah',0,54544,54550
398,3,'ayah',0,54551,54557
398,4,'ayah',0,54558,54565
398,5,'ayah',0,54566,54574
398,6,'ayah',0,54575,54582
398,7,'ayah',0,54583,54590
398,8,'ayah',0,54591,54597
398,9,'ayah',0,54598,54606
398,10,'ayah',0,54607,54615
398,11,'ayah',0,54616,54623
398,12,'ayah',0,54624,54633
398,13,'ayah',0,54634,54641
398,14,'ayah',0,54642,54650
398,15,'ayah',0,54651,54658
399,1,'ayah',0,54659,54667
399,2,'ayah',0,54668,54677
399,3,'ayah',0,54678,54684
399,4,'ayah',0,54685,54693
399,5,'ayah',0,54694,54701
399,6,'ayah',0,54702,54711
399,7,'ayah',0,54712,54719
399,8,'ayah',0,54720,54727
399,9,'ayah',0,54728,54734
399,10,'ayah',0,54735,54744
399,11,'ayah',0,54745,54754
399,12,'ayah',0,54755,54761
399,13,'ayah',0,54762,54769
399,14,'ayah',0,54770,54777
399,15,'ayah',0,54778,54786
400,1,'ayah',0,54787,54792
400,2,'ayah',0,54793,54801
400,3,'ayah',0,54802,54810
400,4,'ayah',0,54811,54819
400,5,'ayah',0,54820,54826
400,6,'ayah',0,54827,54835
400,7,'ayah',0,54836,54843
400,8,'ayah',0,54844,54852
400,9,'ayah',0,54853,54861
400,10,'ayah',0,54862,54870
400,11,'ayah',0,54871,54879
400,12,'ayah',0,54880,54888
400,13,'ayah',0,54889,54896
400,14,'ayah',0,54897,54903
400,15,'ayah',0,54904,54912
401,1,'ayah',0,54913,54918
401,2,'ayah',0,54919,54927
401,3,'ayah',0,54928,54934
401,4,'ayah',0,54935,54941
401,5,'ayah',0,54942,54948
401,6,'ayah',0,54949,54957
401,7,'ayah',0,54958,54965
401,8,'ayah',0,54966,54974
401,9,'ayah',0,54975,54982
401,10,'ayah',0,54983,54990
401,11,'ayah',0,54991,54998
401,12,'ayah',0,54999,55008
401,13,'ayah',0,55009,55016
401,14,'ayah',0,55017,55025
401,15,'ayah',0,55026,55033
402,1,'ayah',0,55034,55042
402,2,'ayah',0,55043,55051
402,3,'ayah',0,55052,55062
402,4,'ayah',0,55063,55072
402,5,'ayah',0,55073,55081
402,6,'ayah',0,55082,55088
402,7,'ayah',0,55089,55098
402,8,'ayah',0,55099,55110
402,9,'ayah',0,55111,55121
402,10,'ayah',0,55122,55131
402,11,'ayah',0,55132,55142
402,12,'ayah',0,55143,55153
402,13,'ayah',0,55154,55164
402,14,'ayah',0,55165,55174
402,15,'ayah',0,55175,55183
403,1,'ayah',0,55184,55190
403,2,'ayah',0,55191,55198
403,3,'ayah',0,55199,55207
403,4,'ayah',0,55208,55217
403,5,'ayah',0,55218,55226
403,6,'ayah',0,55227,55236
403,7,'ayah',0,55237,55244
403,8,'ayah',0,55245,55253
403,9,'ayah',0,55254,55263
403,10,'ayah',0,55264,55272
403,11,'ayah',0,55273,55280
403,12,'ayah',0,55281,55290
403,13,'ayah',0,55291,55301
403,14,'ayah',0,55302,55312
403,15,'ayah',0,55313,55323
404,1,'ayah',0,55324,55333
404,2,'ayah',0,55334,55344
404,3,'ayah',0,55345,55354
404,4,'ayah',0,55355,55361
404,5,'ayah',0,55362,55371
404,6,'ayah',0,55372,55379
404,7,'ayah',0,55380,55390
404,8,'ayah',0,55391,55399
404,9,'ayah',0,55400,55407
404,10,'surah_name',1,30,
404,11,'basmallah',1,30,
404,12,'ayah',0,55408,55417
404,13,'ayah',0,55418,55426
404,14,'ayah',0,55427,55434
404,15,'ayah',0,55435,55443
405,1,'ayah',0,55444,55453
405,2,'ayah',0,55454,55461
405,3,'ayah',0,55462,55471
405,4,'ayah',0,55472,55480
405,5,'ayah',0,55481,55490
405,6,'ayah',0,55491,55499
405,7,'ayah',0,55500,55507
405,8,'ayah',0,55508,55515
405,9,'ayah',0,55516,55524
405,10,'ayah',0,55525,55533
405,11,'ayah',0,55534,55543
405,12,'ayah',0,55544,55552
405,13,'ayah',0,55553,55561
405,14,'ayah',0,55562,55569
405,15,'ayah',0,55570,55577
406,1,'ayah',0,55578,55584
406,2,'ayah',0,55585,55592
406,3,'ayah',0,55593,55600
406,4,'ayah',0,55601,55608
406,5,'ayah',0,55609,55616
406,6,'ayah',0,55617,55625
406,7,'ayah',0,55626,55636
406,8,'ayah',0,55637,55644
406,9,'ayah',0,55645,55653
406,10,'ayah',0,55654,55660
406,11,'ayah',0,55661,55669
406,12,'ayah',0,55670,55677
406,13,'ayah',0,55678,55686
406,14,'ayah',0,55687,55695
406,15,'ayah',0,55696,55704
407,1,'ayah',0,55705,55714
407,2,'ayah',0,55715,55724
407,3,'ayah',0,55725,55733
407,4,'ayah',0,55734,55742
407,5,'ayah',0,55743,55751
407,6,'ayah',0,55752,55761
407,7,'ayah',0,55762,55769
407,8,'ayah',0,55770,55775
407,9,'ayah',0,55776,55784
407,10,'ayah',0,55785,55794
407,11,'ayah',0,55795,55803
407,12,'ayah',0,55804,55812
407,13,'ayah',0,55813,55821
407,14,'ayah',0,55822,55830
407,15,'ayah',0,55831,55839
408,1,'ayah',0,55840,55849
408,2,'ayah',0,55850,55858
408,3,'ayah',0,55859,55868
408,4,'ayah',0,55869,55879
408,5,'ayah',0,55880,55890
408,6,'ayah',0,55891,55900
408,7,'ayah',0,55901,55911
408,8,'ayah',0,55912,55919
408,9,'ayah',0,55920,55929
408,10,'ayah',0,55930,55940
408,11,'ayah',0,55941,55949
408,12,'ayah',0,55950,55959
408,13,'ayah',0,55960,55969
408,14,'ayah',0,55970,55979
408,15,'ayah',0,55980,55987
409,1,'ayah',0,55988,55996
409,2,'ayah',0,55997,56005
409,3,'ayah',0,56006,56017
409,4,'ayah',0,56018,56026
409,5,'ayah',0,56027,56033
409,6,'ayah',0,56034,56043
409,7,'ayah',0,56044,56050
409,8,'ayah',0,56051,56057
409,9,'ayah',0,56058,56066
409,10,'ayah',0,56067,56073
409,11,'ayah',0,56074,56082
409,12,'ayah',0,56083,56090
409,13,'ayah',0,56091,56099
409,14,'ayah',0,56100,56108
409,15,'ayah',0,56109,56118
410,1,'ayah',0,56119,56128
410,2,'ayah',0,56129,56139
410,3,'ayah',0,56140,56149
410,4,'ayah',0,56150,56160
410,5,'ayah',0,56161,56171
410,6,'ayah',0,56172,56180
410,7,'ayah',0,56181,56191
410,8,'ayah',0,56192,56200
410,9,'ayah',0,56201,56208
410,10,'ayah',0,56209,56217
410,11,'ayah',0,56218,56227
410,12,'ayah',0,56228,56237
410,13,'ayah',0,56238,56245
410,14,'ayah',0,56246,56255
410,15,'ayah',0,56256,56264
411,1,'ayah',0,56265,56274
411,2,'ayah',0,56275,56284
411,3,'surah_name',1,31,
411,4,'basmallah',1,31,
411,5,'ayah',0,56285,56295
411,6,'ayah',0,56296,56303
411,7,'ayah',0,56304,56314
411,8,'ayah',0,56315,56323
411,9,'ayah',0,56324,56333
411,10,'ayah',0,56334,56343
411,11,'ayah',0,56344,56354
411,12,'ayah',0,56355,56364
411,13,'ayah',0,56365,56374
411,14,'ayah',0,56375,56385
411,15,'ayah',0,56386,56396
412,1,'ayah',0,56397,56406
412,2,'ayah',0,56407,56416
412,3,'ayah',0,56417,56426
412,4,'ayah',0,56427,56437
412,5,'ayah',0,56438,56447
412,6,'ayah',0,56448,56456
412,7,'ayah',0,56457,56467
412,8,'ayah',0,56468,56478
412,9,'ayah',0,56479,56488
412,10,'ayah',0,56489,56499
412,11,'ayah',0,56500,56510
412,12,'ayah',0,56511,56521
412,13,'ayah',0,56522,56530
412,14,'ayah',0,56531,56541
412,15,'ayah',0,56542,56553
413,1,'ayah',0,56554,56562
413,2,'ayah',0,56563,56574
413,3,'ayah',0,56575,56583
413,4,'ayah',0,56584,56594
413,5,'ayah',0,56595,56606
413,6,'ayah',0,56607,56615
413,7,'ayah',0,56616,56626
413,8,'ayah',0,56627,56636
413,9,'ayah',0,56637,56645
413,10,'ayah',0,56646,56655
413,11,'ayah',0,56656,56664
413,12,'ayah',0,56665,56675
413,13,'ayah',0,56676,56686
413,14,'ayah',0,56687,56696
413,15,'ayah',0,56697,56707
414,1,'ayah',0,56708,56719
414,2,'ayah',0,56720,56731
414,3,'ayah',0,56732,56741
414,4,'ayah',0,56742,56753
414,5,'ayah',0,56754,56765
414,6,'ayah',0,56766,56775
414,7,'ayah',0,56776,56785
414,8,'ayah',0,56786,56795
414,9,'ayah',0,56796,56805
414,10,'ayah',0,56806,56814
414,11,'ayah',0,56815,56826
414,12,'ayah',0,56827,56836
414,13,'ayah',0,56837,56845
414,14,'ayah',0,56846,56854
414,15,'ayah',0,56855,56864
415,1,'surah_name',1,32,
415,2,'basmallah',1,32,
415,3,'ayah',0,56865,56875
415,4,'ayah',0,56876,56885
415,5,'ayah',0,56886,56895
415,6,'ayah',0,56896,56904
415,7,'ayah',0,56905,56915
415,8,'ayah',0,56916,56925
415,9,'ayah',0,56926,56935
415,10,'ayah',0,56936,56944
415,11,'ayah',0,56945,56953
415,12,'ayah',0,56954,56965
415,13,'ayah',0,56966,56974
415,14,'ayah',0,56975,56984
415,15,'ayah',0,56985,56994
416,1,'ayah',0,56995,57004
416,2,'ayah',0,57005,57013
416,3,'ayah',0,57014,57023
416,4,'ayah',0,57024,57033
416,5,'ayah',0,57034,57042
416,6,'ayah',0,57043,57051
416,7,'ayah',0,57052,57062
416,8,'ayah',0,57063,57071
416,9,'ayah',0,57072,57079
416,10,'ayah',0,57080,57091
416,11,'ayah',0,57092,57102
416,12,'ayah',0,57103,57112
416,13,'ayah',0,57113,57122
416,14,'ayah',0,57123,57131
416,15,'ayah',0,57132,57141
417,1,'ayah',0,57142,57147
417,2,'ayah',0,57148,57156
417,3,'ayah',0,57157,57165
417,4,'ayah',0,57166,57174
417,5,'ayah',0,57175,57181
417,6,'ayah',0,57182,57188
417,7,'ayah',0,57189,57197
417,8,'ayah',0,57198,57207
417,9,'ayah',0,57208,57215
417,10,'ayah',0,57216,57226
417,11,'ayah',0,57227,57235
417,12,'ayah',0,57236,57242
417,13,'ayah',0,57243,57251
417,14,'ayah',0,57252,57260
417,15,'ayah',1,57261,57266
418,1,'surah_name',1,33,
418,2,'basmallah',1,33,
418,3,'ayah',0,57267,57275
418,4,'ayah',0,57276,57286
418,5,'ayah',0,57287,57297
418,6,'ayah',0,57298,57308
418,7,'ayah',0,57309,57317
418,8,'ayah',0,57318,57324
418,9,'ayah',0,57325,57334
418,10,'ayah',0,57335,57343
418,11,'ayah',0,57344,57352
418,12,'ayah',0,57353,57361
418,13,'ayah',0,57362,57369
418,14,'ayah',0,57370,57378
418,15,'ayah',0,57379,57388
419,1,'ayah',0,57389,57397
419,2,'ayah',0,57398,57406
419,3,'ayah',0,57407,57413
419,4,'ayah',0,57414,57424
419,5,'ayah',0,57425,57434
419,6,'ayah',0,57435,57444
419,7,'ayah',0,57445,57452
419,8,'ayah',0,57453,57461
419,9,'ayah',0,57462,57470
419,10,'ayah',0,57471,57480
419,11,'ayah',0,57481,57489
419,12,'ayah',0,57490,57499
419,13,'ayah',0,57500,57509
419,14,'ayah',0,57510,57519
419,15,'ayah',0,57520,57530
420,1,'ayah',0,57531,57541
420,2,'ayah',0,57542,57554
420,3,'ayah',0,57555,57566
420,4,'ayah',0,57567,57577
420,5,'ayah',0,57578,57587
420,6,'ayah',0,57588,57596
420,7,'ayah',0,57597,57605
420,8,'ayah',0,57606,57614
420,9,'ayah',0,57615,57624
420,10,'ayah',0,57625,57634
420,11,'ayah',0,57635,57643
420,12,'ayah',0,57644,57654
420,13,'ayah',0,57655,57665
420,14,'ayah',0,57666,57674
420,15,'ayah',0,57675,57683
421,1,'ayah',0,57684,57692
421,2,'ayah',0,57693,57702
421,3,'ayah',0,57703,57710
421,4,'ayah',0,57711,57721
421,5,'ayah',0,57722,57730
421,6,'ayah',0,57731,57739
421,7,'ayah',0,57740,57747
421,8,'ayah',0,57748,57755
421,9,'ayah',0,57756,57764
421,10,'ayah',0,57765,57773
421,11,'ayah',0,57774,57780
421,12,'ayah',0,57781,57789
421,13,'ayah',0,57790,57798
421,14,'ayah',0,57799,57806
421,15,'ayah',0,57807,57815
422,1,'ayah',0,57816,57822
422,2,'ayah',0,57823,57830
422,3,'ayah',0,57831,57839
422,4,'ayah',0,57840,57847
422,5,'ayah',0,57848,57856
422,6,'ayah',0,57857,57862
422,7,'ayah',0,57863,57870
422,8,'ayah',0,57871,57877
422,9,'ayah',0,57878,57886
422,10,'ayah',0,57887,57894
422,11,'ayah',0,57895,57899
422,12,'ayah',0,57900,57904
422,13,'ayah',0,57905,57908
422,14,'ayah',0,57909,57913
422,15,'ayah',0,57914,57922
423,1,'ayah',0,57923,57932
423,2,'ayah',0,57933,57942
423,3,'ayah',0,57943,57953
423,4,'ayah',0,57954,57962
423,5,'ayah',0,57963,57972
423,6,'ayah',0,57973,57982
423,7,'ayah',0,57983,57991
423,8,'ayah',0,57992,58004
423,9,'ayah',0,58005,58016
423,10,'ayah',0,58017,58025
423,11,'ayah',0,58026,58037
423,12,'ayah',0,58038,58047
423,13,'ayah',0,58048,58059
423,14,'ayah',0,58060,58068
423,15,'ayah',0,58069,58077
424,1,'ayah',0,58078,58086
424,2,'ayah',0,58087,58094
424,3,'ayah',0,58095,58103
424,4,'ayah',0,58104,58113
424,5,'ayah',0,58114,58123
424,6,'ayah',0,58124,58131
424,7,'ayah',0,58132,58141
424,8,'ayah',0,58142,58148
424,9,'ayah',0,58149,58156
424,10,'ayah',0,58157,58164
424,11,'ayah',0,58165,58172
424,12,'ayah',0,58173,58182
424,13,'ayah',0,58183,58191
424,14,'ayah',0,58192,58199
424,15,'ayah',0,58200,58208
425,1,'ayah',0,58209,58218
425,2,'ayah',0,58219,58228
425,3,'ayah',0,58229,58237
425,4,'ayah',0,58238,58248
425,5,'ayah',0,58249,58258
425,6,'ayah',0,58259,58268
425,7,'ayah',0,58269,58277
425,8,'ayah',0,58278,58288
425,9,'ayah',0,58289,58295
425,10,'ayah',0,58296,58303
425,11,'ayah',0,58304,58311
425,12,'ayah',0,58312,58319
425,13,'ayah',0,58320,58329
425,14,'ayah',0,58330,58340
425,15,'ayah',0,58341,58352
426,1,'ayah',0,58353,58361
426,2,'ayah',0,58362,58370
426,3,'ayah',0,58371,58380
426,4,'ayah',0,58381,58389
426,5,'ayah',0,58390,58398
426,6,'ayah',0,58399,58407
426,7,'ayah',0,58408,58415
426,8,'ayah',0,58416,58423
426,9,'ayah',0,58424,58432
426,10,'ayah',0,58433,58441
426,11,'ayah',0,58442,58451
426,12,'ayah',0,58452,58458
426,13,'ayah',0,58459,58468
426,14,'ayah',0,58469,58477
426,15,'ayah',0,58478,58487
427,1,'ayah',0,58488,58497
427,2,'ayah',0,58498,58507
427,3,'ayah',0,58508,58518
427,4,'ayah',0,58519,58528
427,5,'ayah',0,58529,58538
427,6,'ayah',0,58539,58546
427,7,'ayah',0,58547,58556
427,8,'ayah',0,58557,58567
427,9,'ayah',0,58568,58577
427,10,'ayah',0,58578,58586
427,11,'ayah',0,58587,58596
427,12,'ayah',0,58597,58603
427,13,'ayah',0,58604,58612
427,14,'ayah',0,58613,58618
427,15,'ayah',0,58619,58626
428,1,'surah_name',1,34,
428,2,'basmallah',1,34,
428,3,'ayah',0,58627,58637
428,4,'ayah',0,58638,58647
428,5,'ayah',0,58648,58657
428,6,'ayah',0,58658,58667
428,7,'ayah',0,58668,58677
428,8,'ayah',0,58678,58687
428,9,'ayah',0,58688,58698
428,10,'ayah',0,58699,58707
428,11,'ayah',0,58708,58716
428,12,'ayah',0,58717,58725
428,13,'ayah',0,58726,58734
428,14,'ayah',0,58735,58743
428,15,'ayah',0,58744,58753
429,1,'ayah',0,58754,58764
429,2,'ayah',0,58765,58773
429,3,'ayah',0,58774,58783
429,4,'ayah',0,58784,58794
429,5,'ayah',0,58795,58805
429,6,'ayah',0,58806,58815
429,7,'ayah',0,58816,58824
429,8,'ayah',0,58825,58833
429,9,'ayah',0,58834,58844
429,10,'ayah',0,58845,58854
429,11,'ayah',0,58855,58863
429,12,'ayah',0,58864,58872
429,13,'ayah',0,58873,58882
429,14,'ayah',0,58883,58891
429,15,'ayah',0,58892,58902
430,1,'ayah',0,58903,58912
430,2,'ayah',0,58913,58921
430,3,'ayah',0,58922,58929
430,4,'ayah',0,58930,58938
430,5,'ayah',0,58939,58949
430,6,'ayah',0,58950,58958
430,7,'ayah',0,58959,58967
430,8,'ayah',0,58968,58975
430,9,'ayah',0,58976,58984
430,10,'ayah',0,58985,58993
430,11,'ayah',0,58994,59005
430,12,'ayah',0,59006,59015
430,13,'ayah',0,59016,59026
430,14,'ayah',0,59027,59036
430,15,'ayah',0,59037,59047
431,1,'ayah',0,59048,59058
431,2,'ayah',0,59059,59068
431,3,'ayah',0,59069,59079
431,4,'ayah',0,59080,59092
431,5,'ayah',0,59093,59104
431,6,'ayah',0,59105,59115
431,7,'ayah',0,59116,59127
431,8,'ayah',0,59128,59137
431,9,'ayah',0,59138,59148
431,10,'ayah',0,59149,59157
431,11,'ayah',0,59158,59167
431,12,'ayah',0,59168,59177
431,13,'ayah',0,59178,59185
431,14,'ayah',0,59186,59194
431,15,'ayah',0,59195,59204
432,1,'ayah',0,59205,59212
432,2,'ayah',0,59213,59221
432,3,'ayah',0,59222,59229
432,4,'ayah',0,59230,59239
432,5,'ayah',0,59240,59249
432,6,'ayah',0,59250,59258
432,7,'ayah',0,59259,59268
432,8,'ayah',0,59269,59278
432,9,'ayah',0,59279,59288
432,10,'ayah',0,59289,59297
432,11,'ayah',0,59298,59306
432,12,'ayah',0,59307,59315
432,13,'ayah',0,59316,59325
432,14,'ayah',0,59326,59334
432,15,'ayah',0,59335,59343
433,1,'ayah',0,59344,59352
433,2,'ayah',0,59353,59361
433,3,'ayah',0,59362,59370
433,4,'ayah',0,59371,59380
433,5,'ayah',0,59381,59391
433,6,'ayah',0,59392,59400
433,7,'ayah',0,59401,59409
433,8,'ayah',0,59410,59418
433,9,'ayah',0,59419,59427
433,10,'ayah',0,59428,59436
433,11,'ayah',0,59437,59446
433,12,'ayah',0,59447,59455
433,13,'ayah',0,59456,59466
433,14,'ayah',0,59467,59478
433,15,'ayah',0,59479,59489
434,1,'ayah',0,59490,59501
434,2,'ayah',0,59502,59511
434,3,'ayah',0,59512,59522
434,4,'ayah',0,59523,59532
434,5,'ayah',0,59533,59542
434,6,'ayah',0,59543,59552
434,7,'ayah',0,59553,59563
434,8,'surah_name',1,35,
434,9,'basmallah',1,35,
434,10,'ayah',0,59564,59571
434,11,'ayah',0,59572,59583
434,12,'ayah',0,59584,59596
434,13,'ayah',0,59597,59608
434,14,'ayah',0,59609,59619
434,15,'ayah',0,59620,59630
435,1,'ayah',0,59631,59640
435,2,'ayah',0,59641,59651
435,3,'ayah',0,59652,59661
435,4,'ayah',0,59662,59671
435,5,'ayah',0,59672,59680
435,6,'ayah',0,59681,59692
435,7,'ayah',0,59693,59703
435,8,'ayah',0,59704,59713
435,9,'ayah',0,59714,59723
435,10,'ayah',0,59724,59734
435,11,'ayah',0,59735,59743
435,12,'ayah',0,59744,59751
435,13,'ayah',0,59752,59763
435,14,'ayah',0,59764,59775
435,15,'ayah',0,59776,59789
436,1,'ayah',0,59790,59798
436,2,'ayah',0,59799,59806
436,3,'ayah',0,59807,59814
436,4,'ayah',0,59815,59823
436,5,'ayah',0,59824,59832
436,6,'ayah',0,59833,59840
436,7,'ayah',0,59841,59850
436,8,'ayah',0,59851,59859
436,9,'ayah',0,59860,59868
436,10,'ayah',0,59869,59878
436,11,'ayah',0,59879,59888
436,12,'ayah',0,59889,59898
436,13,'ayah',0,59899,59909
436,14,'ayah',0,59910,59916
436,15,'ayah',0,59917,59925
437,1,'ayah',0,59926,59935
437,2,'ayah',0,59936,59944
437,3,'ayah',0,59945,59954
437,4,'ayah',0,59955,59965
437,5,'ayah',0,59966,59975
437,6,'ayah',0,59976,59983
437,7,'ayah',0,59984,59990
437,8,'ayah',0,59991,60000
437,9,'ayah',0,60001,60009
437,10,'ayah',0,60010,60017
437,11,'ayah',0,60018,60024
437,12,'ayah',0,60025,60031
437,13,'ayah',0,60032,60040
437,14,'ayah',0,60041,60047
437,15,'ayah',0,60048,60055
438,1,'ayah',0,60056,60062
438,2,'ayah',0,60063,60071
438,3,'ayah',0,60072,60081
438,4,'ayah',0,60082,60089
438,5,'ayah',0,60090,60096
438,6,'ayah',0,60097,60105
438,7,'ayah',0,60106,60113
438,8,'ayah',0,60114,60122
438,9,'ayah',0,60123,60133
438,10,'ayah',0,60134,60144
438,11,'ayah',0,60145,60153
438,12,'ayah',0,60154,60163
438,13,'ayah',0,60164,60171
438,14,'ayah',0,60172,60181
438,15,'ayah',0,60182,60189
439,1,'ayah',0,60190,60198
439,2,'ayah',0,60199,60208
439,3,'ayah',0,60209,60217
439,4,'ayah',0,60218,60227
439,5,'ayah',0,60228,60235
439,6,'ayah',0,60236,60245
439,7,'ayah',0,60246,60255
439,8,'ayah',0,60256,60264
439,9,'ayah',0,60265,60273
439,10,'ayah',0,60274,60282
439,11,'ayah',0,60283,60290
439,12,'ayah',0,60291,60300
439,13,'ayah',0,60301,60309
439,14,'ayah',0,60310,60317
439,15,'ayah',0,60318,60326
440,1,'ayah',0,60327,60334
440,2,'ayah',0,60335,60343
440,3,'ayah',0,60344,60352
440,4,'ayah',0,60353,60361
440,5,'ayah',0,60362,60370
440,6,'ayah',0,60371,60378
440,7,'ayah',1,60379,60383
440,8,'surah_name',1,36,
440,9,'basmallah',1,36,
440,10,'ayah',0,60384,60393
440,11,'ayah',0,60394,60402
440,12,'ayah',0,60403,60412
440,13,'ayah',0,60413,60423
440,14,'ayah',0,60424,60432
440,15,'ayah',0,60433,60441
441,1,'ayah',0,60442,60450
441,2,'ayah',0,60451,60458
441,3,'ayah',0,60459,60467
441,4,'ayah',0,60468,60475
441,5,'ayah',0,60476,60484
441,6,'ayah',0,60485,60492
441,7,'ayah',0,60493,60500
441,8,'ayah',0,60501,60510
441,9,'ayah',0,60511,60520
441,10,'ayah',0,60521,60530
441,11,'ayah',0,60531,60537
441,12,'ayah',0,60538,60545
441,13,'ayah',0,60546,60554
441,14,'ayah',0,60555,60562
441,15,'ayah',0,60563,60570
442,1,'ayah',0,60571,60579
442,2,'ayah',0,60580,60590
442,3,'ayah',0,60591,60602
442,4,'ayah',0,60603,60612
442,5,'ayah',0,60613,60624
442,6,'ayah',0,60625,60636
442,7,'ayah',0,60637,60647
442,8,'ayah',0,60648,60658
442,9,'ayah',0,60659,60669
442,10,'ayah',0,60670,60680
442,11,'ayah',0,60681,60690
442,12,'ayah',0,60691,60700
442,13,'ayah',0,60701,60710
442,14,'ayah',0,60711,60721
442,15,'ayah',0,60722,60731
443,1,'ayah',0,60732,60741
443,2,'ayah',0,60742,60751
443,3,'ayah',0,60752,60762
443,4,'ayah',0,60763,60773
443,5,'ayah',0,60774,60785
443,6,'ayah',0,60786,60798
443,7,'ayah',0,60799,60809
443,8,'ayah',0,60810,60821
443,9,'ayah',0,60822,60832
443,10,'ayah',0,60833,60844
443,11,'ayah',0,60845,60855
443,12,'ayah',0,60856,60864
443,13,'ayah',0,60865,60874
443,14,'ayah',0,60875,60885
443,15,'ayah',0,60886,60895
444,1,'ayah',0,60896,60906
444,2,'ayah',0,60907,60919
444,3,'ayah',0,60920,60930
444,4,'ayah',0,60931,60941
444,5,'ayah',0,60942,60952
444,6,'ayah',0,60953,60963
444,7,'ayah',0,60964,60974
444,8,'ayah',0,60975,60984
444,9,'ayah',0,60985,60994
444,10,'ayah',0,60995,61003
444,11,'ayah',0,61004,61013
444,12,'ayah',0,61014,61022
444,13,'ayah',0,61023,61032
444,14,'ayah',0,61033,61045
444,15,'ayah',0,61046,61056
445,1,'ayah',0,61057,61069
445,2,'ayah',0,61070,61079
445,3,'ayah',0,61080,61089
445,4,'ayah',0,61090,61100
445,5,'ayah',0,61101,61112
445,6,'ayah',0,61113,61124
445,7,'ayah',0,61125,61136
445,8,'ayah',0,61137,61148
445,9,'ayah',0,61149,61159
445,10,'ayah',0,61160,61169
445,11,'ayah',0,61170,61182
445,12,'ayah',0,61183,61191
445,13,'surah_name',1,37,
445,14,'basmallah',1,37,
445,15,'ayah',0,61192,61200
446,1,'ayah',0,61201,61210
446,2,'ayah',0,61211,61221
446,3,'ayah',0,61222,61232
446,4,'ayah',0,61233,61244
446,5,'ayah',0,61245,61255
446,6,'ayah',0,61256,61267
446,7,'ayah',0,61268,61279
446,8,'ayah',0,61280,61290
446,9,'ayah',0,61291,61302
446,10,'ayah',0,61303,61314
446,11,'ayah',0,61315,61324
446,12,'ayah',0,61325,61336
446,13,'ayah',0,61337,61348
446,14,'ayah',0,61349,61357
446,15,'ayah',0,61358,61369
447,1,'ayah',0,61370,61381
447,2,'ayah',0,61382,61392
447,3,'ayah',0,61393,61401
447,4,'ayah',0,61402,61414
447,5,'ayah',0,61415,61424
447,6,'ayah',0,61425,61433
447,7,'ayah',0,61434,61445
447,8,'ayah',0,61446,61457
447,9,'ayah',0,61458,61468
447,10,'ayah',0,61469,61480
447,11,'ayah',0,61481,61490
447,12,'ayah',0,61491,61502
447,13,'ayah',0,61503,61511
447,14,'ayah',0,61512,61521
447,15,'ayah',0,61522,61532
448,1,'ayah',0,61533,61541
448,2,'ayah',0,61542,61551
448,3,'ayah',0,61552,61561
448,4,'ayah',0,61562,61571
448,5,'ayah',0,61572,61581
448,6,'ayah',0,61582,61589
448,7,'ayah',0,61590,61601
448,8,'ayah',0,61602,61611
448,9,'ayah',0,61612,61620
448,10,'ayah',0,61621,61630
448,11,'ayah',0,61631,61640
448,12,'ayah',0,61641,61648
448,13,'ayah',0,61649,61658
448,14,'ayah',0,61659,61669
448,15,'ayah',0,61670,61680
449,1,'ayah',0,61681,61692
449,2,'ayah',0,61693,61702
449,3,'ayah',0,61703,61714
449,4,'ayah',0,61715,61725
449,5,'ayah',0,61726,61737
449,6,'ayah',0,61738,61746
449,7,'ayah',0,61747,61757
449,8,'ayah',0,61758,61767
449,9,'ayah',0,61768,61778
449,10,'ayah',0,61779,61788
449,11,'ayah',0,61789,61799
449,12,'ayah',0,61800,61809
449,13,'ayah',0,61810,61818
449,14,'ayah',0,61819,61828
449,15,'ayah',0,61829,61838
450,1,'ayah',0,61839,61848
450,2,'ayah',0,61849,61857
450,3,'ayah',0,61858,61866
450,4,'ayah',0,61867,61875
450,5,'ayah',0,61876,61883
450,6,'ayah',0,61884,61892
450,7,'ayah',0,61893,61900
450,8,'ayah',0,61901,61911
450,9,'ayah',0,61912,61920
450,10,'ayah',0,61921,61930
450,11,'ayah',0,61931,61938
450,12,'ayah',0,61939,61947
450,13,'ayah',0,61948,61957
450,14,'ayah',0,61958,61966
450,15,'ayah',0,61967,61974
451,1,'ayah',0,61975,61985
451,2,'ayah',0,61986,61994
451,3,'ayah',0,61995,62005
451,4,'ayah',0,62006,62014
451,5,'ayah',0,62015,62024
451,6,'ayah',0,62025,62034
451,7,'ayah',0,62035,62044
451,8,'ayah',0,62045,62054
451,9,'ayah',0,62055,62063
451,10,'ayah',0,62064,62073
451,11,'ayah',0,62074,62083
451,12,'ayah',0,62084,62094
451,13,'ayah',0,62095,62104
451,14,'ayah',0,62105,62113
451,15,'ayah',0,62114,62123
452,1,'ayah',0,62124,62134
452,2,'ayah',0,62135,62146
452,3,'ayah',0,62147,62155
452,4,'ayah',0,62156,62166
452,5,'ayah',0,62167,62176
452,6,'ayah',0,62177,62185
452,7,'ayah',0,62186,62195
452,8,'ayah',0,62196,62203
452,9,'ayah',0,62204,62213
452,10,'ayah',0,62214,62224
452,11,'ayah',1,62225,62233
452,12,'surah_name',1,38,
452,13,'basmallah',1,38,
452,14,'ayah',0,62234,62245
452,15,'ayah',0,62246,62256
453,1,'ayah',0,62257,62265
453,2,'ayah',0,62266,62276
453,3,'ayah',0,62277,62285
453,4,'ayah',0,62286,62297
453,5,'ayah',0,62298,62309
453,6,'ayah',0,62310,62319
453,7,'ayah',0,62320,62329
453,8,'ayah',0,62330,62338
453,9,'ayah',0,62339,62347
453,10,'ayah',0,62348,62356
453,11,'ayah',0,62357,62367
453,12,'ayah',0,62368,62378
453,13,'ayah',0,62379,62389
453,14,'ayah',0,62390,62399
453,15,'ayah',0,62400,62407
454,1,'ayah',0,62408,62417
454,2,'ayah',0,62418,62428
454,3,'ayah',0,62429,62439
454,4,'ayah',0,62440,62449
454,5,'ayah',0,62450,62460
454,6,'ayah',0,62461,62470
454,7,'ayah',0,62471,62479
454,8,'ayah',0,62480,62488
454,9,'ayah',0,62489,62499
454,10,'ayah',0,62500,62509
454,11,'ayah',0,62510,62519
454,12,'ayah',0,62520,62529
454,13,'ayah',0,62530,62539
454,14,'ayah',0,62540,62549
454,15,'ayah',0,62550,62559
455,1,'ayah',0,62560,62567
455,2,'ayah',0,62568,62576
455,3,'ayah',0,62577,62585
455,4,'ayah',0,62586,62595
455,5,'ayah',0,62596,62605
455,6,'ayah',0,62606,62615
455,7,'ayah',0,62616,62625
455,8,'ayah',0,62626,62638
455,9,'ayah',0,62639,62648
455,10,'ayah',0,62649,62658
455,11,'ayah',0,62659,62668
455,12,'ayah',0,62669,62679
455,13,'ayah',0,62680,62689
455,14,'ayah',0,62690,62698
455,15,'ayah',0,62699,62707
456,1,'ayah',0,62708,62716
456,2,'ayah',0,62717,62726
456,3,'ayah',0,62727,62734
456,4,'ayah',0,62735,62744
456,5,'ayah',0,62745,62754
456,6,'ayah',0,62755,62763
456,7,'ayah',0,62764,62771
456,8,'ayah',0,62772,62781
456,9,'ayah',0,62782,62794
456,10,'ayah',0,62795,62804
456,11,'ayah',0,62805,62814
456,12,'ayah',0,62815,62825
456,13,'ayah',0,62826,62836
456,14,'ayah',0,62837,62848
456,15,'ayah',0,62849,62859
457,1,'ayah',0,62860,62868
457,2,'ayah',0,62869,62879
457,3,'ayah',0,62880,62889
457,4,'ayah',0,62890,62900
457,5,'ayah',0,62901,62912
457,6,'ayah',0,62913,62924
457,7,'ayah',0,62925,62934
457,8,'ayah',0,62935,62944
457,9,'ayah',0,62945,62954
457,10,'ayah',0,62955,62963
457,11,'ayah',0,62964,62975
457,12,'ayah',0,62976,62985
457,13,'ayah',0,62986,62996
457,14,'ayah',0,62997,63005
457,15,'ayah',0,63006,63014
458,1,'ayah',0,63015,63024
458,2,'ayah',0,63025,63032
458,3,'ayah',0,63033,63043
458,4,'ayah',0,63044,63054
458,5,'surah_name',1,39,
458,6,'basmallah',1,39,
458,7,'ayah',0,63055,63064
458,8,'ayah',0,63065,63075
458,9,'ayah',0,63076,63084
458,10,'ayah',0,63085,63096
458,11,'ayah',0,63097,63108
458,12,'ayah',0,63109,63118
458,13,'ayah',0,63119,63127
458,14,'ayah',0,63128,63137
458,15,'ayah',0,63138,63147
459,1,'ayah',0,63148,63157
459,2,'ayah',0,63158,63166
459,3,'ayah',0,63167,63177
459,4,'ayah',0,63178,63189
459,5,'ayah',0,63190,63199
459,6,'ayah',0,63200,63210
459,7,'ayah',0,63211,63220
459,8,'ayah',0,63221,63232
459,9,'ayah',0,63233,63242
459,10,'ayah',0,63243,63253
459,11,'ayah',0,63254,63262
459,12,'ayah',0,63263,63271
459,13,'ayah',0,63272,63280
459,14,'ayah',0,63281,63289
459,15,'ayah',0,63290,63298
460,1,'ayah',0,63299,63310
460,2,'ayah',0,63311,63321
460,3,'ayah',0,63322,63334
460,4,'ayah',0,63335,63343
460,5,'ayah',0,63344,63354
460,6,'ayah',0,63355,63365
460,7,'ayah',0,63366,63374
460,8,'ayah',0,63375,63384
460,9,'ayah',0,63385,63393
460,10,'ayah',0,63394,63403
460,11,'ayah',0,63404,63415
460,12,'ayah',0,63416,63427
460,13,'ayah',0,63428,63439
460,14,'ayah',0,63440,63450
460,15,'ayah',0,63451,63459
461,1,'ayah',0,63460,63469
461,2,'ayah',0,63470,63480
461,3,'ayah',0,63481,63489
461,4,'ayah',0,63490,63498
461,5,'ayah',0,63499,63509
461,6,'ayah',0,63510,63521
461,7,'ayah',0,63522,63530
461,8,'ayah',0,63531,63540
461,9,'ayah',0,63541,63548
461,10,'ayah',0,63549,63558
461,11,'ayah',0,63559,63568
461,12,'ayah',0,63569,63578
461,13,'ayah',0,63579,63586
461,14,'ayah',0,63587,63596
461,15,'ayah',0,63597,63606
462,1,'ayah',0,63607,63614
462,2,'ayah',0,63615,63623
462,3,'ayah',0,63624,63632
462,4,'ayah',0,63633,63641
462,5,'ayah',0,63642,63648
462,6,'ayah',0,63649,63657
462,7,'ayah',0,63658,63666
462,8,'ayah',0,63667,63678
462,9,'ayah',0,63679,63687
462,10,'ayah',0,63688,63695
462,11,'ayah',0,63696,63705
462,12,'ayah',0,63706,63714
462,13,'ayah',0,63715,63722
462,14,'ayah',0,63723,63731
462,15,'ayah',0,63732,63738
463,1,'ayah',0,63739,63746
463,2,'ayah',0,63747,63755
463,3,'ayah',0,63756,63764
463,4,'ayah',0,63765,63772
463,5,'ayah',0,63773,63781
463,6,'ayah',0,63782,63790
463,7,'ayah',0,63791,63801
463,8,'ayah',0,63802,63809
463,9,'ayah',0,63810,63818
463,10,'ayah',0,63819,63828
463,11,'ayah',0,63829,63836
463,12,'ayah',0,63837,63845
463,13,'ayah',0,63846,63855
463,14,'ayah',0,63856,63864
463,15,'ayah',0,63865,63874
464,1,'ayah',0,63875,63884
464,2,'ayah',0,63885,63893
464,3,'ayah',0,63894,63903
464,4,'ayah',0,63904,63913
464,5,'ayah',0,63914,63922
464,6,'ayah',0,63923,63930
464,7,'ayah',0,63931,63941
464,8,'ayah',0,63942,63951
464,9,'ayah',0,63952,63961
464,10,'ayah',0,63962,63971
464,11,'ayah',0,63972,63981
464,12,'ayah',0,63982,63991
464,13,'ayah',0,63992,64000
464,14,'ayah',0,64001,64010
464,15,'ayah',0,64011,64020
465,1,'ayah',0,64021,64030
465,2,'ayah',0,64031,64040
465,3,'ayah',0,64041,64049
465,4,'ayah',0,64050,64057
465,5,'ayah',0,64058,64065
465,6,'ayah',0,64066,64073
465,7,'ayah',0,64074,64082
465,8,'ayah',0,64083,64093
465,9,'ayah',0,64094,64100
465,10,'ayah',0,64101,64109
465,11,'ayah',0,64110,64118
465,12,'ayah',0,64119,64126
465,13,'ayah',0,64127,64137
465,14,'ayah',0,64138,64144
465,15,'ayah',0,64145,64151
466,1,'ayah',0,64152,64161
466,2,'ayah',0,64162,64172
466,3,'ayah',0,64173,64181
466,4,'ayah',0,64182,64190
466,5,'ayah',0,64191,64200
466,6,'ayah',0,64201,64209
466,7,'ayah',0,64210,64218
466,8,'ayah',0,64219,64226
466,9,'ayah',0,64227,64235
466,10,'ayah',0,64236,64243
466,11,'ayah',0,64244,64251
466,12,'ayah',0,64252,64259
466,13,'ayah',0,64260,64267
466,14,'ayah',0,64268,64274
466,15,'ayah',0,64275,64283
467,1,'ayah',0,64284,64292
467,2,'ayah',1,64293,64301
467,3,'surah_name',1,40,
467,4,'basmallah',1,40,
467,5,'ayah',0,64302,64311
467,6,'ayah',0,64312,64320
467,7,'ayah',0,64321,64333
467,8,'ayah',0,64334,64343
467,9,'ayah',0,64344,64351
467,10,'ayah',0,64352,64358
467,11,'ayah',0,64359,64368
467,12,'ayah',0,64369,64377
467,13,'ayah',0,64378,64383
467,14,'ayah',0,64384,64392
467,15,'ayah',0,64393,64400
468,1,'ayah',0,64401,64408
468,2,'ayah',0,64409,64415
468,3,'ayah',0,64416,64423
468,4,'ayah',0,64424,64432
468,5,'ayah',0,64433,64440
468,6,'ayah',0,64441,64449
468,7,'ayah',0,64450,64456
468,8,'ayah',0,64457,64466
468,9,'ayah',0,64467,64474
468,10,'ayah',0,64475,64484
468,11,'ayah',0,64485,64494
468,12,'ayah',0,64495,64504
468,13,'ayah',0,64505,64514
468,14,'ayah',0,64515,64524
468,15,'ayah',0,64525,64533
469,1,'ayah',0,64534,64544
469,2,'ayah',0,64545,64552
469,3,'ayah',0,64553,64561
469,4,'ayah',0,64562,64571
469,5,'ayah',0,64572,64579
469,6,'ayah',0,64580,64588
469,7,'ayah',0,64589,64597
469,8,'ayah',0,64598,64606
469,9,'ayah',0,64607,64615
469,10,'ayah',0,64616,64623
469,11,'ayah',0,64624,64631
469,12,'ayah',0,64632,64640
469,13,'ayah',0,64641,64648
469,14,'ayah',0,64649,64657
469,15,'ayah',0,64658,64666
470,1,'ayah',0,64667,64674
470,2,'ayah',0,64675,64683
470,3,'ayah',0,64684,64692
470,4,'ayah',0,64693,64701
470,5,'ayah',0,64702,64709
470,6,'ayah',0,64710,64718
470,7,'ayah',0,64719,64726
470,8,'ayah',0,64727,64735
470,9,'ayah',0,64736,64744
470,10,'ayah',0,64745,64754
470,11,'ayah',0,64755,64764
470,12,'ayah',0,64765,64773
470,13,'ayah',0,64774,64782
470,14,'ayah',0,64783,64790
470,15,'ayah',0,64791,64799
471,1,'ayah',0,64800,64809
471,2,'ayah',0,64810,64820
471,3,'ayah',0,64821,64832
471,4,'ayah',0,64833,64842
471,5,'ayah',0,64843,64852
471,6,'ayah',0,64853,64862
471,7,'ayah',0,64863,64873
471,8,'ayah',0,64874,64883
471,9,'ayah',0,64884,64892
471,10,'ayah',0,64893,64901
471,11,'ayah',0,64902,64911
471,12,'ayah',0,64912,64920
471,13,'ayah',0,64921,64931
471,14,'ayah',0,64932,64942
471,15,'ayah',0,64943,64950
472,1,'ayah',0,64951,64959
472,2,'ayah',0,64960,64969
472,3,'ayah',0,64970,64979
472,4,'ayah',0,64980,64989
472,5,'ayah',0,64990,64999
472,6,'ayah',0,65000,65008
472,7,'ayah',0,65009,65017
472,8,'ayah',0,65018,65025
472,9,'ayah',0,65026,65032
472,10,'ayah',0,65033,65041
472,11,'ayah',0,65042,65049
472,12,'ayah',0,65050,65058
472,13,'ayah',0,65059,65067
472,14,'ayah',0,65068,65075
472,15,'ayah',0,65076,65084
473,1,'ayah',0,65085,65092
473,2,'ayah',0,65093,65101
473,3,'ayah',0,65102,65109
473,4,'ayah',0,65110,65117
473,5,'ayah',0,65118,65124
473,6,'ayah',0,65125,65131
473,7,'ayah',0,65132,65139
473,8,'ayah',0,65140,65147
473,9,'ayah',0,65148,65154
473,10,'ayah',0,65155,65163
473,11,'ayah',0,65164,65172
473,12,'ayah',0,65173,65179
473,13,'ayah',0,65180,65188
473,14,'ayah',0,65189,65194
473,15,'ayah',0,65195,65202
474,1,'ayah',0,65203,65211
474,2,'ayah',0,65212,65219
474,3,'ayah',0,65220,65226
474,4,'ayah',0,65227,65235
474,5,'ayah',0,65236,65243
474,6,'ayah',0,65244,65252
474,7,'ayah',0,65253,65262
474,8,'ayah',0,65263,65270
474,9,'ayah',0,65271,65278
474,10,'ayah',0,65279,65284
474,11,'ayah',0,65285,65293
474,12,'ayah',0,65294,65302
474,13,'ayah',0,65303,65312
474,14,'ayah',0,65313,65320
474,15,'ayah',0,65321,65328
475,1,'ayah',0,65329,65339
475,2,'ayah',0,65340,65347
475,3,'ayah',0,65348,65356
475,4,'ayah',0,65357,65365
475,5,'ayah',0,65366,65376
475,6,'ayah',0,65377,65385
475,7,'ayah',0,65386,65394
475,8,'ayah',0,65395,65402
475,9,'ayah',0,65403,65413
475,10,'ayah',0,65414,65424
475,11,'ayah',0,65425,65434
475,12,'ayah',0,65435,65443
475,13,'ayah',0,65444,65452
475,14,'ayah',0,65453,65461
475,15,'ayah',0,65462,65469
476,1,'ayah',0,65470,65478
476,2,'ayah',0,65479,65488
476,3,'ayah',0,65489,65499
476,4,'ayah',0,65500,65507
476,5,'ayah',0,65508,65515
476,6,'ayah',0,65516,65523
476,7,'ayah',0,65524,65532
476,8,'ayah',0,65533,65540
476,9,'ayah',0,65541,65549
476,10,'ayah',0,65550,65559
476,11,'ayah',0,65560,65567
476,12,'ayah',0,65568,65577
476,13,'ayah',0,65578,65587
476,14,'ayah',0,65588,65596
476,15,'ayah',0,65597,65605
477,1,'surah_name',1,41,
477,2,'basmallah',1,41,
477,3,'ayah',0,65606,65616
477,4,'ayah',0,65617,65625
477,5,'ayah',0,65626,65636
477,6,'ayah',0,65637,65646
477,7,'ayah',0,65647,65657
477,8,'ayah',0,65658,65664
477,9,'ayah',0,65665,65674
477,10,'ayah',0,65675,65684
477,11,'ayah',0,65685,65692
477,12,'ayah',0,65693,65701
477,13,'ayah',0,65702,65710
477,14,'ayah',0,65711,65720
477,15,'ayah',0,65721,65730
478,1,'ayah',0,65731,65739
478,2,'ayah',0,65740,65747
478,3,'ayah',0,65748,65756
478,4,'ayah',0,65757,65766
478,5,'ayah',0,65767,65777
478,6,'ayah',0,65778,65788
478,7,'ayah',0,65789,65800
478,8,'ayah',0,65801,65810
478,9,'ayah',0,65811,65818
478,10,'ayah',0,65819,65826
478,11,'ayah',0,65827,65836
478,12,'ayah',0,65837,65845
478,13,'ayah',0,65846,65854
478,14,'ayah',0,65855,65865
478,15,'ayah',0,65866,65873
479,1,'ayah',0,65874,65881
479,2,'ayah',0,65882,65890
479,3,'ayah',0,65891,65898
479,4,'ayah',0,65899,65906
479,5,'ayah',0,65907,65916
479,6,'ayah',0,65917,65924
479,7,'ayah',0,65925,65933
479,8,'ayah',0,65934,65942
479,9,'ayah',0,65943,65951
479,10,'ayah',0,65952,65959
479,11,'ayah',0,65960,65968
479,12,'ayah',0,65969,65975
479,13,'ayah',0,65976,65982
479,14,'ayah',0,65983,65991
479,15,'ayah',0,65992,65999
480,1,'ayah',0,66000,66008
480,2,'ayah',0,66009,66016
480,3,'ayah',0,66017,66025
480,4,'ayah',0,66026,66034
480,5,'ayah',0,66035,66044
480,6,'ayah',0,66045,66055
480,7,'ayah',0,66056,66067
480,8,'ayah',0,66068,66077
480,9,'ayah',0,66078,66087
480,10,'ayah',0,66088,66098
480,11,'ayah',0,66099,66109
480,12,'ayah',0,66110,66119
480,13,'ayah',0,66120,66128
480,14,'ayah',0,66129,66137
480,15,'ayah',0,66138,66147
481,1,'ayah',0,66148,66156
481,2,'ayah',0,66157,66166
481,3,'ayah',0,66167,66177
481,4,'ayah',0,66178,66189
481,5,'ayah',0,66190,66200
481,6,'ayah',0,66201,66211
481,7,'ayah',0,66212,66223
481,8,'ayah',0,66224,66235
481,9,'ayah',0,66236,66245
481,10,'ayah',0,66246,66254
481,11,'ayah',0,66255,66263
481,12,'ayah',0,66264,66273
481,13,'ayah',0,66274,66282
481,14,'ayah',0,66283,66292
481,15,'ayah',0,66293,66301
482,1,'ayah',0,66302,66310
482,2,'ayah',0,66311,66320
482,3,'ayah',0,66321,66330
482,4,'ayah',0,66331,66341
482,5,'ayah',0,66342,66351
482,6,'ayah',0,66352,66362
482,7,'ayah',0,66363,66371
482,8,'ayah',0,66372,66380
482,9,'ayah',0,66381,66389
482,10,'ayah',0,66390,66398
482,11,'ayah',0,66399,66409
482,12,'ayah',0,66410,66420
482,13,'ayah',0,66421,66429
482,14,'ayah',0,66430,66441
482,15,'ayah',0,66442,66453
483,1,'surah_name',1,42,
483,2,'basmallah',1,42,
483,3,'ayah',0,66454,66464
483,4,'ayah',0,66465,66476
483,5,'ayah',0,66477,66485
483,6,'ayah',0,66486,66494
483,7,'ayah',0,66495,66504
483,8,'ayah',0,66505,66514
483,9,'ayah',0,66515,66524
483,10,'ayah',0,66525,66536
483,11,'ayah',0,66537,66546
483,12,'ayah',0,66547,66557
483,13,'ayah',0,66558,66567
483,14,'ayah',0,66568,66578
483,15,'ayah',0,66579,66588
484,1,'ayah',0,66589,66596
484,2,'ayah',0,66597,66604
484,3,'ayah',0,66605,66613
484,4,'ayah',0,66614,66623
484,5,'ayah',0,66624,66633
484,6,'ayah',0,66634,66642
484,7,'ayah',0,66643,66651
484,8,'ayah',0,66652,66661
484,9,'ayah',0,66662,66672
484,10,'ayah',0,66673,66682
484,11,'ayah',0,66683,66692
484,12,'ayah',0,66693,66700
484,13,'ayah',0,66701,66709
484,14,'ayah',0,66710,66718
484,15,'ayah',0,66719,66727
485,1,'ayah',0,66728,66736
485,2,'ayah',0,66737,66744
485,3,'ayah',0,66745,66752
485,4,'ayah',0,66753,66761
485,5,'ayah',0,66762,66769
485,6,'ayah',0,66770,66779
485,7,'ayah',0,66780,66789
485,8,'ayah',0,66790,66799
485,9,'ayah',0,66800,66808
485,10,'ayah',0,66809,66819
485,11,'ayah',0,66820,66829
485,12,'ayah',0,66830,66838
485,13,'ayah',0,66839,66846
485,14,'ayah',0,66847,66854
485,15,'ayah',0,66855,66862
486,1,'ayah',0,66863,66871
486,2,'ayah',0,66872,66882
486,3,'ayah',0,66883,66894
486,4,'ayah',0,66895,66905
486,5,'ayah',0,66906,66915
486,6,'ayah',0,66916,66924
486,7,'ayah',0,66925,66933
486,8,'ayah',0,66934,66942
486,9,'ayah',0,66943,66952
486,10,'ayah',0,66953,66963
486,11,'ayah',0,66964,66974
486,12,'ayah',0,66975,66984
486,13,'ayah',0,66985,66995
486,14,'ayah',0,66996,67004
486,15,'ayah',0,67005,67016
487,1,'ayah',0,67017,67026
487,2,'ayah',0,67027,67036
487,3,'ayah',0,67037,67047
487,4,'ayah',0,67048,67057
487,5,'ayah',0,67058,67067
487,6,'ayah',0,67068,67076
487,7,'ayah',0,67077,67084
487,8,'ayah',0,67085,67091
487,9,'ayah',0,67092,67099
487,10,'ayah',0,67100,67108
487,11,'ayah',0,67109,67118
487,12,'ayah',0,67119,67127
487,13,'ayah',0,67128,67136
487,14,'ayah',0,67137,67144
487,15,'ayah',0,67145,67155
488,1,'ayah',0,67156,67166
488,2,'ayah',0,67167,67177
488,3,'ayah',0,67178,67186
488,4,'ayah',0,67187,67195
488,5,'ayah',0,67196,67207
488,6,'ayah',0,67208,67218
488,7,'ayah',0,67219,67231
488,8,'ayah',0,67232,67244
488,9,'ayah',0,67245,67255
488,10,'ayah',0,67256,67266
488,11,'ayah',0,67267,67276
488,12,'ayah',0,67277,67287
488,13,'ayah',0,67288,67297
488,14,'ayah',0,67298,67310
488,15,'ayah',0,67311,67322
489,1,'ayah',0,67323,67332
489,2,'ayah',0,67333,67343
489,3,'ayah',0,67344,67353
489,4,'ayah',0,67354,67366
489,5,'surah_name',1,43,
489,6,'basmallah',1,43,
489,7,'ayah',0,67367,67376
489,8,'ayah',0,67377,67387
489,9,'ayah',0,67388,67397
489,10,'ayah',0,67398,67409
489,11,'ayah',0,67410,67417
489,12,'ayah',0,67418,67426
489,13,'ayah',0,67427,67435
489,14,'ayah',0,67436,67445
489,15,'ayah',0,67446,67455
490,1,'ayah',0,67456,67464
490,2,'ayah',0,67465,67475
490,3,'ayah',0,67476,67485
490,4,'ayah',0,67486,67496
490,5,'ayah',0,67497,67506
490,6,'ayah',0,67507,67516
490,7,'ayah',0,67517,67526
490,8,'ayah',0,67527,67536
490,9,'ayah',0,67537,67544
490,10,'ayah',0,67545,67553
490,11,'ayah',0,67554,67565
490,12,'ayah',0,67566,67576
490,13,'ayah',0,67577,67586
490,14,'ayah',0,67587,67596
490,15,'ayah',0,67597,67606
491,1,'ayah',0,67607,67616
491,2,'ayah',0,67617,67626
491,3,'ayah',0,67627,67635
491,4,'ayah',0,67636,67645
491,5,'ayah',0,67646,67655
491,6,'ayah',0,67656,67664
491,7,'ayah',0,67665,67675
491,8,'ayah',0,67676,67685
491,9,'ayah',0,67686,67694
491,10,'ayah',0,67695,67702
491,11,'ayah',0,67703,67712
491,12,'ayah',0,67713,67720
491,13,'ayah',0,67721,67729
491,14,'ayah',0,67730,67739
491,15,'ayah',0,67740,67747
492,1,'ayah',0,67748,67759
492,2,'ayah',0,67760,67767
492,3,'ayah',0,67768,67776
492,4,'ayah',0,67777,67786
492,5,'ayah',0,67787,67795
492,6,'ayah',0,67796,67806
492,7,'ayah',0,67807,67816
492,8,'ayah',0,67817,67825
492,9,'ayah',0,67826,67834
492,10,'ayah',0,67835,67843
492,11,'ayah',0,67844,67852
492,12,'ayah',0,67853,67862
492,13,'ayah',0,67863,67875
492,14,'ayah',0,67876,67883
492,15,'ayah',0,67884,67893
493,1,'ayah',0,67894,67903
493,2,'ayah',0,67904,67913
493,3,'ayah',0,67914,67925
493,4,'ayah',0,67926,67936
493,5,'ayah',0,67937,67945
493,6,'ayah',0,67946,67955
493,7,'ayah',0,67956,67965
493,8,'ayah',0,67966,67975
493,9,'ayah',0,67976,67989
493,10,'ayah',0,67990,67999
493,11,'ayah',0,68000,68009
493,12,'ayah',0,68010,68017
493,13,'ayah',0,68018,68027
493,14,'ayah',0,68028,68036
493,15,'ayah',0,68037,68045
494,1,'ayah',0,68046,68055
494,2,'ayah',0,68056,68063
494,3,'ayah',0,68064,68073
494,4,'ayah',0,68074,68082
494,5,'ayah',0,68083,68092
494,6,'ayah',0,68093,68101
494,7,'ayah',0,68102,68109
494,8,'ayah',0,68110,68117
494,9,'ayah',0,68118,68126
494,10,'ayah',0,68127,68136
494,11,'ayah',0,68137,68145
494,12,'ayah',0,68146,68154
494,13,'ayah',0,68155,68163
494,14,'ayah',0,68164,68172
494,15,'ayah',0,68173,68182
495,1,'ayah',0,68183,68192
495,2,'ayah',0,68193,68203
495,3,'ayah',0,68204,68212
495,4,'ayah',0,68213,68221
495,5,'ayah',0,68222,68231
495,6,'ayah',0,68232,68240
495,7,'ayah',0,68241,68249
495,8,'ayah',0,68250,68258
495,9,'ayah',0,68259,68268
495,10,'ayah',0,68269,68278
495,11,'ayah',1,68279,68285
495,12,'surah_name',1,44,
495,13,'basmallah',1,44,
495,14,'ayah',0,68286,68295
495,15,'ayah',0,68296,68305
496,1,'ayah',0,68306,68316
496,2,'ayah',0,68317,68326
496,3,'ayah',0,68327,68338
496,4,'ayah',0,68339,68350
496,5,'ayah',0,68351,68361
496,6,'ayah',0,68362,68371
496,7,'ayah',0,68372,68382
496,8,'ayah',0,68383,68391
496,9,'ayah',0,68392,68401
496,10,'ayah',0,68402,68414
496,11,'ayah',0,68415,68426
496,12,'ayah',0,68427,68437
496,13,'ayah',0,68438,68447
496,14,'ayah',0,68448,68457
496,15,'ayah',0,68458,68467
497,1,'ayah',0,68468,68477
497,2,'ayah',0,68478,68487
497,3,'ayah',0,68488,68497
497,4,'ayah',0,68498,68507
497,5,'ayah',0,68508,68519
497,6,'ayah',0,68520,68530
497,7,'ayah',0,68531,68541
497,8,'ayah',0,68542,68550
497,9,'ayah',0,68551,68559
497,10,'ayah',0,68560,68569
497,11,'ayah',0,68570,68580
497,12,'ayah',0,68581,68592
497,13,'ayah',0,68593,68601
497,14,'ayah',0,68602,68611
497,15,'ayah',0,68612,68621
498,1,'ayah',0,68622,68634
498,2,'ayah',0,68635,68645
498,3,'ayah',0,68646,68653
498,4,'ayah',0,68654,68664
498,5,'ayah',0,68665,68673
498,6,'ayah',0,68674,68683
498,7,'ayah',0,68684,68690
498,8,'surah_name',1,45,
498,9,'basmallah',1,45,
498,10,'ayah',0,68691,68701
498,11,'ayah',0,68702,68710
498,12,'ayah',0,68711,68720
498,13,'ayah',0,68721,68731
498,14,'ayah',0,68732,68741
498,15,'ayah',0,68742,68750
499,1,'ayah',0,68751,68763
499,2,'ayah',0,68764,68775
499,3,'ayah',0,68776,68785
499,4,'ayah',0,68786,68797
499,5,'ayah',0,68798,68808
499,6,'ayah',0,68809,68820
499,7,'ayah',0,68821,68829
499,8,'ayah',0,68830,68842
499,9,'ayah',0,68843,68851
499,10,'ayah',0,68852,68863
499,11,'ayah',0,68864,68873
499,12,'ayah',0,68874,68882
499,13,'ayah',0,68883,68891
499,14,'ayah',0,68892,68902
499,15,'ayah',0,68903,68912
500,1,'ayah',0,68913,68922
500,2,'ayah',0,68923,68933
500,3,'ayah',0,68934,68942
500,4,'ayah',0,68943,68951
500,5,'ayah',0,68952,68959
500,6,'ayah',0,68960,68968
500,7,'ayah',0,68969,68977
500,8,'ayah',0,68978,68987
500,9,'ayah',0,68988,68997
500,10,'ayah',0,68998,69007
500,11,'ayah',0,69008,69018
500,12,'ayah',0,69019,69031
500,13,'ayah',0,69032,69042
500,14,'ayah',0,69043,69053
500,15,'ayah',0,69054,69065
501,1,'ayah',0,69066,69073
501,2,'ayah',0,69074,69084
501,3,'ayah',0,69085,69095
501,4,'ayah',0,69096,69106
501,5,'ayah',0,69107,69115
501,6,'ayah',0,69116,69125
501,7,'ayah',0,69126,69134
501,8,'ayah',0,69135,69145
501,9,'ayah',0,69146,69156
501,10,'ayah',0,69157,69167
501,11,'ayah',0,69168,69177
501,12,'ayah',0,69178,69187
501,13,'ayah',0,69188,69197
501,14,'ayah',0,69198,69206
501,15,'ayah',0,69207,69215
502,1,'surah_name',1,46,
502,2,'basmallah',1,46,
502,3,'ayah',0,69216,69224
502,4,'ayah',0,69225,69233
502,5,'ayah',0,69234,69242
502,6,'ayah',0,69243,69252
502,7,'ayah',0,69253,69263
502,8,'ayah',0,69264,69274
502,9,'ayah',0,69275,69285
502,10,'ayah',0,69286,69295
502,11,'ayah',0,69296,69304
502,12,'ayah',0,69305,69314
502,13,'ayah',0,69315,69322
502,14,'ayah',0,69323,69332
502,15,'ayah',0,69333,69340
503,1,'ayah',0,69341,69353
503,2,'ayah',0,69354,69367
503,3,'ayah',0,69368,69378
503,4,'ayah',0,69379,69388
503,5,'ayah',0,69389,69399
503,6,'ayah',0,69400,69410
503,7,'ayah',0,69411,69419
503,8,'ayah',0,69420,69428
503,9,'ayah',0,69429,69439
503,10,'ayah',0,69440,69449
503,11,'ayah',0,69450,69458
503,12,'ayah',0,69459,69467
503,13,'ayah',0,69468,69477
503,14,'ayah',0,69478,69486
503,15,'ayah',0,69487,69497
504,1,'ayah',0,69498,69506
504,2,'ayah',0,69507,69516
504,3,'ayah',0,69517,69525
504,4,'ayah',0,69526,69534
504,5,'ayah',0,69535,69545
504,6,'ayah',0,69546,69555
504,7,'ayah',0,69556,69564
504,8,'ayah',0,69565,69573
504,9,'ayah',0,69574,69582
504,10,'ayah',0,69583,69590
504,11,'ayah',0,69591,69599
504,12,'ayah',0,69600,69608
504,13,'ayah',0,69609,69619
504,14,'ayah',0,69620,69629
504,15,'ayah',0,69630,69640
505,1,'ayah',0,69641,69649
505,2,'ayah',0,69650,69657
505,3,'ayah',0,69658,69665
505,4,'ayah',0,69666,69675
505,5,'ayah',0,69676,69684
505,6,'ayah',0,69685,69693
505,7,'ayah',0,69694,69701
505,8,'ayah',0,69702,69710
505,9,'ayah',0,69711,69719
505,10,'ayah',0,69720,69728
505,11,'ayah',0,69729,69735
505,12,'ayah',0,69736,69744
505,13,'ayah',0,69745,69753
505,14,'ayah',0,69754,69761
505,15,'ayah',0,69762,69769
506,1,'ayah',0,69770,69779
506,2,'ayah',0,69780,69789
506,3,'ayah',0,69790,69799
506,4,'ayah',0,69800,69810
506,5,'ayah',0,69811,69821
506,6,'ayah',0,69822,69831
506,7,'ayah',0,69832,69842
506,8,'ayah',0,69843,69853
506,9,'ayah',0,69854,69863
506,10,'ayah',0,69864,69873
506,11,'ayah',0,69874,69882
506,12,'ayah',0,69883,69893
506,13,'surah_name',1,47,
506,14,'basmallah',1,47,
506,15,'ayah',0,69894,69902
507,1,'ayah',0,69903,69911
507,2,'ayah',0,69912,69922
507,3,'ayah',0,69923,69931
507,4,'ayah',0,69932,69940
507,5,'ayah',0,69941,69949
507,6,'ayah',0,69950,69959
507,7,'ayah',0,69960,69968
507,8,'ayah',0,69969,69977
507,9,'ayah',0,69978,69986
507,10,'ayah',0,69987,69996
507,11,'ayah',0,69997,70006
507,12,'ayah',0,70007,70015
507,13,'ayah',0,70016,70024
507,14,'ayah',0,70025,70032
507,15,'ayah',0,70033,70043
508,1,'ayah',0,70044,70052
508,2,'ayah',0,70053,70060
508,3,'ayah',0,70061,70070
508,4,'ayah',0,70071,70079
508,5,'ayah',0,70080,70091
508,6,'ayah',0,70092,70100
508,7,'ayah',0,70101,70112
508,8,'ayah',0,70113,70122
508,9,'ayah',0,70123,70132
508,10,'ayah',0,70133,70142
508,11,'ayah',0,70143,70152
508,12,'ayah',0,70153,70162
508,13,'ayah',0,70163,70170
508,14,'ayah',0,70171,70179
508,15,'ayah',0,70180,70188
509,1,'ayah',0,70189,70197
509,2,'ayah',0,70198,70205
509,3,'ayah',0,70206,70215
509,4,'ayah',0,70216,70224
509,5,'ayah',0,70225,70234
509,6,'ayah',0,70235,70245
509,7,'ayah',0,70246,70255
509,8,'ayah',0,70256,70264
509,9,'ayah',0,70265,70274
509,10,'ayah',0,70275,70285
509,11,'ayah',0,70286,70297
509,12,'ayah',0,70298,70307
509,13,'ayah',0,70308,70315
509,14,'ayah',0,70316,70325
509,15,'ayah',0,70326,70335
510,1,'ayah',0,70336,70342
510,2,'ayah',0,70343,70351
510,3,'ayah',0,70352,70359
510,4,'ayah',0,70360,70369
510,5,'ayah',0,70370,70379
510,6,'ayah',0,70380,70388
510,7,'ayah',0,70389,70398
510,8,'ayah',0,70399,70409
510,9,'ayah',0,70410,70419
510,10,'ayah',0,70420,70428
510,11,'ayah',0,70429,70437
510,12,'ayah',0,70438,70446
510,13,'ayah',0,70447,70456
510,14,'ayah',0,70457,70464
510,15,'ayah',1,70465,70470
511,1,'surah_name',1,48,
511,2,'basmallah',1,48,
511,3,'ayah',0,70471,70482
511,4,'ayah',0,70483,70490
511,5,'ayah',0,70491,70500
511,6,'ayah',0,70501,70508
511,7,'ayah',0,70509,70517
511,8,'ayah',0,70518,70525
511,9,'ayah',0,70526,70534
511,10,'ayah',0,70535,70541
511,11,'ayah',0,70542,70549
511,12,'ayah',0,70550,70557
511,13,'ayah',0,70558,70566
511,14,'ayah',0,70567,70576
511,15,'ayah',0,70577,70583
512,1,'ayah',0,70584,70592
512,2,'ayah',0,70593,70601
512,3,'ayah',0,70602,70611
512,4,'ayah',0,70612,70619
512,5,'ayah',0,70620,70629
512,6,'ayah',0,70630,70642
512,7,'ayah',0,70643,70653
512,8,'ayah',0,70654,70662
512,9,'ayah',0,70663,70673
512,10,'ayah',0,70674,70681
512,11,'ayah',0,70682,70690
512,12,'ayah',0,70691,70699
512,13,'ayah',0,70700,70707
512,14,'ayah',0,70708,70716
512,15,'ayah',0,70717,70725
513,1,'ayah',0,70726,70733
513,2,'ayah',0,70734,70741
513,3,'ayah',0,70742,70751
513,4,'ayah',0,70752,70762
513,5,'ayah',0,70763,70772
513,6,'ayah',0,70773,70782
513,7,'ayah',0,70783,70791
513,8,'ayah',0,70792,70800
513,9,'ayah',0,70801,70808
513,10,'ayah',0,70809,70817
513,11,'ayah',0,70818,70825
513,12,'ayah',0,70826,70834
513,13,'ayah',0,70835,70846
513,14,'ayah',0,70847,70858
513,15,'ayah',0,70859,70870
514,1,'ayah',0,70871,70879
514,2,'ayah',0,70880,70890
514,3,'ayah',0,70891,70898
514,4,'ayah',0,70899,70906
514,5,'ayah',0,70907,70914
514,6,'ayah',0,70915,70924
514,7,'ayah',0,70925,70934
514,8,'ayah',0,70935,70942
514,9,'ayah',0,70943,70949
514,10,'ayah',0,70950,70958
514,11,'ayah',0,70959,70967
514,12,'ayah',0,70968,70975
514,13,'ayah',0,70976,70985
514,14,'ayah',0,70986,70994
514,15,'ayah',0,70995,71004
515,1,'ayah',0,71005,71013
515,2,'ayah',0,71014,71022
515,3,'ayah',0,71023,71032
515,4,'ayah',0,71033,71040
515,5,'ayah',0,71041,71050
515,6,'ayah',0,71051,71059
515,7,'surah_name',1,49,
515,8,'basmallah',1,49,
515,9,'ayah',0,71060,71068
515,10,'ayah',0,71069,71079
515,11,'ayah',0,71080,71088
515,12,'ayah',0,71089,71098
515,13,'ayah',0,71099,71107
515,14,'ayah',0,71108,71117
515,15,'ayah',0,71118,71126
516,1,'ayah',0,71127,71136
516,2,'ayah',0,71137,71147
516,3,'ayah',0,71148,71157
516,4,'ayah',0,71158,71169
516,5,'ayah',0,71170,71178
516,6,'ayah',0,71179,71186
516,7,'ayah',0,71187,71196
516,8,'ayah',0,71197,71205
516,9,'ayah',0,71206,71216
516,10,'ayah',0,71217,71225
516,11,'ayah',0,71226,71234
516,12,'ayah',0,71235,71246
516,13,'ayah',0,71247,71257
516,14,'ayah',0,71258,71266
516,15,'ayah',0,71267,71276
517,1,'ayah',0,71277,71286
517,2,'ayah',0,71287,71296
517,3,'ayah',0,71297,71306
517,4,'ayah',0,71307,71316
517,5,'ayah',0,71317,71325
517,6,'ayah',0,71326,71336
517,7,'ayah',0,71337,71345
517,8,'ayah',0,71346,71355
517,9,'ayah',0,71356,71365
517,10,'ayah',0,71366,71373
517,11,'ayah',0,71374,71383
517,12,'ayah',0,71384,71394
517,13,'ayah',0,71395,71405
517,14,'ayah',0,71406,71415
517,15,'ayah',0,71416,71424
518,1,'surah_name',1,50,
518,2,'basmallah',1,50,
518,3,'ayah',0,71425,71434
518,4,'ayah',0,71435,71444
518,5,'ayah',0,71445,71455
518,6,'ayah',0,71456,71468
518,7,'ayah',0,71469,71479
518,8,'ayah',0,71480,71488
518,9,'ayah',0,71489,71499
518,10,'ayah',0,71500,71508
518,11,'ayah',0,71509,71518
518,12,'ayah',0,71519,71528
518,13,'ayah',0,71529,71538
518,14,'ayah',0,71539,71548
518,15,'ayah',0,71549,71559
519,1,'ayah',0,71560,71569
519,2,'ayah',0,71570,71580
519,3,'ayah',0,71581,71592
519,4,'ayah',0,71593,71603
519,5,'ayah',0,71604,71614
519,6,'ayah',0,71615,71625
519,7,'ayah',0,71626,71636
519,8,'ayah',0,71637,71648
519,9,'ayah',0,71649,71659
519,10,'ayah',0,71660,71672
519,11,'ayah',0,71673,71682
519,12,'ayah',0,71683,71693
519,13,'ayah',0,71694,71704
519,14,'ayah',0,71705,71715
519,15,'ayah',0,71716,71725
520,1,'ayah',0,71726,71736
520,2,'ayah',0,71737,71748
520,3,'ayah',0,71749,71760
520,4,'ayah',0,71761,71770
520,5,'ayah',0,71771,71781
520,6,'ayah',0,71782,71791
520,7,'ayah',0,71792,71801
520,8,'ayah',0,71802,71811
520,9,'ayah',0,71812,71821
520,10,'ayah',0,71822,71832
520,11,'ayah',0,71833,71842
520,12,'surah_name',1,51,
520,13,'basmallah',1,51,
520,14,'ayah',0,71843,71851
520,15,'ayah',0,71852,71862
521,1,'ayah',0,71863,71873
521,2,'ayah',0,71874,71885
521,3,'ayah',0,71886,71897
521,4,'ayah',0,71898,71907
521,5,'ayah',0,71908,71918
521,6,'ayah',0,71919,71929
521,7,'ayah',0,71930,71938
521,8,'ayah',0,71939,71948
521,9,'ayah',0,71949,71957
521,10,'ayah',0,71958,71968
521,11,'ayah',0,71969,71978
521,12,'ayah',0,71979,71989
521,13,'ayah',0,71990,72000
521,14,'ayah',0,72001,72010
521,15,'ayah',0,72011,72022
522,1,'ayah',0,72023,72031
522,2,'ayah',0,72032,72042
522,3,'ayah',0,72043,72053
522,4,'ayah',0,72054,72063
522,5,'ayah',0,72064,72073
522,6,'ayah',0,72074,72082
522,7,'ayah',0,72083,72091
522,8,'ayah',0,72092,72103
522,9,'ayah',0,72104,72114
522,10,'ayah',0,72115,72125
522,11,'ayah',0,72126,72135
522,12,'ayah',0,72136,72146
522,13,'ayah',0,72147,72154
522,14,'ayah',0,72155,72163
522,15,'ayah',0,72164,72174
523,1,'ayah',0,72175,72186
523,2,'ayah',0,72187,72198
523,3,'ayah',0,72199,72210
523,4,'ayah',0,72211,72221
523,5,'ayah',0,72222,72232
523,6,'ayah',0,72233,72245
523,7,'ayah',0,72246,72254
523,8,'ayah',1,72255,72262
523,9,'surah_name',1,52,
523,10,'basmallah',1,52,
523,11,'ayah',0,72263,72274
523,12,'ayah',0,72275,72287
523,13,'ayah',0,72288,72300
523,14,'ayah',0,72301,72311
523,15,'ayah',0,72312,72323
524,1,'ayah',0,72324,72334
524,2,'ayah',0,72335,72343
524,3,'ayah',0,72344,72353
524,4,'ayah',0,72354,72363
524,5,'ayah',0,72364,72373
524,6,'ayah',0,72374,72380
524,7,'ayah',0,72381,72390
524,8,'ayah',0,72391,72399
524,9,'ayah',0,72400,72410
524,10,'ayah',0,72411,72419
524,11,'ayah',0,72420,72430
524,12,'ayah',0,72431,72440
524,13,'ayah',0,72441,72451
524,14,'ayah',0,72452,72461
524,15,'ayah',0,72462,72471
525,1,'ayah',0,72472,72482
525,2,'ayah',0,72483,72492
525,3,'ayah',0,72493,72504
525,4,'ayah',0,72505,72514
525,5,'ayah',0,72515,72524
525,6,'ayah',0,72525,72533
525,7,'ayah',0,72534,72544
525,8,'ayah',0,72545,72553
525,9,'ayah',0,72554,72565
525,10,'ayah',0,72566,72575
525,11,'ayah',0,72576,72585
525,12,'ayah',0,72586,72596
525,13,'ayah',0,72597,72606
525,14,'ayah',0,72607,72614
525,15,'ayah',0,72615,72623
526,1,'surah_name',1,53,
526,2,'basmallah',1,53,
526,3,'ayah',0,72624,72634
526,4,'ayah',0,72635,72646
526,5,'ayah',0,72647,72657
526,6,'ayah',0,72658,72668
526,7,'ayah',0,72669,72680
526,8,'ayah',0,72681,72692
526,9,'ayah',0,72693,72704
526,10,'ayah',0,72705,72716
526,11,'ayah',0,72717,72726
526,12,'ayah',0,72727,72738
526,13,'ayah',0,72739,72748
526,14,'ayah',0,72749,72757
526,15,'ayah',0,72758,72768
527,1,'ayah',0,72769,72779
527,2,'ayah',0,72780,72791
527,3,'ayah',0,72792,72801
527,4,'ayah',0,72802,72812
527,5,'ayah',0,72813,72823
527,6,'ayah',0,72824,72834
527,7,'ayah',0,72835,72846
527,8,'ayah',0,72847,72855
527,9,'ayah',0,72856,72864
527,10,'ayah',0,72865,72875
527,11,'ayah',0,72876,72885
527,12,'ayah',0,72886,72896
527,13,'ayah',0,72897,72908
527,14,'ayah',0,72909,72920
527,15,'ayah',0,72921,72931
528,1,'ayah',0,72932,72941
528,2,'ayah',0,72942,72953
528,3,'ayah',0,72954,72963
528,4,'ayah',0,72964,72974
528,5,'ayah',0,72975,72985
528,6,'ayah',0,72986,72996
528,7,'ayah',0,72997,73006
528,8,'ayah',0,73007,73017
528,9,'ayah',0,73018,73029
528,10,'ayah',0,73030,73038
528,11,'ayah',1,73039,73045
528,12,'surah_name',1,54,
528,13,'basmallah',1,54,
528,14,'ayah',0,73046,73055
528,15,'ayah',0,73056,73065
529,1,'ayah',0,73066,73075
529,2,'ayah',0,73076,73086
529,3,'ayah',0,73087,73095
529,4,'ayah',0,73096,73104
529,5,'ayah',0,73105,73114
529,6,'ayah',0,73115,73124
529,7,'ayah',0,73125,73134
529,8,'ayah',0,73135,73146
529,9,'ayah',0,73147,73158
529,10,'ayah',0,73159,73168
529,11,'ayah',0,73169,73180
529,12,'ayah',0,73181,73191
529,13,'ayah',0,73192,73202
529,14,'ayah',0,73203,73212
529,15,'ayah',0,73213,73223
530,1,'ayah',0,73224,73234
530,2,'ayah',0,73235,73244
530,3,'ayah',0,73245,73252
530,4,'ayah',0,73253,73261
530,5,'ayah',0,73262,73271
530,6,'ayah',0,73272,73279
530,7,'ayah',0,73280,73290
530,8,'ayah',0,73291,73300
530,9,'ayah',0,73301,73309
530,10,'ayah',0,73310,73318
530,11,'ayah',0,73319,73328
530,12,'ayah',0,73329,73338
530,13,'ayah',0,73339,73349
530,14,'ayah',0,73350,73358
530,15,'ayah',0,73359,73370
531,1,'ayah',0,73371,73378
531,2,'ayah',0,73379,73389
531,3,'ayah',0,73390,73400
531,4,'ayah',0,73401,73411
531,5,'ayah',0,73412,73421
531,6,'ayah',0,73422,73433
531,7,'ayah',1,73434,73442
531,8,'surah_name',1,55,
531,9,'basmallah',1,55,
531,10,'ayah',0,73443,73453
531,11,'ayah',0,73454,73461
531,12,'ayah',0,73462,73471
531,13,'ayah',0,73472,73479
531,14,'ayah',0,73480,73488
531,15,'ayah',0,73489,73498
532,1,'ayah',0,73499,73507
532,2,'ayah',0,73508,73518
532,3,'ayah',0,73519,73528
532,4,'ayah',0,73529,73540
532,5,'ayah',0,73541,73550
532,6,'ayah',0,73551,73560
532,7,'ayah',0,73561,73572
532,8,'ayah',0,73573,73583
532,9,'ayah',0,73584,73595
532,10,'ayah',0,73596,73606
532,11,'ayah',0,73607,73615
532,12,'ayah',0,73616,73624
532,13,'ayah',0,73625,73634
532,14,'ayah',0,73635,73644
532,15,'ayah',0,73645,73653
533,1,'ayah',0,73654,73664
533,2,'ayah',0,73665,73672
533,3,'ayah',0,73673,73682
533,4,'ayah',0,73683,73692
533,5,'ayah',0,73693,73703
533,6,'ayah',0,73704,73714
533,7,'ayah',0,73715,73725
533,8,'ayah',0,73726,73736
533,9,'ayah',0,73737,73746
533,10,'ayah',0,73747,73756
533,11,'ayah',0,73757,73767
533,12,'ayah',0,73768,73777
533,13,'ayah',0,73778,73787
533,14,'ayah',0,73788,73797
533,15,'ayah',0,73798,73806
534,1,'ayah',0,73807,73816
534,2,'ayah',0,73817,73827
534,3,'ayah',0,73828,73838
534,4,'ayah',0,73839,73850
534,5,'ayah',0,73851,73860
534,6,'ayah',0,73861,73871
534,7,'surah_name',1,56,
534,8,'basmallah',1,56,
534,9,'ayah',0,73872,73880
534,10,'ayah',0,73881,73891
534,11,'ayah',0,73892,73900
534,12,'ayah',0,73901,73908
534,13,'ayah',0,73909,73917
534,14,'ayah',0,73918,73927
534,15,'ayah',0,73928,73937
535,1,'ayah',0,73938,73945
535,2,'ayah',0,73946,73956
535,3,'ayah',0,73957,73967
535,4,'ayah',0,73968,73978
535,5,'ayah',0,73979,73991
535,6,'ayah',0,73992,74003
535,7,'ayah',0,74004,74014
535,8,'ayah',0,74015,74024
535,9,'ayah',0,74025,74035
535,10,'ayah',0,74036,74046
535,11,'ayah',0,74047,74060
535,12,'ayah',0,74061,74070
535,13,'ayah',0,74071,74079
535,14,'ayah',0,74080,74089
535,15,'ayah',0,74090,74099
536,1,'ayah',0,74100,74109
536,2,'ayah',0,74110,74118
536,3,'ayah',0,74119,74128
536,4,'ayah',0,74129,74138
536,5,'ayah',0,74139,74148
536,6,'ayah',0,74149,74158
536,7,'ayah',0,74159,74167
536,8,'ayah',0,74168,74177
536,9,'ayah',0,74178,74187
536,10,'ayah',0,74188,74195
536,11,'ayah',0,74196,74205
536,12,'ayah',0,74206,74214
536,13,'ayah',0,74215,74222
536,14,'ayah',0,74223,74231
536,15,'ayah',0,74232,74241
537,1,'ayah',0,74242,74252
537,2,'ayah',0,74253,74262
537,3,'ayah',0,74263,74271
537,4,'ayah',0,74272,74281
537,5,'ayah',0,74282,74292
537,6,'ayah',0,74293,74303
537,7,'ayah',0,74304,74313
537,8,'ayah',0,74314,74325
537,9,'ayah',0,74326,74335
537,10,'ayah',0,74336,74346
537,11,'surah_name',1,57,
537,12,'basmallah',1,57,
537,13,'ayah',0,74347,74357
537,14,'ayah',0,74358,74368
537,15,'ayah',0,74369,74378
538,1,'ayah',0,74379,74388
538,2,'ayah',0,74389,74399
538,3,'ayah',0,74400,74410
538,4,'ayah',0,74411,74420
538,5,'ayah',0,74421,74431
538,6,'ayah',0,74432,74440
538,7,'ayah',0,74441,74448
538,8,'ayah',0,74449,74459
538,9,'ayah',0,74460,74467
538,10,'ayah',0,74468,74477
538,11,'ayah',0,74478,74487
538,12,'ayah',0,74488,74497
538,13,'ayah',0,74498,74507
538,14,'ayah',0,74508,74516
538,15,'ayah',0,74517,74525
539,1,'ayah',0,74526,74536
539,2,'ayah',0,74537,74545
539,3,'ayah',0,74546,74553
539,4,'ayah',0,74554,74563
539,5,'ayah',0,74564,74570
539,6,'ayah',0,74571,74578
539,7,'ayah',0,74579,74587
539,8,'ayah',0,74588,74597
539,9,'ayah',0,74598,74606
539,10,'ayah',0,74607,74617
539,11,'ayah',0,74618,74626
539,12,'ayah',0,74627,74638
539,13,'ayah',0,74639,74648
539,14,'ayah',0,74649,74658
539,15,'ayah',0,74659,74669
540,1,'ayah',0,74670,74677
540,2,'ayah',0,74678,74687
540,3,'ayah',0,74688,74695
540,4,'ayah',0,74696,74704
540,5,'ayah',0,74705,74713
540,6,'ayah',0,74714,74723
540,7,'ayah',0,74724,74732
540,8,'ayah',0,74733,74743
540,9,'ayah',0,74744,74752
540,10,'ayah',0,74753,74761
540,11,'ayah',0,74762,74773
540,12,'ayah',0,74774,74786
540,13,'ayah',0,74787,74799
540,14,'ayah',0,74800,74810
540,15,'ayah',0,74811,74820
541,1,'ayah',0,74821,74827
541,2,'ayah',0,74828,74834
541,3,'ayah',0,74835,74842
541,4,'ayah',0,74843,74852
541,5,'ayah',0,74853,74860
541,6,'ayah',0,74861,74869
541,7,'ayah',0,74870,74877
541,8,'ayah',0,74878,74884
541,9,'ayah',0,74885,74894
541,10,'ayah',0,74895,74902
541,11,'ayah',0,74903,74911
541,12,'ayah',0,74912,74919
541,13,'ayah',0,74920,74929
541,14,'ayah',0,74930,74939
541,15,'ayah',0,74940,74949
542,1,'surah_name',1,58,
542,2,'basmallah',1,58,
542,3,'ayah',0,74950,74958
542,4,'ayah',0,74959,74968
542,5,'ayah',0,74969,74978
542,6,'ayah',0,74979,74987
542,7,'ayah',0,74988,74997
542,8,'ayah',0,74998,75007
542,9,'ayah',0,75008,75018
542,10,'ayah',0,75019,75028
542,11,'ayah',0,75029,75036
542,12,'ayah',0,75037,75045
542,13,'ayah',0,75046,75055
542,14,'ayah',0,75056,75065
542,15,'ayah',0,75066,75076
543,1,'ayah',0,75077,75090
543,2,'ayah',0,75091,75102
543,3,'ayah',0,75103,75116
543,4,'ayah',0,75117,75130
543,5,'ayah',0,75131,75139
543,6,'ayah',0,75140,75149
543,7,'ayah',0,75150,75159
543,8,'ayah',0,75160,75169
543,9,'ayah',0,75170,75176
543,10,'ayah',0,75177,75185
543,11,'ayah',0,75186,75194
543,12,'ayah',0,75195,75203
543,13,'ayah',0,75204,75213
543,14,'ayah',0,75214,75222
543,15,'ayah',0,75223,75232
544,1,'ayah',0,75233,75241
544,2,'ayah',0,75242,75251
544,3,'ayah',0,75252,75261
544,4,'ayah',0,75262,75270
544,5,'ayah',0,75271,75280
544,6,'ayah',0,75281,75292
544,7,'ayah',0,75293,75302
544,8,'ayah',0,75303,75312
544,9,'ayah',0,75313,75322
544,10,'ayah',0,75323,75332
544,11,'ayah',0,75333,75342
544,12,'ayah',0,75343,75352
544,13,'ayah',0,75353,75362
544,14,'ayah',0,75363,75372
544,15,'ayah',0,75373,75381
545,1,'ayah',0,75382,75394
545,2,'ayah',0,75395,75403
545,3,'ayah',0,75404,75413
545,4,'ayah',0,75414,75422
545,5,'ayah',0,75423,75432
545,6,'ayah',0,75433,75443
545,7,'surah_name',1,59,
545,8,'basmallah',1,59,
545,9,'ayah',0,75444,75455
545,10,'ayah',0,75456,75465
545,11,'ayah',0,75466,75474
545,12,'ayah',0,75475,75484
545,13,'ayah',0,75485,75492
545,14,'ayah',0,75493,75501
545,15,'ayah',0,75502,75511
546,1,'ayah',0,75512,75521
546,2,'ayah',0,75522,75531
546,3,'ayah',0,75532,75542
546,4,'ayah',0,75543,75552
546,5,'ayah',0,75553,75564
546,6,'ayah',0,75565,75574
546,7,'ayah',0,75575,75583
546,8,'ayah',0,75584,75592
546,9,'ayah',0,75593,75602
546,10,'ayah',0,75603,75609
546,11,'ayah',0,75610,75617
546,12,'ayah',0,75618,75626
546,13,'ayah',0,75627,75635
546,14,'ayah',0,75636,75644
546,15,'ayah',0,75645,75653
547,1,'ayah',0,75654,75662
547,2,'ayah',0,75663,75671
547,3,'ayah',0,75672,75682
547,4,'ayah',0,75683,75690
547,5,'ayah',0,75691,75698
547,6,'ayah',0,75699,75706
547,7,'ayah',0,75707,75715
547,8,'ayah',0,75716,75724
547,9,'ayah',0,75725,75734
547,10,'ayah',0,75735,75743
547,11,'ayah',0,75744,75752
547,12,'ayah',0,75753,75761
547,13,'ayah',0,75762,75770
547,14,'ayah',0,75771,75780
547,15,'ayah',0,75781,75790
548,1,'ayah',0,75791,75798
548,2,'ayah',0,75799,75806
548,3,'ayah',0,75807,75815
548,4,'ayah',0,75816,75824
548,5,'ayah',0,75825,75832
548,6,'ayah',0,75833,75839
548,7,'ayah',0,75840,75848
548,8,'ayah',0,75849,75855
548,9,'ayah',0,75856,75863
548,10,'ayah',0,75864,75872
548,11,'ayah',0,75873,75883
548,12,'ayah',0,75884,75889
548,13,'ayah',0,75890,75898
548,14,'ayah',0,75899,75907
548,15,'ayah',1,75908,75912
549,1,'surah_name',1,60,
549,2,'basmallah',1,60,
549,3,'ayah',0,75913,75921
549,4,'ayah',0,75922,75931
549,5,'ayah',0,75932,75942
549,6,'ayah',0,75943,75951
549,7,'ayah',0,75952,75962
549,8,'ayah',0,75963,75970
549,9,'ayah',0,75971,75980
549,10,'ayah',0,75981,75992
549,11,'ayah',0,75993,76002
549,12,'ayah',0,76003,76013
549,13,'ayah',0,76014,76022
549,14,'ayah',0,76023,76032
549,15,'ayah',0,76033,76042
550,1,'ayah',0,76043,76053
550,2,'ayah',0,76054,76064
550,3,'ayah',0,76065,76076
550,4,'ayah',0,76077,76086
550,5,'ayah',0,76087,76097
550,6,'ayah',0,76098,76107
550,7,'ayah',0,76108,76118
550,8,'ayah',0,76119,76127
550,9,'ayah',0,76128,76136
550,10,'ayah',0,76137,76144
550,11,'ayah',0,76145,76152
550,12,'ayah',0,76153,76164
550,13,'ayah',0,76165,76173
550,14,'ayah',0,76174,76182
550,15,'ayah',0,76183,76192
551,1,'ayah',0,76193,76201
551,2,'ayah',0,76202,76209
551,3,'ayah',0,76210,76219
551,4,'ayah',0,76220,76229
551,5,'ayah',0,76230,76237
551,6,'ayah',0,76238,76244
551,7,'ayah',0,76245,76253
551,8,'ayah',0,76254,76263
551,9,'ayah',0,76264,76273
551,10,'surah_name',1,61,
551,11,'basmallah',1,61,
551,12,'ayah',0,76274,76285
551,13,'ayah',0,76286,76296
551,14,'ayah',0,76297,76308
551,15,'ayah',0,76309,76316
552,1,'ayah',0,76317,76326
552,2,'ayah',0,76327,76337
552,3,'ayah',0,76338,76348
552,4,'ayah',0,76349,76358
552,5,'ayah',0,76359,76368
552,6,'ayah',0,76369,76380
552,7,'ayah',0,76381,76390
552,8,'ayah',0,76391,76401
552,9,'ayah',0,76402,76411
552,10,'ayah',0,76412,76423
552,11,'ayah',0,76424,76432
552,12,'ayah',0,76433,76442
552,13,'ayah',0,76443,76452
552,14,'ayah',0,76453,76462
552,15,'ayah',0,76463,76472
553,1,'ayah',0,76473,76483
553,2,'ayah',0,76484,76492
553,3,'ayah',0,76493,76500
553,4,'ayah',0,76501,76508
553,5,'surah_name',1,62,
553,6,'basmallah',1,62,
553,7,'ayah',0,76509,76519
553,8,'ayah',0,76520,76530
553,9,'ayah',0,76531,76540
553,10,'ayah',0,76541,76552
553,11,'ayah',0,76553,76563
553,12,'ayah',0,76564,76573
553,13,'ayah',0,76574,76583
553,14,'ayah',0,76584,76594
553,15,'ayah',0,76595,76605
554,1,'ayah',0,76606,76615
554,2,'ayah',0,76616,76625
554,3,'ayah',0,76626,76635
554,4,'ayah',0,76636,76645
554,5,'ayah',0,76646,76657
554,6,'ayah',0,76658,76666
554,7,'ayah',0,76667,76676
554,8,'ayah',0,76677,76687
554,9,'ayah',1,76688,76694
554,10,'surah_name',1,63,
554,11,'basmallah',1,63,
554,12,'ayah',0,76695,76704
554,13,'ayah',0,76705,76713
554,14,'ayah',0,76714,76725
554,15,'ayah',0,76726,76737
555,1,'ayah',0,76738,76745
555,2,'ayah',0,76746,76754
555,3,'ayah',0,76755,76764
555,4,'ayah',0,76765,76773
555,5,'ayah',0,76774,76784
555,6,'ayah',0,76785,76796
555,7,'ayah',0,76797,76806
555,8,'ayah',0,76807,76815
555,9,'ayah',0,76816,76823
555,10,'ayah',0,76824,76831
555,11,'ayah',0,76832,76842
555,12,'ayah',0,76843,76853
555,13,'ayah',0,76854,76864
555,14,'ayah',0,76865,76874
555,15,'ayah',0,76875,76885
556,1,'surah_name',1,64,
556,2,'basmallah',1,64,
556,3,'ayah',0,76886,76896
556,4,'ayah',0,76897,76906
556,5,'ayah',0,76907,76915
556,6,'ayah',0,76916,76922
556,7,'ayah',0,76923,76931
556,8,'ayah',0,76932,76940
556,9,'ayah',0,76941,76949
556,10,'ayah',0,76950,76958
556,11,'ayah',0,76959,76965
556,12,'ayah',0,76966,76975
556,13,'ayah',0,76976,76984
556,14,'ayah',0,76985,76993
556,15,'ayah',0,76994,77001
557,1,'ayah',0,77002,77010
557,2,'ayah',0,77011,77019
557,3,'ayah',0,77020,77029
557,4,'ayah',0,77030,77037
557,5,'ayah',0,77038,77048
557,6,'ayah',0,77049,77059
557,7,'ayah',0,77060,77068
557,8,'ayah',0,77069,77080
557,9,'ayah',0,77081,77089
557,10,'ayah',0,77090,77097
557,11,'ayah',0,77098,77106
557,12,'ayah',0,77107,77115
557,13,'ayah',0,77116,77125
557,14,'ayah',0,77126,77135
557,15,'ayah',0,77136,77144
558,1,'surah_name',1,65,
558,2,'basmallah',1,65,
558,3,'ayah',0,77145,77153
558,4,'ayah',0,77154,77163
558,5,'ayah',0,77164,77173
558,6,'ayah',0,77174,77184
558,7,'ayah',0,77185,77193
558,8,'ayah',0,77194,77202
558,9,'ayah',0,77203,77213
558,10,'ayah',0,77214,77225
558,11,'ayah',0,77226,77239
558,12,'ayah',0,77240,77249
558,13,'ayah',0,77250,77259
558,14,'ayah',0,77260,77272
558,15,'ayah',0,77273,77283
559,1,'ayah',0,77284,77292
559,2,'ayah',0,77293,77302
559,3,'ayah',0,77303,77311
559,4,'ayah',0,77312,77322
559,5,'ayah',0,77323,77335
559,6,'ayah',0,77336,77347
559,7,'ayah',0,77348,77357
559,8,'ayah',0,77358,77368
559,9,'ayah',0,77369,77377
559,10,'ayah',0,77378,77388
559,11,'ayah',0,77389,77398
559,12,'ayah',0,77399,77408
559,13,'ayah',0,77409,77421
559,14,'ayah',0,77422,77430
559,15,'ayah',0,77431,77443
560,1,'surah_name',1,66,
560,2,'basmallah',1,66,
560,3,'ayah',0,77444,77453
560,4,'ayah',0,77454,77463
560,5,'ayah',0,77464,77472
560,6,'ayah',0,77473,77481
560,7,'ayah',0,77482,77491
560,8,'ayah',0,77492,77502
560,9,'ayah',0,77503,77512
560,10,'ayah',0,77513,77520
560,11,'ayah',0,77521,77530
560,12,'ayah',0,77531,77537
560,13,'ayah',0,77538,77546
560,14,'ayah',0,77547,77553
560,15,'ayah',0,77554,77563
561,1,'ayah',0,77564,77573
561,2,'ayah',0,77574,77583
561,3,'ayah',0,77584,77592
561,4,'ayah',0,77593,77602
561,5,'ayah',0,77603,77610
561,6,'ayah',0,77611,77622
561,7,'ayah',0,77623,77630
561,8,'ayah',0,77631,77640
561,9,'ayah',0,77641,77648
561,10,'ayah',0,77649,77658
561,11,'ayah',0,77659,77668
561,12,'ayah',0,77669,77679
561,13,'ayah',0,77680,77687
561,14,'ayah',0,77688,77696
561,15,'ayah',0,77697,77704
562,1,'surah_name',1,67,
562,2,'basmallah',1,67,
562,3,'ayah',0,77705,77712
562,4,'ayah',0,77713,77721
562,5,'ayah',0,77722,77731
562,6,'ayah',0,77732,77742
562,7,'ayah',0,77743,77752
562,8,'ayah',0,77753,77761
562,9,'ayah',0,77762,77769
562,10,'ayah',0,77770,77777
562,11,'ayah',0,77778,77788
562,12,'ayah',0,77789,77797
562,13,'ayah',0,77798,77807
562,14,'ayah',0,77808,77819
562,15,'ayah',0,77820,77831
563,1,'ayah',0,77832,77839
563,2,'ayah',0,77840,77848
563,3,'ayah',0,77849,77858
563,4,'ayah',0,77859,77868
563,5,'ayah',0,77869,77877
563,6,'ayah',0,77878,77887
563,7,'ayah',0,77888,77898
563,8,'ayah',0,77899,77906
563,9,'ayah',0,77907,77916
563,10,'ayah',0,77917,77924
563,11,'ayah',0,77925,77934
563,12,'ayah',0,77935,77944
563,13,'ayah',0,77945,77953
563,14,'ayah',0,77954,77964
563,15,'ayah',0,77965,77972
564,1,'ayah',0,77973,77980
564,2,'ayah',0,77981,77990
564,3,'ayah',0,77991,77998
564,4,'ayah',0,77999,78008
564,5,'ayah',0,78009,78018
564,6,'ayah',0,78019,78027
564,7,'ayah',0,78028,78037
564,8,'ayah',0,78038,78047
564,9,'ayah',0,78048,78057
564,10,'ayah',0,78058,78067
564,11,'surah_name',1,68,
564,12,'basmallah',1,68,
564,13,'ayah',0,78068,78076
564,14,'ayah',0,78077,78086
564,15,'ayah',0,78087,78095
565,1,'ayah',0,78096,78105
565,2,'ayah',0,78106,78114
565,3,'ayah',0,78115,78124
565,4,'ayah',0,78125,78134
565,5,'ayah',0,78135,78146
565,6,'ayah',0,78147,78156
565,7,'ayah',0,78157,78166
565,8,'ayah',0,78167,78176
565,9,'ayah',0,78177,78185
565,10,'ayah',0,78186,78194
565,11,'ayah',0,78195,78204
565,12,'ayah',0,78205,78214
565,13,'ayah',0,78215,78224
565,14,'ayah',0,78225,78234
565,15,'ayah',0,78235,78243
566,1,'ayah',0,78244,78254
566,2,'ayah',0,78255,78263
566,3,'ayah',0,78264,78271
566,4,'ayah',0,78272,78281
566,5,'ayah',0,78282,78292
566,6,'ayah',0,78293,78302
566,7,'ayah',0,78303,78312
566,8,'ayah',0,78313,78320
566,9,'ayah',0,78321,78328
566,10,'ayah',0,78329,78335
566,11,'ayah',0,78336,78344
566,12,'ayah',0,78345,78353
566,13,'ayah',0,78354,78363
566,14,'ayah',0,78364,78372
566,15,'ayah',0,78373,78383
567,1,'ayah',0,78384,78392
567,2,'ayah',0,78393,78401
567,3,'ayah',0,78402,78409
567,4,'ayah',0,78410,78419
567,5,'surah_name',1,69,
567,6,'basmallah',1,69,
567,7,'ayah',0,78420,78429
567,8,'ayah',0,78430,78437
567,9,'ayah',0,78438,78446
567,10,'ayah',0,78447,78454
567,11,'ayah',0,78455,78462
567,12,'ayah',0,78463,78471
567,13,'ayah',0,78472,78478
567,14,'ayah',0,78479,78488
567,15,'ayah',0,78489,78497
568,1,'ayah',0,78498,78506
568,2,'ayah',0,78507,78513
568,3,'ayah',0,78514,78521
568,4,'ayah',0,78522,78528
568,5,'ayah',0,78529,78538
568,6,'ayah',0,78539,78546
568,7,'ayah',0,78547,78556
568,8,'ayah',0,78557,78566
568,9,'ayah',0,78567,78575
568,10,'ayah',0,78576,78583
568,11,'ayah',0,78584,78593
568,12,'ayah',0,78594,78604
568,13,'ayah',0,78605,78614
568,14,'ayah',0,78615,78623
568,15,'ayah',0,78624,78632
569,1,'ayah',0,78633,78644
569,2,'ayah',0,78645,78654
569,3,'ayah',0,78655,78665
569,4,'ayah',0,78666,78674
569,5,'ayah',0,78675,78684
569,6,'ayah',0,78685,78693
569,7,'ayah',0,78694,78703
569,8,'ayah',0,78704,78712
569,9,'ayah',0,78713,78721
569,10,'ayah',1,78722,78729
569,11,'surah_name',1,70,
569,12,'basmallah',1,70,
569,13,'ayah',0,78730,78737
569,14,'ayah',0,78738,78747
569,15,'ayah',0,78748,78756
570,1,'ayah',0,78757,78765
570,2,'ayah',0,78766,78774
570,3,'ayah',0,78775,78783
570,4,'ayah',0,78784,78792
570,5,'ayah',0,78793,78801
570,6,'ayah',0,78802,78812
570,7,'ayah',0,78813,78822
570,8,'ayah',0,78823,78832
570,9,'ayah',0,78833,78842
570,10,'ayah',0,78843,78851
570,11,'ayah',0,78852,78859
570,12,'ayah',0,78860,78868
570,13,'ayah',0,78869,78877
570,14,'ayah',0,78878,78887
570,15,'ayah',0,78888,78895
571,1,'ayah',0,78896,78903
571,2,'ayah',0,78904,78910
571,3,'ayah',0,78911,78919
571,4,'ayah',0,78920,78929
571,5,'ayah',0,78930,78939
571,6,'ayah',0,78940,78948
571,7,'ayah',0,78949,78958
571,8,'ayah',0,78959,78966
571,9,'ayah',0,78967,78974
571,10,'ayah',0,78975,78982
571,11,'ayah',0,78983,78990
571,12,'surah_name',1,71,
571,13,'basmallah',1,71,
571,14,'ayah',0,78991,79001
571,15,'ayah',0,79002,79012
572,1,'ayah',0,79013,79021
572,2,'ayah',0,79022,79029
572,3,'ayah',0,79030,79040
572,4,'ayah',0,79041,79048
572,5,'ayah',0,79049,79057
572,6,'ayah',0,79058,79064
572,7,'ayah',0,79065,79074
572,8,'ayah',0,79075,79081
572,9,'ayah',0,79082,79089
572,10,'ayah',0,79090,79096
572,11,'ayah',0,79097,79106
572,12,'ayah',0,79107,79116
572,13,'ayah',0,79117,79125
572,14,'ayah',0,79126,79133
572,15,'ayah',0,79134,79141
573,1,'ayah',0,79142,79150
573,2,'ayah',0,79151,79160
573,3,'ayah',0,79161,79170
573,4,'ayah',0,79171,79179
573,5,'ayah',0,79180,79188
573,6,'ayah',0,79189,79197
573,7,'ayah',0,79198,79207
573,8,'ayah',0,79208,79217
573,9,'ayah',0,79218,79226
573,10,'ayah',0,79227,79235
573,11,'ayah',0,79236,79241
573,12,'ayah',1,79242,79244
573,13,'surah_name',1,72,
573,14,'basmallah',1,72,
573,15,'ayah',0,79245,79258
574,1,'ayah',0,79259,79268
574,2,'ayah',0,79269,79278
574,3,'ayah',0,79279,79288
574,4,'ayah',0,79289,79299
574,5,'ayah',0,79300,79307
574,6,'ayah',0,79308,79317
574,7,'ayah',0,79318,79325
574,8,'ayah',0,79326,79334
574,9,'ayah',0,79335,79344
574,10,'ayah',0,79345,79354
574,11,'ayah',0,79355,79364
574,12,'ayah',0,79365,79375
574,13,'ayah',0,79376,79385
574,14,'ayah',0,79386,79396
574,15,'ayah',0,79397,79404
575,1,'ayah',0,79405,79411
575,2,'ayah',0,79412,79418
575,3,'ayah',0,79419,79426
575,4,'ayah',0,79427,79436
575,5,'ayah',0,79437,79445
575,6,'ayah',0,79446,79455
575,7,'ayah',0,79456,79468
575,8,'ayah',0,79469,79478
575,9,'ayah',0,79479,79487
575,10,'ayah',0,79488,79497
575,11,'ayah',0,79498,79505
575,12,'ayah',0,79506,79514
575,13,'ayah',0,79515,79524
575,14,'ayah',0,79525,79534
575,15,'ayah',0,79535,79543
576,1,'ayah',0,79544,79552
576,2,'ayah',1,79553,79557
576,3,'surah_name',1,73,
576,4,'basmallah',1,73,
576,5,'ayah',0,79558,79568
576,6,'ayah',0,79569,79579
576,7,'ayah',0,79580,79589
576,8,'ayah',0,79590,79600
576,9,'ayah',0,79601,79609
576,10,'ayah',0,79610,79620
576,11,'ayah',0,79621,79627
576,12,'ayah',0,79628,79637
576,13,'ayah',0,79638,79646
576,14,'ayah',0,79647,79655
576,15,'ayah',0,79656,79664
577,1,'ayah',0,79665,79671
577,2,'ayah',0,79672,79678
577,3,'ayah',0,79679,79687
577,4,'ayah',0,79688,79697
577,5,'ayah',0,79698,79706
577,6,'ayah',0,79707,79713
577,7,'ayah',0,79714,79721
577,8,'ayah',0,79722,79729
577,9,'ayah',0,79730,79736
577,10,'ayah',0,79737,79743
577,11,'ayah',0,79744,79750
577,12,'ayah',0,79751,79757
577,13,'ayah',0,79758,79764
577,14,'ayah',0,79765,79771
577,15,'ayah',1,79772,79776
578,1,'surah_name',1,74,
578,2,'basmallah',1,74,
578,3,'ayah',0,79777,79785
578,4,'ayah',0,79786,79793
578,5,'ayah',0,79794,79803
578,6,'ayah',0,79804,79811
578,7,'ayah',0,79812,79821
578,8,'ayah',0,79822,79830
578,9,'ayah',0,79831,79841
578,10,'ayah',0,79842,79850
578,11,'ayah',0,79851,79861
578,12,'ayah',0,79862,79870
578,13,'ayah',0,79871,79881
578,14,'ayah',0,79882,79891
578,15,'ayah',0,79892,79901
579,1,'ayah',0,79902,79910
579,2,'ayah',0,79911,79918
579,3,'ayah',0,79919,79926
579,4,'ayah',0,79927,79933
579,5,'ayah',0,79934,79941
579,6,'ayah',0,79942,79951
579,7,'ayah',0,79952,79963
579,8,'ayah',0,79964,79974
579,9,'ayah',0,79975,79985
579,10,'ayah',0,79986,79995
579,11,'ayah',0,79996,80004
579,12,'ayah',0,80005,80015
579,13,'ayah',0,80016,80024
579,14,'ayah',0,80025,80034
579,15,'ayah',0,80035,80043
580,1,'ayah',0,80044,80052
580,2,'ayah',0,80053,80061
580,3,'ayah',0,80062,80071
580,4,'ayah',0,80072,80081
580,5,'ayah',1,80082,80087
580,6,'surah_name',1,75,
580,7,'basmallah',1,75,
580,8,'ayah',0,80088,80097
580,9,'ayah',0,80098,80105
580,10,'ayah',0,80106,80114
580,11,'ayah',0,80115,80123
580,12,'ayah',0,80124,80132
580,13,'ayah',0,80133,80143
580,14,'ayah',0,80144,80150
580,15,'ayah',0,80151,80160
581,1,'ayah',0,80161,80169
581,2,'ayah',0,80170,80178
581,3,'ayah',0,80179,80188
581,4,'ayah',0,80189,80195
581,5,'ayah',0,80196,80204
581,6,'ayah',0,80205,80214
581,7,'ayah',0,80215,80223
581,8,'ayah',0,80224,80231
581,9,'ayah',0,80232,80240
581,10,'ayah',0,80241,80250
581,11,'ayah',0,80251,80260
581,12,'ayah',0,80261,80269
581,13,'ayah',0,80270,80278
581,14,'ayah',0,80279,80286
581,15,'ayah',1,80287,80291
582,1,'surah_name',1,76,
582,2,'basmallah',1,76,
582,3,'ayah',0,80292,80301
582,4,'ayah',0,80302,80310
582,5,'ayah',0,80311,80319
582,6,'ayah',0,80320,80329
582,7,'ayah',0,80330,80339
582,8,'ayah',0,80340,80347
582,9,'ayah',0,80348,80355
582,10,'ayah',0,80356,80364
582,11,'ayah',0,80365,80375
582,12,'ayah',0,80376,80385
582,13,'ayah',0,80386,80394
582,14,'ayah',0,80395,80405
582,15,'ayah',0,80406,80414
583,1,'ayah',0,80415,80423
583,2,'ayah',0,80424,80432
583,3,'ayah',0,80433,80442
583,4,'ayah',0,80443,80449
583,5,'ayah',0,80450,80459
583,6,'ayah',0,80460,80466
583,7,'ayah',0,80467,80476
583,8,'ayah',0,80477,80486
583,9,'ayah',0,80487,80496
583,10,'ayah',0,80497,80507
583,11,'ayah',0,80508,80516
583,12,'ayah',0,80517,80524
583,13,'ayah',0,80525,80532
583,14,'ayah',0,80533,80543
583,15,'ayah',0,80544,80554
584,1,'ayah',0,80555,80562
584,2,'ayah',1,80563,80565
584,3,'surah_name',1,77,
584,4,'basmallah',1,77,
584,5,'ayah',0,80566,80572
584,6,'ayah',0,80573,80582
584,7,'ayah',0,80583,80592
584,8,'ayah',0,80593,80601
584,9,'ayah',0,80602,80612
584,10,'ayah',0,80613,80621
584,11,'ayah',0,80622,80630
584,12,'ayah',0,80631,80638
584,13,'ayah',0,80639,80648
584,14,'ayah',0,80649,80657
584,15,'ayah',0,80658,80665
585,1,'ayah',0,80666,80672
585,2,'ayah',0,80673,80680
585,3,'ayah',0,80681,80690
585,4,'ayah',0,80691,80701
585,5,'ayah',0,80702,80711
585,6,'ayah',0,80712,80720
585,7,'ayah',0,80721,80728
585,8,'ayah',0,80729,80736
585,9,'ayah',0,80737,80745
585,10,'ayah',0,80746,80754
585,11,'ayah',0,80755,80763
585,12,'ayah',0,80764,80771
585,13,'ayah',0,80772,80778
585,14,'ayah',0,80779,80788
585,15,'ayah',0,80789,80796
586,1,'surah_name',1,78,
586,2,'basmallah',1,78,
586,3,'ayah',0,80797,80806
586,4,'ayah',0,80807,80816
586,5,'ayah',0,80817,80824
586,6,'ayah',0,80825,80834
586,7,'ayah',0,80835,80843
586,8,'ayah',0,80844,80851
586,9,'ayah',0,80852,80861
586,10,'ayah',0,80862,80871
586,11,'ayah',0,80872,80879
586,12,'ayah',0,80880,80887
586,13,'ayah',0,80888,80896
586,14,'ayah',0,80897,80907
586,15,'ayah',0,80908,80916
587,1,'ayah',0,80917,80925
587,2,'ayah',0,80926,80933
587,3,'ayah',0,80934,80942
587,4,'ayah',0,80943,80953
587,5,'ayah',0,80954,80962
587,6,'ayah',0,80963,80971
587,7,'ayah',0,80972,80980
587,8,'ayah',0,80981,80990
587,9,'ayah',0,80991,80999
587,10,'ayah',0,81000,81009
587,11,'surah_name',1,79,
587,12,'basmallah',1,79,
587,13,'ayah',0,81010,81016
587,14,'ayah',0,81017,81026
587,15,'ayah',0,81027,81035
588,1,'ayah',0,81036,81044
588,2,'ayah',0,81045,81055
588,3,'ayah',0,81056,81066
588,4,'ayah',0,81067,81076
588,5,'ayah',0,81077,81087
588,6,'ayah',0,81088,81096
588,7,'ayah',0,81097,81106
588,8,'ayah',0,81107,81116
588,9,'ayah',0,81117,81127
588,10,'ayah',0,81128,81137
588,11,'ayah',0,81138,81145
588,12,'ayah',0,81146,81155
588,13,'ayah',0,81156,81164
588,14,'ayah',0,81165,81172
588,15,'ayah',0,81173,81183
589,1,'ayah',0,81184,81193
589,2,'ayah',0,81194,81203
589,3,'ayah',0,81204,81212
589,4,'ayah',0,81213,81224
589,5,'ayah',0,81225,81234
589,6,'surah_name',1,80,
589,7,'basmallah',1,80,
589,8,'ayah',0,81235,81244
589,9,'ayah',0,81245,81255
589,10,'ayah',0,81256,81266
589,11,'ayah',0,81267,81277
589,12,'ayah',0,81278,81288
589,13,'ayah',0,81289,81297
589,14,'ayah',0,81298,81307
589,15,'ayah',0,81308,81316
590,1,'ayah',0,81317,81327
590,2,'ayah',0,81328,81337
590,3,'ayah',0,81338,81347
590,4,'ayah',0,81348,81357
590,5,'ayah',0,81358,81367
590,6,'ayah',0,81368,81377
590,7,'ayah',0,81378,81386
590,8,'ayah',0,81387,81394
590,9,'ayah',0,81395,81402
590,10,'ayah',1,81403,81409
590,11,'surah_name',1,81,
590,12,'basmallah',1,81,
590,13,'ayah',0,81410,81418
590,14,'ayah',0,81419,81427
590,15,'ayah',0,81428,81437
591,1,'ayah',0,81438,81447
591,2,'ayah',0,81448,81457
591,3,'ayah',0,81458,81467
591,4,'ayah',0,81468,81477
591,5,'ayah',0,81478,81487
591,6,'ayah',0,81488,81497
591,7,'ayah',0,81498,81506
591,8,'ayah',0,81507,81516
591,9,'ayah',0,81517,81527
591,10,'ayah',0,81528,81537
591,11,'ayah',1,81538,81542
591,12,'surah_name',1,82,
591,13,'basmallah',1,82,
591,14,'ayah',0,81543,81552
591,15,'ayah',0,81553,81564
592,1,'ayah',0,81565,81573
592,2,'ayah',0,81574,81584
592,3,'ayah',0,81585,81593
592,4,'ayah',0,81594,81604
592,5,'ayah',0,81605,81614
592,6,'ayah',0,81615,81624
592,7,'ayah',0,81625,81635
592,8,'ayah',1,81636,81641
592,9,'surah_name',1,83,
592,10,'basmallah',1,83,
592,11,'ayah',0,81642,81651
592,12,'ayah',0,81652,81661
592,13,'ayah',0,81662,81670
592,14,'ayah',0,81671,81681
592,15,'ayah',0,81682,81691
593,1,'ayah',0,81692,81699
593,2,'ayah',0,81700,81709
593,3,'ayah',0,81710,81719
593,4,'ayah',0,81720,81728
593,5,'ayah',0,81729,81738
593,6,'ayah',0,81739,81749
593,7,'ayah',0,81750,81759
593,8,'ayah',0,81760,81768
593,9,'ayah',0,81769,81776
593,10,'ayah',0,81777,81784
593,11,'ayah',0,81785,81793
593,12,'ayah',0,81794,81802
593,13,'ayah',0,81803,81811
593,14,'ayah',0,81812,81819
593,15,'ayah',0,81820,81828
594,1,'ayah',0,81829,81837
594,2,'ayah',1,81838,81846
594,3,'surah_name',1,84,
594,4,'basmallah',1,84,
594,5,'ayah',0,81847,81855
594,6,'ayah',0,81856,81864
594,7,'ayah',0,81865,81873
594,8,'ayah',0,81874,81882
594,9,'ayah',0,81883,81890
594,10,'ayah',0,81891,81900
594,11,'ayah',0,81901,81910
594,12,'ayah',0,81911,81922
594,13,'ayah',0,81923,81933
594,14,'ayah',0,81934,81944
594,15,'ayah',0,81945,81954
595,1,'ayah',0,81955,81964
595,2,'ayah',0,81965,81972
595,3,'ayah',1,81973,81978
595,4,'surah_name',1,85,
595,5,'basmallah',1,85,
595,6,'ayah',0,81979,81986
595,7,'ayah',0,81987,81994
595,8,'ayah',0,81995,82005
595,9,'ayah',0,82006,82014
595,10,'ayah',0,82015,82023
595,11,'ayah',0,82024,82033
595,12,'ayah',0,82034,82041
595,13,'ayah',0,82042,82050
595,14,'ayah',0,82051,82059
595,15,'ayah',0,82060,82069
596,1,'ayah',0,82070,82079
596,2,'ayah',0,82080,82090
596,3,'ayah',0,82091,82100
596,4,'ayah',1,82101,82109
596,5,'surah_name',1,86,
596,6,'basmallah',1,86,
596,7,'ayah',0,82110,82117
596,8,'ayah',0,82118,82127
596,9,'ayah',0,82128,82137
596,10,'ayah',0,82138,82146
596,11,'ayah',0,82147,82156
596,12,'ayah',0,82157,82165
596,13,'ayah',0,82166,82175
596,14,'ayah',0,82176,82183
596,15,'ayah',1,82184,82187
597,1,'surah_name',1,87,
597,2,'basmallah',1,87,
597,3,'ayah',0,82188,82198
597,4,'ayah',0,82199,82208
597,5,'ayah',0,82209,82220
597,6,'ayah',0,82221,82231
597,7,'ayah',0,82232,82242
597,8,'ayah',0,82243,82256
597,9,'ayah',0,82257,82266
597,10,'ayah',0,82267,82278
597,11,'surah_name',1,88,
597,12,'basmallah',1,88,
597,13,'ayah',0,82279,82288
597,14,'ayah',0,82289,82300
597,15,'ayah',0,82301,82313
598,1,'ayah',0,82314,82322
598,2,'ayah',0,82323,82333
598,3,'ayah',0,82334,82341
598,4,'ayah',0,82342,82349
598,5,'ayah',0,82350,82359
598,6,'ayah',0,82360,82368
598,7,'ayah',0,82369,82377
598,8,'ayah',0,82378,82387
598,9,'ayah',1,82388,82396
598,10,'surah_name',1,89,
598,11,'basmallah',1,89,
598,12,'ayah',0,82397,82406
598,13,'ayah',0,82407,82418
598,14,'ayah',0,82419,82429
598,15,'ayah',0,82430,82439
599,1,'ayah',0,82440,82448
599,2,'ayah',0,82449,82456
599,3,'ayah',0,82457,82466
599,4,'ayah',0,82467,82474
599,5,'ayah',0,82475,82482
599,6,'ayah',0,82483,82492
599,7,'ayah',0,82493,82499
599,8,'ayah',0,82500,82509
599,9,'ayah',0,82510,82518
599,10,'ayah',0,82519,82525
599,11,'ayah',0,82526,82533
599,12,'ayah',0,82534,82542
599,13,'ayah',0,82543,82550
599,14,'ayah',0,82551,82558
599,15,'ayah',1,82559,82563
600,1,'surah_name',1,90,
600,2,'basmallah',1,90,
600,3,'ayah',0,82564,82575
600,4,'ayah',0,82576,82587
600,5,'ayah',0,82588,82599
600,6,'ayah',0,82600,82610
600,7,'ayah',0,82611,82622
600,8,'ayah',0,82623,82635
600,9,'ayah',0,82636,82646
600,10,'ayah',0,82647,82655
600,11,'ayah',0,82656,82665
600,12,'surah_name',1,91,
600,13,'basmallah',1,91,
600,14,'ayah',0,82666,82674
600,15,'ayah',0,82675,82684
601,1,'ayah',0,82685,82693
601,2,'ayah',0,82694,82704
601,3,'ayah',0,82705,82715
601,4,'ayah',0,82716,82724
601,5,'ayah',0,82725,82734
601,6,'surah_name',1,92,
601,7,'basmallah',1,92,
601,8,'ayah',0,82735,82745
601,9,'ayah',0,82746,82756
601,10,'ayah',0,82757,82764
601,11,'ayah',0,82765,82771
601,12,'ayah',0,82772,82782
601,13,'ayah',0,82783,82791
601,14,'ayah',0,82792,82802
601,15,'ayah',0,82803,82810
602,1,'ayah',0,82811,82820
602,2,'ayah',1,82821,82826
602,3,'surah_name',1,93,
602,4,'basmallah',1,93,
602,5,'ayah',0,82827,82838
602,6,'ayah',0,82839,82847
602,7,'ayah',0,82848,82856
602,8,'ayah',0,82857,82867
602,9,'ayah',0,82868,82877
602,10,'surah_name',1,94,
602,11,'basmallah',1,94,
602,12,'ayah',0,82878,82886
602,13,'ayah',0,82887,82895
602,14,'ayah',0,82896,82906
602,15,'ayah',1,82907,82912
603,1,'surah_name',1,95,
603,2,'basmallah',1,95,
603,3,'ayah',0,82913,82923
603,4,'ayah',0,82924,82934
603,5,'ayah',0,82935,82944
603,6,'ayah',0,82945,82954
603,7,'surah_name',1,96,
603,8,'basmallah',1,96,
603,9,'ayah',0,82955,82965
603,10,'ayah',0,82966,82977
603,11,'ayah',0,82978,82990
603,12,'ayah',0,82991,83002
603,13,'ayah',0,83003,83014
603,14,'ayah',0,83015,83027
603,15,'ayah',0,83028,83036
604,1,'ayah',0,83037,83045
604,2,'surah_name',1,97,
604,3,'basmallah',1,97,
604,4,'ayah',0,83046,83057
604,5,'ayah',0,83058,83067
604,6,'ayah',0,83068,83080
604,7,'surah_name',1,98,
604,8,'basmallah',1,98,
604,9,'ayah',0,83081,83089
604,10,'ayah',0,83090,83100
604,11,'ayah',0,83101,83111
604,12,'ayah',0,83112,83121
604,13,'ayah',0,83122,83129
604,14,'ayah',0,83130,83139
604,15,'ayah',0,83140,83150
605,1,'ayah',0,83151,83160
605,2,'ayah',0,83161,83170
605,3,'ayah',0,83171,83182
605,4,'surah_name',1,99,
605,5,'basmallah',1,99,
605,6,'ayah',0,83183,83191
605,7,'ayah',0,83192,83201
605,8,'ayah',0,83202,83210
605,9,'ayah',0,83211,83220
605,10,'ayah',1,83221,83226
605,11,'surah_name',1,100,
605,12,'basmallah',1,100,
605,13,'ayah',0,83227,83235
605,14,'ayah',0,83236,83246
605,15,'ayah',0,83247,83258
606,1,'ayah',0,83259,83271
606,2,'ayah',1,83272,83277
606,3,'surah_name',1,101,
606,4,'basmallah',1,101,
606,5,'ayah',0,83278,83287
606,6,'ayah',0,83288,83295
606,7,'ayah',0,83296,83304
606,8,'ayah',0,83305,83314
606,9,'ayah',1,83315,83324
606,10,'surah_name',1,102,
606,11,'basmallah',1,102,
606,12,'ayah',0,83325,83333
606,13,'ayah',0,83334,83343
606,14,'ayah',0,83344,83352
606,15,'ayah',1,83353,83360
607,1,'surah_name',1,103,
607,2,'basmallah',1,103,
607,3,'ayah',0,83361,83370
607,4,'ayah',0,83371,83377
607,5,'surah_name',1,104,
607,6,'basmallah',1,104,
607,7,'ayah',0,83378,83387
607,8,'ayah',0,83388,83398
607,9,'ayah',0,83399,83409
607,10,'ayah',0,83410,83419
607,11,'surah_name',1,105,
607,12,'basmallah',1,105,
607,13,'ayah',0,83420,83429
607,14,'ayah',0,83430,83438
607,15,'ayah',0,83439,83447
608,1,'surah_name',1,106,
608,2,'basmallah',1,106,
608,3,'ayah',0,83448,83457
608,4,'ayah',0,83458,83468
608,5,'surah_name',1,107,
608,6,'basmallah',1,107,
608,7,'ayah',0,83469,83478
608,8,'ayah',0,83479,83490
608,9,'ayah',0,83491,83500
608,10,'surah_name',1,108,
608,11,'basmallah',1,108,
608,12,'ayah',0,83501,83513
608,13,'surah_name',1,109,
608,14,'basmallah',1,109,
608,15,'ayah',0,83514,83522
609,1,'ayah',0,83523,83534
609,2,'ayah',0,83535,83545
609,3,'surah_name',1,110,
609,4,'basmallah',1,110,
609,5,'ayah',0,83546,83556
609,6,'ayah',0,83557,83567
609,7,'surah_name',1,111,
609,8,'basmallah',1,111,
609,9,'ayah',0,83568,83578
609,10,'ayah',0,83579,83587
609,11,'ayah',1,83588,83595
609,12,'surah_name',1,112,
609,13,'basmallah',1,112,
609,14,'ayah',0,83596,83606
609,15,'ayah',1,83607,83614
610,1,'surah_name',1,113,
610,2,'basmallah',1,113,
610,3,'ayah',0,83615,83625
610,4,'ayah',0,83626,83636
610,5,'ayah',1,83637,83642
610,6,'surah_name',1,114,
610,7,'basmallah',1,114,
610,8,'ayah',0,83643,83653
610,9,'ayah',0,83654,83661
610,10,'ayah',1,83662,83668
