page,line,type,is_centered,range_start,range_end
1,1,'surah_name',1,1,
1,2,'ayah',1,1,5
1,3,'ayah',1,6,10
1,4,'ayah',1,11,17
1,5,'ayah',1,18,23
1,6,'ayah',1,24,29
1,7,'ayah',1,30,33
1,8,'ayah',1,34,36
2,1,'surah_name',1,2,
2,2,'basmallah',1,2,
2,3,'ayah',1,37,44
2,4,'ayah',1,45,51
2,5,'ayah',1,52,59
2,6,'ayah',1,60,68
2,7,'ayah',1,69,74
2,8,'ayah',1,75,77
3,1,'ayah',0,78,86
3,2,'ayah',0,87,96
3,3,'ayah',0,97,104
3,4,'ayah',0,105,114
3,5,'ayah',0,115,122
3,6,'ayah',0,123,131
3,7,'ayah',0,132,141
3,8,'ayah',0,142,150
3,9,'ayah',0,151,160
3,10,'ayah',0,161,170
3,11,'ayah',0,171,180
3,12,'ayah',0,181,190
3,13,'ayah',0,191,199
3,14,'ayah',0,200,207
3,15,'ayah',0,208,215
4,1,'ayah',0,216,224
4,2,'ayah',0,225,234
4,3,'ayah',0,235,245
4,4,'ayah',0,246,254
4,5,'ayah',0,255,263
4,6,'ayah',0,264,273
4,7,'ayah',0,274,283
4,8,'ayah',0,284,292
4,9,'ayah',0,293,301
4,10,'ayah',0,302,310
4,11,'ayah',0,311,320
4,12,'ayah',0,321,330
4,13,'ayah',0,331,339
4,14,'ayah',0,340,349
4,15,'ayah',0,350,357
5,1,'ayah',0,358,365
5,2,'ayah',0,366,374
5,3,'ayah',0,375,384
5,4,'ayah',0,385,392
5,5,'ayah',0,393,402
5,6,'ayah',0,403,410
5,7,'ayah',0,411,418
5,8,'ayah',0,419,426
5,9,'ayah',0,427,435
5,10,'ayah',0,436,446
5,11,'ayah',0,447,453
5,12,'ayah',0,454,459
5,13,'ayah',0,460,468
5,14,'ayah',0,469,478
5,15,'ayah',0,479,487
6,1,'ayah',0,488,496
6,2,'ayah',0,497,505
6,3,'ayah',0,506,515
6,4,'ayah',0,516,524
6,5,'ayah',0,525,533
6,6,'ayah',0,534,544
6,7,'ayah',0,545,553
6,8,'ayah',0,554,563
6,9,'ayah',0,564,572
6,10,'ayah',0,573,581
6,11,'ayah',0,582,591
6,12,'ayah',0,592,601
6,13,'ayah',0,602,610
6,14,'ayah',0,611,621
6,15,'ayah',0,622,633
7,1,'ayah',0,634,643
7,2,'ayah',0,644,653
7,3,'ayah',0,654,662
7,4,'ayah',0,663,671
7,5,'ayah',0,672,679
7,6,'ayah',0,680,690
7,7,'ayah',0,691,699
7,8,'ayah',0,700,707
7,9,'ayah',0,708,715
7,10,'ayah',0,716,723
7,11,'ayah',0,724,731
7,12,'ayah',0,732,741
7,13,'ayah',0,742,750
7,14,'ayah',0,751,762
7,15,'ayah',0,763,773
8,1,'ayah',0,774,781
8,2,'ayah',0,782,788
8,3,'ayah',0,789,797
8,4,'ayah',0,798,806
8,5,'ayah',0,807,815
8,6,'ayah',0,816,825
8,7,'ayah',0,826,833
8,8,'ayah',0,834,841
8,9,'ayah',0,842,849
8,10,'ayah',0,850,859
8,11,'ayah',0,860,870
8,12,'ayah',0,871,878
8,13,'ayah',0,879,885
8,14,'ayah',0,886,894
8,15,'ayah',0,895,902
9,1,'ayah',0,903,912
9,2,'ayah',0,913,920
9,3,'ayah',0,921,927
9,4,'ayah',0,928,937
9,5,'ayah',0,938,945
9,6,'ayah',0,946,952
9,7,'ayah',0,953,961
9,8,'ayah',0,962,971
9,9,'ayah',0,972,982
9,10,'ayah',0,983,991
9,11,'ayah',0,992,998
9,12,'ayah',0,999,1007
9,13,'ayah',0,1008,1014
9,14,'ayah',0,1015,1022
9,15,'ayah',0,1023,1031
10,1,'ayah',0,1032,1038
10,2,'ayah',0,1039,1047
10,3,'ayah',0,1048,1057
10,4,'ayah',0,1058,1065
10,5,'ayah',0,1066,1075
10,6,'ayah',0,1076,1084
10,7,'ayah',0,1085,1093
10,8,'ayah',0,1094,1102
10,9,'ayah',0,1103,1111
10,10,'ayah',0,1112,1121
10,11,'ayah',0,1122,1131
10,12,'ayah',0,1132,1145
10,13,'ayah',0,1146,1154
10,14,'ayah',0,1155,1165
10,15,'ayah',0,1166,1173
11,1,'ayah',0,1174,1186
11,2,'ayah',0,1187,1198
11,3,'ayah',0,1199,1208
11,4,'ayah',0,1209,1217
11,5,'ayah',0,1218,1227
11,6,'ayah',0,1228,1235
11,7,'ayah',0,1236,1245
11,8,'ayah',0,1246,1255
11,9,'ayah',0,1256,1265
11,10,'ayah',0,1266,1276
11,11,'ayah',0,1277,1285
11,12,'ayah',0,1286,1294
11,13,'ayah',0,1295,1303
11,14,'ayah',0,1304,1312
11,15,'ayah',0,1313,1321
12,1,'ayah',0,1322,1331
12,2,'ayah',0,1332,1340
12,3,'ayah',0,1341,1348
12,4,'ayah',0,1349,1358
12,5,'ayah',0,1359,1367
12,6,'ayah',0,1368,1376
12,7,'ayah',0,1377,1386
12,8,'ayah',0,1387,1396
12,9,'ayah',0,1397,1403
12,10,'ayah',0,1404,1410
12,11,'ayah',0,1411,1418
12,12,'ayah',0,1419,1427
12,13,'ayah',0,1428,1433
12,14,'ayah',0,1434,1440
12,15,'ayah',0,1441,1447
13,1,'ayah',0,1448,1455
13,2,'ayah',0,1456,1463
13,3,'ayah',0,1464,1470
13,4,'ayah',0,1471,1477
13,5,'ayah',0,1478,1484
13,6,'ayah',0,1485,1489
13,7,'ayah',0,1490,1498
13,8,'ayah',0,1499,1507
13,9,'ayah',0,1508,1516
13,10,'ayah',0,1517,1525
13,11,'ayah',0,1526,1533
13,12,'ayah',0,1534,1541
13,13,'ayah',0,1542,1550
13,14,'ayah',0,1551,1557
13,15,'ayah',0,1558,1567
14,1,'ayah',0,1568,1577
14,2,'ayah',0,1578,1585
14,3,'ayah',0,1586,1594
14,4,'ayah',0,1595,1602
14,5,'ayah',0,1603,1614
14,6,'ayah',0,1615,1621
14,7,'ayah',0,1622,1632
14,8,'ayah',0,1633,1640
14,9,'ayah',0,1641,1651
14,10,'ayah',0,1652,1657
14,11,'ayah',0,1658,1665
14,12,'ayah',0,1666,1672
14,13,'ayah',0,1673,1679
14,14,'ayah',0,1680,1685
14,15,'ayah',0,1686,1693
15,1,'ayah',0,1694,1703
15,2,'ayah',0,1704,1711
15,3,'ayah',0,1712,1720
15,4,'ayah',0,1721,1728
15,5,'ayah',0,1729,1738
15,6,'ayah',0,1739,1748
15,7,'ayah',0,1749,1758
15,8,'ayah',0,1759,1765
15,9,'ayah',0,1766,1773
15,10,'ayah',0,1774,1781
15,11,'ayah',0,1782,1790
15,12,'ayah',0,1791,1798
15,13,'ayah',0,1799,1807
15,14,'ayah',0,1808,1816
15,15,'ayah',0,1817,1824
16,1,'ayah',0,1825,1833
16,2,'ayah',0,1834,1839
16,3,'ayah',0,1840,1847
16,4,'ayah',0,1848,1858
16,5,'ayah',0,1859,1866
16,6,'ayah',0,1867,1876
16,7,'ayah',0,1877,1884
16,8,'ayah',0,1885,1894
16,9,'ayah',0,1895,1902
16,10,'ayah',0,1903,1911
16,11,'ayah',0,1912,1919
16,12,'ayah',0,1920,1925
16,13,'ayah',0,1926,1934
16,14,'ayah',0,1935,1943
16,15,'ayah',0,1944,1951
17,1,'ayah',0,1952,1962
17,2,'ayah',0,1963,1976
17,3,'ayah',0,1977,1985
17,4,'ayah',0,1986,1994
17,5,'ayah',0,1995,2003
17,6,'ayah',0,2004,2012
17,7,'ayah',0,2013,2020
17,8,'ayah',0,2021,2030
17,9,'ayah',0,2031,2041
17,10,'ayah',0,2042,2049
17,11,'ayah',0,2050,2059
17,12,'ayah',0,2060,2070
17,13,'ayah',0,2071,2077
17,14,'ayah',0,2078,2086
17,15,'ayah',0,2087,2097
18,1,'ayah',0,2098,2105
18,2,'ayah',0,2106,2114
18,3,'ayah',0,2115,2124
18,4,'ayah',0,2125,2134
18,5,'ayah',0,2135,2145
18,6,'ayah',0,2146,2154
18,7,'ayah',0,2155,2163
18,8,'ayah',0,2164,2173
18,9,'ayah',0,2174,2183
18,10,'ayah',0,2184,2191
18,11,'ayah',0,2192,2202
18,12,'ayah',0,2203,2211
18,13,'ayah',0,2212,2219
18,14,'ayah',0,2220,2227
18,15,'ayah',0,2228,2236
19,1,'ayah',0,2237,2247
19,2,'ayah',0,2248,2257
19,3,'ayah',0,2258,2270
19,4,'ayah',0,2271,2280
19,5,'ayah',0,2281,2289
19,6,'ayah',0,2290,2298
19,7,'ayah',0,2299,2310
19,8,'ayah',0,2311,2320
19,9,'ayah',0,2321,2331
19,10,'ayah',0,2332,2340
19,11,'ayah',0,2341,2349
19,12,'ayah',0,2350,2356
19,13,'ayah',0,2357,2367
19,14,'ayah',0,2368,2379
19,15,'ayah',0,2380,2389
20,1,'ayah',0,2390,2398
20,2,'ayah',0,2399,2407
20,3,'ayah',0,2408,2417
20,4,'ayah',0,2418,2426
20,5,'ayah',0,2427,2433
20,6,'ayah',0,2434,2442
20,7,'ayah',0,2443,2452
20,8,'ayah',0,2453,2463
20,9,'ayah',0,2464,2472
20,10,'ayah',0,2473,2482
20,11,'ayah',0,2483,2491
20,12,'ayah',0,2492,2501
20,13,'ayah',0,2502,2508
20,14,'ayah',0,2509,2518
20,15,'ayah',0,2519,2529
21,1,'ayah',0,2530,2539
21,2,'ayah',0,2540,2549
21,3,'ayah',0,2550,2558
21,4,'ayah',0,2559,2566
21,5,'ayah',0,2567,2577
21,6,'ayah',0,2578,2588
21,7,'ayah',0,2589,2596
21,8,'ayah',0,2597,2606
21,9,'ayah',0,2607,2615
21,10,'ayah',0,2616,2624
21,11,'ayah',0,2625,2630
21,12,'ayah',0,2631,2640
21,13,'ayah',0,2641,2650
21,14,'ayah',0,2651,2661
21,15,'ayah',0,2662,2670
22,1,'ayah',0,2671,2680
22,2,'ayah',0,2681,2690
22,3,'ayah',0,2691,2697
22,4,'ayah',0,2698,2705
22,5,'ayah',0,2706,2715
22,6,'ayah',0,2716,2725
22,7,'ayah',0,2726,2735
22,8,'ayah',0,2736,2744
22,9,'ayah',0,2745,2751
22,10,'ayah',0,2752,2760
22,11,'ayah',0,2761,2770
22,12,'ayah',0,2771,2779
22,13,'ayah',0,2780,2789
22,14,'ayah',0,2790,2797
22,15,'ayah',0,2798,2806
23,1,'ayah',0,2807,2814
23,2,'ayah',0,2815,2823
23,3,'ayah',0,2824,2833
23,4,'ayah',0,2834,2842
23,5,'ayah',0,2843,2853
23,6,'ayah',0,2854,2862
23,7,'ayah',0,2863,2872
23,8,'ayah',0,2873,2880
23,9,'ayah',0,2881,2889
23,10,'ayah',0,2890,2897
23,11,'ayah',0,2898,2904
23,12,'ayah',0,2905,2910
23,13,'ayah',0,2911,2918
23,14,'ayah',0,2919,2926
23,15,'ayah',0,2927,2935
24,1,'ayah',0,2936,2946
24,2,'ayah',0,2947,2954
24,3,'ayah',0,2955,2961
24,4,'ayah',0,2962,2972
24,5,'ayah',0,2973,2980
24,6,'ayah',0,2981,2989
24,7,'ayah',0,2990,2999
24,8,'ayah',0,3000,3010
24,9,'ayah',0,3011,3020
24,10,'ayah',0,3021,3028
24,11,'ayah',0,3029,3036
24,12,'ayah',0,3037,3046
24,13,'ayah',0,3047,3054
24,14,'ayah',0,3055,3064
24,15,'ayah',0,3065,3075
25,1,'ayah',0,3076,3083
25,2,'ayah',0,3084,3094
25,3,'ayah',0,3095,3105
25,4,'ayah',0,3106,3112
25,5,'ayah',0,3113,3120
25,6,'ayah',0,3121,3130
25,7,'ayah',0,3131,3141
25,8,'ayah',0,3142,3151
25,9,'ayah',0,3152,3160
25,10,'ayah',0,3161,3169
25,11,'ayah',0,3170,3179
25,12,'ayah',0,3180,3188
25,13,'ayah',0,3189,3198
25,14,'ayah',0,3199,3207
25,15,'ayah',0,3208,3217
26,1,'ayah',0,3218,3230
26,2,'ayah',0,3231,3238
26,3,'ayah',0,3239,3246
26,4,'ayah',0,3247,3258
26,5,'ayah',0,3259,3267
26,6,'ayah',0,3268,3276
26,7,'ayah',0,3277,3284
26,8,'ayah',0,3285,3297
26,9,'ayah',0,3298,3307
26,10,'ayah',0,3308,3315
26,11,'ayah',0,3316,3324
26,12,'ayah',0,3325,3332
26,13,'ayah',0,3333,3338
26,14,'ayah',0,3339,3347
26,15,'ayah',0,3348,3357
27,1,'ayah',0,3358,3366
27,2,'ayah',0,3367,3374
27,3,'ayah',0,3375,3382
27,4,'ayah',0,3383,3389
27,5,'ayah',0,3390,3396
27,6,'ayah',0,3397,3404
27,7,'ayah',0,3405,3413
27,8,'ayah',0,3414,3422
27,9,'ayah',0,3423,3432
27,10,'ayah',0,3433,3441
27,11,'ayah',0,3442,3451
27,12,'ayah',0,3452,3458
27,13,'ayah',0,3459,3467
27,14,'ayah',0,3468,3475
27,15,'ayah',0,3476,3488
28,1,'ayah',0,3489,3499
28,2,'ayah',0,3500,3509
28,3,'ayah',0,3510,3517
28,4,'ayah',0,3518,3525
28,5,'ayah',0,3526,3535
28,6,'ayah',0,3536,3544
28,7,'ayah',0,3545,3554
28,8,'ayah',0,3555,3561
28,9,'ayah',0,3562,3569
28,10,'ayah',0,3570,3578
28,11,'ayah',0,3579,3587
28,12,'ayah',0,3588,3594
28,13,'ayah',0,3595,3600
28,14,'ayah',0,3601,3609
28,15,'ayah',0,3610,3616
29,1,'ayah',0,3617,3625
29,2,'ayah',0,3626,3634
29,3,'ayah',0,3635,3641
29,4,'ayah',0,3642,3651
29,5,'ayah',0,3652,3661
29,6,'ayah',0,3662,3669
29,7,'ayah',0,3670,3678
29,8,'ayah',0,3679,3686
29,9,'ayah',0,3687,3694
29,10,'ayah',0,3695,3701
29,11,'ayah',0,3702,3710
29,12,'ayah',0,3711,3719
29,13,'ayah',0,3720,3726
29,14,'ayah',0,3727,3734
29,15,'ayah',0,3735,3742
30,1,'ayah',0,3743,3750
30,2,'ayah',0,3751,3760
30,3,'ayah',0,3761,3770
30,4,'ayah',0,3771,3781
30,5,'ayah',0,3782,3793
30,6,'ayah',0,3794,3801
30,7,'ayah',0,3802,3812
30,8,'ayah',0,3813,3823
30,9,'ayah',0,3824,3833
30,10,'ayah',0,3834,3844
30,11,'ayah',0,3845,3856
30,12,'ayah',0,3857,3869
30,13,'ayah',0,3870,3882
30,14,'ayah',0,3883,3893
30,15,'ayah',0,3894,3903
31,1,'ayah',0,3904,3912
31,2,'ayah',0,3913,3922
31,3,'ayah',0,3923,3930
31,4,'ayah',0,3931,3937
31,5,'ayah',0,3938,3944
31,6,'ayah',0,3945,3950
31,7,'ayah',0,3951,3957
31,8,'ayah',0,3958,3965
31,9,'ayah',0,3966,3973
31,10,'ayah',0,3974,3979
31,11,'ayah',0,3980,3986
31,12,'ayah',0,3987,3996
31,13,'ayah',0,3997,4005
31,14,'ayah',0,4006,4013
31,15,'ayah',0,4014,4022
32,1,'ayah',0,4023,4030
32,2,'ayah',0,4031,4041
32,3,'ayah',0,4042,4049
32,4,'ayah',0,4050,4058
32,5,'ayah',0,4059,4069
32,6,'ayah',0,4070,4077
32,7,'ayah',0,4078,4088
32,8,'ayah',0,4089,4095
32,9,'ayah',0,4096,4103
32,10,'ayah',0,4104,4110
32,11,'ayah',0,4111,4117
32,12,'ayah',0,4118,4126
32,13,'ayah',0,4127,4134
32,14,'ayah',0,4135,4145
32,15,'ayah',0,4146,4153
33,1,'ayah',0,4154,4164
33,2,'ayah',0,4165,4176
33,3,'ayah',0,4177,4184
33,4,'ayah',0,4185,4194
33,5,'ayah',0,4195,4203
33,6,'ayah',0,4204,4211
33,7,'ayah',0,4212,4222
33,8,'ayah',0,4223,4231
33,9,'ayah',0,4232,4242
33,10,'ayah',0,4243,4251
33,11,'ayah',0,4252,4260
33,12,'ayah',0,4261,4270
33,13,'ayah',0,4271,4280
33,14,'ayah',0,4281,4288
33,15,'ayah',0,4289,4299
34,1,'ayah',0,4300,4308
34,2,'ayah',0,4309,4319
34,3,'ayah',0,4320,4328
34,4,'ayah',0,4329,4339
34,5,'ayah',0,4340,4347
34,6,'ayah',0,4348,4356
34,7,'ayah',0,4357,4364
34,8,'ayah',0,4365,4372
34,9,'ayah',0,4373,4379
34,10,'ayah',0,4380,4387
34,11,'ayah',0,4388,4395
34,12,'ayah',0,4396,4403
34,13,'ayah',0,4404,4411
34,14,'ayah',0,4412,4419
34,15,'ayah',0,4420,4427
35,1,'ayah',0,4428,4436
35,2,'ayah',0,4437,4444
35,3,'ayah',0,4445,4454
35,4,'ayah',0,4455,4462
35,5,'ayah',0,4463,4470
35,6,'ayah',0,4471,4479
35,7,'ayah',0,4480,4488
35,8,'ayah',0,4489,4495
35,9,'ayah',0,4496,4504
35,10,'ayah',0,4505,4513
35,11,'ayah',0,4514,4522
35,12,'ayah',0,4523,4531
35,13,'ayah',0,4532,4538
35,14,'ayah',0,4539,4546
35,15,'ayah',0,4547,4554
36,1,'ayah',0,4555,4564
36,2,'ayah',0,4565,4574
36,3,'ayah',0,4575,4585
36,4,'ayah',0,4586,4593
36,5,'ayah',0,4594,4605
36,6,'ayah',0,4606,4615
36,7,'ayah',0,4616,4625
36,8,'ayah',0,4626,4634
36,9,'ayah',0,4635,4643
36,10,'ayah',0,4644,4653
36,11,'ayah',0,4654,4665
36,12,'ayah',0,4666,4676
36,13,'ayah',0,4677,4688
36,14,'ayah',0,4689,4700
36,15,'ayah',0,4701,4710
37,1,'ayah',0,4711,4718
37,2,'ayah',0,4719,4726
37,3,'ayah',0,4727,4736
37,4,'ayah',0,4737,4745
37,5,'ayah',0,4746,4756
37,6,'ayah',0,4757,4765
37,7,'ayah',0,4766,4775
37,8,'ayah',0,4776,4785
37,9,'ayah',0,4786,4793
37,10,'ayah',0,4794,4804
37,11,'ayah',0,4805,4813
37,12,'ayah',0,4814,4823
37,13,'ayah',0,4824,4834
37,14,'ayah',0,4835,4844
37,15,'ayah',0,4845,4855
38,1,'ayah',0,4856,4862
38,2,'ayah',0,4863,4871
38,3,'ayah',0,4872,4880
38,4,'ayah',0,4881,4890
38,5,'ayah',0,4891,4898
38,6,'ayah',0,4899,4907
38,7,'ayah',0,4908,4915
38,8,'ayah',0,4916,4924
38,9,'ayah',0,4925,4935
38,10,'ayah',0,4936,4945
38,11,'ayah',0,4946,4954
38,12,'ayah',0,4955,4963
38,13,'ayah',0,4964,4973
38,14,'ayah',0,4974,4981
38,15,'ayah',0,4982,4991
39,1,'ayah',0,4992,4998
39,2,'ayah',0,4999,5007
39,3,'ayah',0,5008,5015
39,4,'ayah',0,5016,5022
39,5,'ayah',0,5023,5030
39,6,'ayah',0,5031,5039
39,7,'ayah',0,5040,5046
39,8,'ayah',0,5047,5053
39,9,'ayah',0,5054,5061
39,10,'ayah',0,5062,5070
39,11,'ayah',0,5071,5081
39,12,'ayah',0,5082,5088
39,13,'ayah',0,5089,5098
39,14,'ayah',0,5099,5108
39,15,'ayah',0,5109,5115
40,1,'ayah',0,5116,5127
40,2,'ayah',0,5128,5137
40,3,'ayah',0,5138,5145
40,4,'ayah',0,5146,5155
40,5,'ayah',0,5156,5163
40,6,'ayah',0,5164,5171
40,7,'ayah',0,5172,5180
40,8,'ayah',0,5181,5189
40,9,'ayah',0,5190,5199
40,10,'ayah',0,5200,5206
40,11,'ayah',0,5207,5214
40,12,'ayah',0,5215,5222
40,13,'ayah',0,5223,5229
40,14,'ayah',0,5230,5236
40,15,'ayah',0,5237,5245
41,1,'ayah',0,5246,5253
41,2,'ayah',0,5254,5263
41,3,'ayah',0,5264,5273
41,4,'ayah',0,5274,5281
41,5,'ayah',0,5282,5289
41,6,'ayah',0,5290,5297
41,7,'ayah',0,5298,5306
41,8,'ayah',0,5307,5313
41,9,'ayah',0,5314,5320
41,10,'ayah',0,5321,5326
41,11,'ayah',0,5327,5332
41,12,'ayah',0,5333,5340
41,13,'ayah',0,5341,5346
41,14,'ayah',0,5347,5353
41,15,'ayah',0,5354,5360
42,1,'ayah',0,5361,5370
42,2,'ayah',0,5371,5378
42,3,'ayah',0,5379,5387
42,4,'ayah',0,5388,5396
42,5,'ayah',0,5397,5407
42,6,'ayah',0,5408,5417
42,7,'ayah',0,5418,5430
42,8,'ayah',0,5431,5440
42,9,'ayah',0,5441,5452
42,10,'ayah',0,5453,5464
42,11,'ayah',0,5465,5474
42,12,'ayah',0,5475,5482
42,13,'ayah',0,5483,5493
42,14,'ayah',0,5494,5501
42,15,'ayah',0,5502,5511
43,1,'ayah',0,5512,5520
43,2,'ayah',0,5521,5526
43,3,'ayah',0,5527,5534
43,4,'ayah',0,5535,5544
43,5,'ayah',0,5545,5554
43,6,'ayah',0,5555,5564
43,7,'ayah',0,5565,5573
43,8,'ayah',0,5574,5583
43,9,'ayah',0,5584,5594
43,10,'ayah',0,5595,5605
43,11,'ayah',0,5606,5616
43,12,'ayah',0,5617,5624
43,13,'ayah',0,5625,5630
43,14,'ayah',0,5631,5637
43,15,'ayah',0,5638,5648
44,1,'ayah',0,5649,5658
44,2,'ayah',0,5659,5668
44,3,'ayah',0,5669,5678
44,4,'ayah',0,5679,5688
44,5,'ayah',0,5689,5697
44,6,'ayah',0,5698,5707
44,7,'ayah',0,5708,5716
44,8,'ayah',0,5717,5728
44,9,'ayah',0,5729,5737
44,10,'ayah',0,5738,5745
44,11,'ayah',0,5746,5755
44,12,'ayah',0,5756,5763
44,13,'ayah',0,5764,5772
44,14,'ayah',0,5773,5780
44,15,'ayah',0,5781,5789
45,1,'ayah',0,5790,5796
45,2,'ayah',0,5797,5804
45,3,'ayah',0,5805,5812
45,4,'ayah',0,5813,5821
45,5,'ayah',0,5822,5831
45,6,'ayah',0,5832,5840
45,7,'ayah',0,5841,5848
45,8,'ayah',0,5849,5855
45,9,'ayah',0,5856,5863
45,10,'ayah',0,5864,5872
45,11,'ayah',0,5873,5882
45,12,'ayah',0,5883,5888
45,13,'ayah',0,5889,5897
45,14,'ayah',0,5898,5905
45,15,'ayah',0,5906,5914
46,1,'ayah',0,5915,5924
46,2,'ayah',0,5925,5932
46,3,'ayah',0,5933,5939
46,4,'ayah',0,5940,5946
46,5,'ayah',0,5947,5954
46,6,'ayah',0,5955,5963
46,7,'ayah',0,5964,5970
46,8,'ayah',0,5971,5979
46,9,'ayah',0,5980,5986
46,10,'ayah',0,5987,5992
46,11,'ayah',0,5993,5998
46,12,'ayah',0,5999,6006
46,13,'ayah',0,6007,6014
46,14,'ayah',0,6015,6021
46,15,'ayah',0,6022,6029
47,1,'ayah',0,6030,6038
47,2,'ayah',0,6039,6047
47,3,'ayah',0,6048,6057
47,4,'ayah',0,6058,6068
47,5,'ayah',0,6069,6076
47,6,'ayah',0,6077,6087
47,7,'ayah',0,6088,6094
47,8,'ayah',0,6095,6103
47,9,'ayah',0,6104,6112
47,10,'ayah',0,6113,6124
47,11,'ayah',0,6125,6133
47,12,'ayah',0,6134,6141
47,13,'ayah',0,6142,6150
47,14,'ayah',0,6151,6159
47,15,'ayah',0,6160,6170
48,1,'ayah',0,6171,6179
48,2,'ayah',0,6180,6186
48,3,'ayah',0,6187,6194
48,4,'ayah',0,6195,6204
48,5,'ayah',0,6205,6215
48,6,'ayah',0,6216,6223
48,7,'ayah',0,6224,6231
48,8,'ayah',0,6232,6239
48,9,'ayah',0,6240,6249
48,10,'ayah',0,6250,6258
48,11,'ayah',0,6259,6268
48,12,'ayah',0,6269,6275
48,13,'ayah',0,6276,6283
48,14,'ayah',0,6284,6291
48,15,'ayah',0,6292,6299
49,1,'ayah',0,6300,6308
49,2,'ayah',0,6309,6317
49,3,'ayah',0,6318,6325
49,4,'ayah',0,6326,6336
49,5,'ayah',0,6337,6346
49,6,'ayah',0,6347,6355
49,7,'ayah',0,6356,6365
49,8,'ayah',0,6366,6374
49,9,'ayah',0,6375,6383
49,10,'ayah',0,6384,6391
49,11,'ayah',0,6392,6401
49,12,'ayah',0,6402,6411
49,13,'ayah',0,6412,6421
49,14,'ayah',0,6422,6432
49,15,'ayah',0,6433,6439
50,1,'surah_name',1,3,
50,2,'basmallah',1,3,
50,3,'ayah',0,6440,6452
50,4,'ayah',0,6453,6462
50,5,'ayah',0,6463,6473
50,6,'ayah',0,6474,6485
50,7,'ayah',0,6486,6495
50,8,'ayah',0,6496,6507
50,9,'ayah',0,6508,6517
50,10,'ayah',0,6518,6527
50,11,'ayah',0,6528,6537
50,12,'ayah',0,6538,6549
50,13,'ayah',0,6550,6561
50,14,'ayah',0,6562,6572
50,15,'ayah',0,6573,6583
51,1,'ayah',0,6584,6592
51,2,'ayah',0,6593,6602
51,3,'ayah',0,6603,6611
51,4,'ayah',0,6612,6619
51,5,'ayah',0,6620,6627
51,6,'ayah',0,6628,6637
51,7,'ayah',0,6638,6644
51,8,'ayah',0,6645,6653
51,9,'ayah',0,6654,6661
51,10,'ayah',0,6662,6667
51,11,'ayah',0,6668,6673
51,12,'ayah',0,6674,6681
51,13,'ayah',0,6682,6690
51,14,'ayah',0,6691,6698
51,15,'ayah',0,6699,6705
52,1,'ayah',0,6706,6714
52,2,'ayah',0,6715,6720
52,3,'ayah',0,6721,6725
52,4,'ayah',0,6726,6736
52,5,'ayah',0,6737,6746
52,6,'ayah',0,6747,6755
52,7,'ayah',0,6756,6764
52,8,'ayah',0,6765,6774
52,9,'ayah',0,6775,6783
52,10,'ayah',0,6784,6791
52,11,'ayah',0,6792,6800
52,12,'ayah',0,6801,6807
52,13,'ayah',0,6808,6813
52,14,'ayah',0,6814,6820
52,15,'ayah',0,6821,6828
53,1,'ayah',0,6829,6839
53,2,'ayah',0,6840,6849
53,3,'ayah',0,6850,6859
53,4,'ayah',0,6860,6868
53,5,'ayah',0,6869,6878
53,6,'ayah',0,6879,6887
53,7,'ayah',0,6888,6897
53,8,'ayah',0,6898,6909
53,9,'ayah',0,6910,6919
53,10,'ayah',0,6920,6929
53,11,'ayah',0,6930,6938
53,12,'ayah',0,6939,6949
53,13,'ayah',0,6950,6958
53,14,'ayah',0,6959,6970
53,15,'ayah',0,6971,6980
54,1,'ayah',0,6981,6991
54,2,'ayah',0,6992,7001
54,3,'ayah',0,7002,7012
54,4,'ayah',0,7013,7021
54,5,'ayah',0,7022,7032
54,6,'ayah',0,7033,7041
54,7,'ayah',0,7042,7051
54,8,'ayah',0,7052,7062
54,9,'ayah',0,7063,7074
54,10,'ayah',0,7075,7084
54,11,'ayah',0,7085,7093
54,12,'ayah',0,7094,7101
54,13,'ayah',0,7102,7110
54,14,'ayah',0,7111,7120
54,15,'ayah',0,7121,7133
55,1,'ayah',0,7134,7144
55,2,'ayah',0,7145,7153
55,3,'ayah',0,7154,7163
55,4,'ayah',0,7164,7172
55,5,'ayah',0,7173,7182
55,6,'ayah',0,7183,7193
55,7,'ayah',0,7194,7203
55,8,'ayah',0,7204,7211
55,9,'ayah',0,7212,7218
55,10,'ayah',0,7219,7226
55,11,'ayah',0,7227,7235
55,12,'ayah',0,7236,7244
55,13,'ayah',0,7245,7253
55,14,'ayah',0,7254,7262
55,15,'ayah',0,7263,7272
56,1,'ayah',0,7273,7280
56,2,'ayah',0,7281,7291
56,3,'ayah',0,7292,7304
56,4,'ayah',0,7305,7310
56,5,'ayah',0,7311,7320
56,6,'ayah',0,7321,7329
56,7,'ayah',0,7330,7336
56,8,'ayah',0,7337,7345
56,9,'ayah',0,7346,7356
56,10,'ayah',0,7357,7364
56,11,'ayah',0,7365,7372
56,12,'ayah',0,7373,7381
56,13,'ayah',0,7382,7389
56,14,'ayah',0,7390,7398
56,15,'ayah',0,7399,7406
57,1,'ayah',0,7407,7414
57,2,'ayah',0,7415,7421
57,3,'ayah',0,7422,7430
57,4,'ayah',0,7431,7438
57,5,'ayah',0,7439,7447
57,6,'ayah',0,7448,7456
57,7,'ayah',0,7457,7464
57,8,'ayah',0,7465,7472
57,9,'ayah',0,7473,7480
57,10,'ayah',0,7481,7489
57,11,'ayah',0,7490,7500
57,12,'ayah',0,7501,7512
57,13,'ayah',0,7513,7524
57,14,'ayah',0,7525,7530
57,15,'ayah',0,7531,7538
58,1,'ayah',0,7539,7551
58,2,'ayah',0,7552,7561
58,3,'ayah',0,7562,7570
58,4,'ayah',0,7571,7581
58,5,'ayah',0,7582,7591
58,6,'ayah',0,7592,7598
58,7,'ayah',0,7599,7607
58,8,'ayah',0,7608,7615
58,9,'ayah',0,7616,7626
58,10,'ayah',0,7627,7637
58,11,'ayah',0,7638,7647
58,12,'ayah',0,7648,7656
58,13,'ayah',0,7657,7665
58,14,'ayah',0,7666,7673
58,15,'ayah',0,7674,7681
59,1,'ayah',0,7682,7689
59,2,'ayah',0,7690,7698
59,3,'ayah',0,7699,7707
59,4,'ayah',0,7708,7718
59,5,'ayah',0,7719,7729
59,6,'ayah',0,7730,7741
59,7,'ayah',0,7742,7750
59,8,'ayah',0,7751,7759
59,9,'ayah',0,7760,7770
59,10,'ayah',0,7771,7781
59,11,'ayah',0,7782,7789
59,12,'ayah',0,7790,7800
59,13,'ayah',0,7801,7809
59,14,'ayah',0,7810,7819
59,15,'ayah',0,7820,7827
60,1,'ayah',0,7828,7834
60,2,'ayah',0,7835,7842
60,3,'ayah',0,7843,7854
60,4,'ayah',0,7855,7864
60,5,'ayah',0,7865,7873
60,6,'ayah',0,7874,7882
60,7,'ayah',0,7883,7891
60,8,'ayah',0,7892,7900
60,9,'ayah',0,7901,7909
60,10,'ayah',0,7910,7917
60,11,'ayah',0,7918,7925
60,12,'ayah',0,7926,7934
60,13,'ayah',0,7935,7942
60,14,'ayah',0,7943,7951
60,15,'ayah',0,7952,7957
61,1,'ayah',0,7958,7967
61,2,'ayah',0,7968,7973
61,3,'ayah',0,7974,7982
61,4,'ayah',0,7983,7991
61,5,'ayah',0,7992,8001
61,6,'ayah',0,8002,8009
61,7,'ayah',0,8010,8018
61,8,'ayah',0,8019,8026
61,9,'ayah',0,8027,8034
61,10,'ayah',0,8035,8044
61,11,'ayah',0,8045,8054
61,12,'ayah',0,8055,8063
61,13,'ayah',0,8064,8072
61,14,'ayah',0,8073,8081
61,15,'ayah',0,8082,8092
62,1,'ayah',0,8093,8103
62,2,'ayah',0,8104,8113
62,3,'ayah',0,8114,8124
62,4,'ayah',0,8125,8132
62,5,'ayah',0,8133,8142
62,6,'ayah',0,8143,8152
62,7,'ayah',0,8153,8163
62,8,'ayah',0,8164,8172
62,9,'ayah',0,8173,8182
62,10,'ayah',0,8183,8193
62,11,'ayah',0,8194,8203
62,12,'ayah',0,8204,8213
62,13,'ayah',0,8214,8223
62,14,'ayah',0,8224,8232
62,15,'ayah',0,8233,8242
63,1,'ayah',0,8243,8250
63,2,'ayah',0,8251,8260
63,3,'ayah',0,8261,8271
63,4,'ayah',0,8272,8279
63,5,'ayah',0,8280,8289
63,6,'ayah',0,8290,8298
63,7,'ayah',0,8299,8307
63,8,'ayah',0,8308,8316
63,9,'ayah',0,8317,8324
63,10,'ayah',0,8325,8333
63,11,'ayah',0,8334,8342
63,12,'ayah',0,8343,8350
63,13,'ayah',0,8351,8359
63,14,'ayah',0,8360,8369
63,15,'ayah',0,8370,8379
64,1,'ayah',0,8380,8390
64,2,'ayah',0,8391,8398
64,3,'ayah',0,8399,8405
64,4,'ayah',0,8406,8412
64,5,'ayah',0,8413,8419
64,6,'ayah',0,8420,8428
64,7,'ayah',0,8429,8440
64,8,'ayah',0,8441,8448
64,9,'ayah',0,8449,8456
64,10,'ayah',0,8457,8465
64,11,'ayah',0,8466,8475
64,12,'ayah',0,8476,8482
64,13,'ayah',0,8483,8488
64,14,'ayah',0,8489,8496
64,15,'ayah',0,8497,8504
65,1,'ayah',0,8505,8513
65,2,'ayah',0,8514,8523
65,3,'ayah',0,8524,8533
65,4,'ayah',0,8534,8541
65,5,'ayah',0,8542,8549
65,6,'ayah',0,8550,8558
65,7,'ayah',0,8559,8568
65,8,'ayah',0,8569,8578
65,9,'ayah',0,8579,8586
65,10,'ayah',0,8587,8595
65,11,'ayah',0,8596,8606
65,12,'ayah',0,8607,8614
65,13,'ayah',0,8615,8622
65,14,'ayah',0,8623,8632
65,15,'ayah',0,8633,8640
66,1,'ayah',0,8641,8649
66,2,'ayah',0,8650,8658
66,3,'ayah',0,8659,8667
66,4,'ayah',0,8668,8676
66,5,'ayah',0,8677,8685
66,6,'ayah',0,8686,8693
66,7,'ayah',0,8694,8704
66,8,'ayah',0,8705,8714
66,9,'ayah',0,8715,8724
66,10,'ayah',0,8725,8734
66,11,'ayah',0,8735,8745
66,12,'ayah',0,8746,8754
66,13,'ayah',0,8755,8762
66,14,'ayah',0,8763,8770
66,15,'ayah',0,8771,8777
67,1,'ayah',0,8778,8784
67,2,'ayah',0,8785,8791
67,3,'ayah',0,8792,8797
67,4,'ayah',0,8798,8805
67,5,'ayah',0,8806,8813
67,6,'ayah',0,8814,8822
67,7,'ayah',0,8823,8830
67,8,'ayah',0,8831,8838
67,9,'ayah',0,8839,8848
67,10,'ayah',0,8849,8856
67,11,'ayah',0,8857,8864
67,12,'ayah',0,8865,8873
67,13,'ayah',0,8874,8882
67,14,'ayah',0,8883,8890
67,15,'ayah',0,8891,8899
68,1,'ayah',0,8900,8907
68,2,'ayah',0,8908,8916
68,3,'ayah',0,8917,8925
68,4,'ayah',0,8926,8935
68,5,'ayah',0,8936,8946
68,6,'ayah',0,8947,8955
68,7,'ayah',0,8956,8963
68,8,'ayah',0,8964,8973
68,9,'ayah',0,8974,8982
68,10,'ayah',0,8983,8991
68,11,'ayah',0,8992,9002
68,12,'ayah',0,9003,9011
68,13,'ayah',0,9012,9022
68,14,'ayah',0,9023,9030
68,15,'ayah',0,9031,9039
69,1,'ayah',0,9040,9046
69,2,'ayah',0,9047,9052
69,3,'ayah',0,9053,9060
69,4,'ayah',0,9061,9068
69,5,'ayah',0,9069,9076
69,6,'ayah',0,9077,9082
69,7,'ayah',0,9083,9089
69,8,'ayah',0,9090,9097
69,9,'ayah',0,9098,9104
69,10,'ayah',0,9105,9111
69,11,'ayah',0,9112,9119
69,12,'ayah',0,9120,9126
69,13,'ayah',0,9127,9131
69,14,'ayah',0,9132,9138
69,15,'ayah',0,9139,9146
70,1,'ayah',0,9147,9156
70,2,'ayah',0,9157,9164
70,3,'ayah',0,9165,9174
70,4,'ayah',0,9175,9186
70,5,'ayah',0,9187,9199
70,6,'ayah',0,9200,9208
70,7,'ayah',0,9209,9217
70,8,'ayah',0,9218,9226
70,9,'ayah',0,9227,9234
70,10,'ayah',0,9235,9245
70,11,'ayah',0,9246,9254
70,12,'ayah',0,9255,9266
70,13,'ayah',0,9267,9276
70,14,'ayah',0,9277,9286
70,15,'ayah',0,9287,9296
71,1,'ayah',0,9297,9307
71,2,'ayah',0,9308,9318
71,3,'ayah',0,9319,9327
71,4,'ayah',0,9328,9338
71,5,'ayah',0,9339,9348
71,6,'ayah',0,9349,9358
71,7,'ayah',0,9359,9369
71,8,'ayah',0,9370,9379
71,9,'ayah',0,9380,9389
71,10,'ayah',0,9390,9399
71,11,'ayah',0,9400,9410
71,12,'ayah',0,9411,9416
71,13,'ayah',0,9417,9425
71,14,'ayah',0,9426,9434
71,15,'ayah',0,9435,9446
72,1,'ayah',0,9447,9455
72,2,'ayah',0,9456,9466
72,3,'ayah',0,9467,9475
72,4,'ayah',0,9476,9483
72,5,'ayah',0,9484,9493
72,6,'ayah',0,9494,9502
72,7,'ayah',0,9503,9512
72,8,'ayah',0,9513,9522
72,9,'ayah',0,9523,9531
72,10,'ayah',0,9532,9541
72,11,'ayah',0,9542,9551
72,12,'ayah',0,9552,9560
72,13,'ayah',0,9561,9569
72,14,'ayah',0,9570,9579
72,15,'ayah',0,9580,9587
73,1,'ayah',0,9588,9596
73,2,'ayah',0,9597,9606
73,3,'ayah',0,9607,9615
73,4,'ayah',0,9616,9625
73,5,'ayah',0,9626,9636
73,6,'ayah',0,9637,9645
73,7,'ayah',0,9646,9655
73,8,'ayah',0,9656,9665
73,9,'ayah',0,9666,9676
73,10,'ayah',0,9677,9687
73,11,'ayah',0,9688,9698
73,12,'ayah',0,9699,9707
73,13,'ayah',0,9708,9717
73,14,'ayah',0,9718,9728
73,15,'ayah',0,9729,9737
74,1,'ayah',0,9738,9748
74,2,'ayah',0,9749,9756
74,3,'ayah',0,9757,9764
74,4,'ayah',0,9765,9773
74,5,'ayah',0,9774,9782
74,6,'ayah',0,9783,9791
74,7,'ayah',0,9792,9799
74,8,'ayah',0,9800,9808
74,9,'ayah',0,9809,9816
74,10,'ayah',0,9817,9823
74,11,'ayah',0,9824,9832
74,12,'ayah',0,9833,9839
74,13,'ayah',0,9840,9845
74,14,'ayah',0,9846,9852
74,15,'ayah',0,9853,9861
75,1,'ayah',0,9862,9870
75,2,'ayah',0,9871,9878
75,3,'ayah',0,9879,9887
75,4,'ayah',0,9888,9897
75,5,'ayah',0,9898,9906
75,6,'ayah',0,9907,9916
75,7,'ayah',0,9917,9923
75,8,'ayah',0,9924,9931
75,9,'ayah',0,9932,9938
75,10,'ayah',0,9939,9948
75,11,'ayah',0,9949,9958
75,12,'ayah',0,9959,9967
75,13,'ayah',0,9968,9976
75,14,'ayah',0,9977,9985
75,15,'ayah',0,9986,9996
76,1,'ayah',0,9997,10006
76,2,'ayah',0,10007,10015
76,3,'ayah',0,10016,10023
76,4,'ayah',0,10024,10030
76,5,'ayah',0,10031,10040
76,6,'ayah',0,10041,10050
76,7,'ayah',0,10051,10059
76,8,'ayah',0,10060,10068
76,9,'ayah',0,10069,10080
76,10,'ayah',0,10081,10089
76,11,'ayah',0,10090,10098
76,12,'ayah',0,10099,10106
76,13,'ayah',0,10107,10113
76,14,'ayah',0,10114,10120
76,15,'surah_name',1,4,
77,1,'basmallah',1,4,
77,2,'ayah',0,10121,10131
77,3,'ayah',0,10132,10141
77,4,'ayah',0,10142,10152
77,5,'ayah',0,10153,10162
77,6,'ayah',0,10163,10173
77,7,'ayah',0,10174,10185
77,8,'ayah',0,10186,10196
77,9,'ayah',0,10197,10207
77,10,'ayah',0,10208,10218
77,11,'ayah',0,10219,10228
77,12,'ayah',0,10229,10238
77,13,'ayah',0,10239,10248
77,14,'ayah',0,10249,10256
77,15,'ayah',0,10257,10265
78,1,'ayah',0,10266,10273
78,2,'ayah',0,10274,10283
78,3,'ayah',0,10284,10291
78,4,'ayah',0,10292,10298
78,5,'ayah',0,10299,10307
78,6,'ayah',0,10308,10315
78,7,'ayah',0,10316,10324
78,8,'ayah',0,10325,10331
78,9,'ayah',0,10332,10340
78,10,'ayah',0,10341,10350
78,11,'ayah',0,10351,10359
78,12,'ayah',0,10360,10371
78,13,'ayah',0,10372,10381
78,14,'ayah',0,10382,10391
78,15,'ayah',0,10392,10401
79,1,'ayah',0,10402,10409
79,2,'ayah',0,10410,10418
79,3,'ayah',0,10419,10426
79,4,'ayah',0,10427,10435
79,5,'ayah',0,10436,10443
79,6,'ayah',0,10444,10452
79,7,'ayah',0,10453,10462
79,8,'ayah',0,10463,10470
79,9,'ayah',0,10471,10479
79,10,'ayah',0,10480,10489
79,11,'ayah',0,10490,10497
79,12,'ayah',0,10498,10503
79,13,'ayah',0,10504,10509
79,14,'ayah',0,10510,10516
79,15,'ayah',0,10517,10523
80,1,'ayah',0,10524,10529
80,2,'ayah',0,10530,10536
80,3,'ayah',0,10537,10545
80,4,'ayah',0,10546,10552
80,5,'ayah',0,10553,10560
80,6,'ayah',0,10561,10569
80,7,'ayah',0,10570,10578
80,8,'ayah',0,10579,10585
80,9,'ayah',0,10586,10592
80,10,'ayah',0,10593,10601
80,11,'ayah',0,10602,10609
80,12,'ayah',0,10610,10619
80,13,'ayah',0,10620,10627
80,14,'ayah',0,10628,10633
80,15,'ayah',0,10634,10642
81,1,'ayah',0,10643,10649
81,2,'ayah',0,10650,10656
81,3,'ayah',0,10657,10664
81,4,'ayah',0,10665,10670
81,5,'ayah',0,10671,10678
81,6,'ayah',0,10679,10687
81,7,'ayah',0,10688,10693
81,8,'ayah',0,10694,10698
81,9,'ayah',0,10699,10704
81,10,'ayah',0,10705,10709
81,11,'ayah',0,10710,10715
81,12,'ayah',0,10716,10723
81,13,'ayah',0,10724,10729
81,14,'ayah',0,10730,10735
81,15,'ayah',0,10736,10745
82,1,'ayah',0,10746,10752
82,2,'ayah',0,10753,10762
82,3,'ayah',0,10763,10769
82,4,'ayah',0,10770,10776
82,5,'ayah',0,10777,10786
82,6,'ayah',0,10787,10795
82,7,'ayah',0,10796,10802
82,8,'ayah',0,10803,10809
82,9,'ayah',0,10810,10815
82,10,'ayah',0,10816,10821
82,11,'ayah',0,10822,10829
82,12,'ayah',0,10830,10837
82,13,'ayah',0,10838,10846
82,14,'ayah',0,10847,10854
82,15,'ayah',0,10855,10862
83,1,'ayah',0,10863,10870
83,2,'ayah',0,10871,10880
83,3,'ayah',0,10881,10887
83,4,'ayah',0,10888,10895
83,5,'ayah',0,10896,10903
83,6,'ayah',0,10904,10913
83,7,'ayah',0,10914,10921
83,8,'ayah',0,10922,10930
83,9,'ayah',0,10931,10936
83,10,'ayah',0,10937,10946
83,11,'ayah',0,10947,10953
83,12,'ayah',0,10954,10962
83,13,'ayah',0,10963,10970
83,14,'ayah',0,10971,10975
83,15,'ayah',0,10976,10984
84,1,'ayah',0,10985,10992
84,2,'ayah',0,10993,10999
84,3,'ayah',0,11000,11007
84,4,'ayah',0,11008,11012
84,5,'ayah',0,11013,11019
84,6,'ayah',0,11020,11028
84,7,'ayah',0,11029,11037
84,8,'ayah',0,11038,11047
84,9,'ayah',0,11048,11055
84,10,'ayah',0,11056,11061
84,11,'ayah',0,11062,11067
84,12,'ayah',0,11068,11077
84,13,'ayah',0,11078,11084
84,14,'ayah',0,11085,11090
84,15,'ayah',0,11091,11097
85,1,'ayah',0,11098,11104
85,2,'ayah',0,11105,11114
85,3,'ayah',0,11115,11124
85,4,'ayah',0,11125,11136
85,5,'ayah',0,11137,11145
85,6,'ayah',0,11146,11155
85,7,'ayah',0,11156,11164
85,8,'ayah',0,11165,11173
85,9,'ayah',0,11174,11182
85,10,'ayah',0,11183,11192
85,11,'ayah',0,11193,11203
85,12,'ayah',0,11204,11213
85,13,'ayah',0,11214,11220
85,14,'ayah',0,11221,11232
85,15,'ayah',0,11233,11240
86,1,'ayah',0,11241,11250
86,2,'ayah',0,11251,11258
86,3,'ayah',0,11259,11266
86,4,'ayah',0,11267,11276
86,5,'ayah',0,11277,11286
86,6,'ayah',0,11287,11296
86,7,'ayah',0,11297,11305
86,8,'ayah',0,11306,11315
86,9,'ayah',0,11316,11328
86,10,'ayah',0,11329,11338
86,11,'ayah',0,11339,11350
86,12,'ayah',0,11351,11360
86,13,'ayah',0,11361,11371
86,14,'ayah',0,11372,11377
86,15,'ayah',0,11378,11386
87,1,'ayah',0,11387,11398
87,2,'ayah',0,11399,11410
87,3,'ayah',0,11411,11420
87,4,'ayah',0,11421,11428
87,5,'ayah',0,11429,11439
87,6,'ayah',0,11440,11449
87,7,'ayah',0,11450,11457
87,8,'ayah',0,11458,11465
87,9,'ayah',0,11466,11474
87,10,'ayah',0,11475,11483
87,11,'ayah',0,11484,11493
87,12,'ayah',0,11494,11506
87,13,'ayah',0,11507,11516
87,14,'ayah',0,11517,11528
87,15,'ayah',0,11529,11537
88,1,'ayah',0,11538,11547
88,2,'ayah',0,11548,11556
88,3,'ayah',0,11557,11565
88,4,'ayah',0,11566,11575
88,5,'ayah',0,11576,11582
88,6,'ayah',0,11583,11589
88,7,'ayah',0,11590,11598
88,8,'ayah',0,11599,11606
88,9,'ayah',0,11607,11614
88,10,'ayah',0,11615,11623
88,11,'ayah',0,11624,11631
88,12,'ayah',0,11632,11637
88,13,'ayah',0,11638,11646
88,14,'ayah',0,11647,11654
88,15,'ayah',0,11655,11662
89,1,'ayah',0,11663,11672
89,2,'ayah',0,11673,11683
89,3,'ayah',0,11684,11693
89,4,'ayah',0,11694,11701
89,5,'ayah',0,11702,11711
89,6,'ayah',0,11712,11717
89,7,'ayah',0,11718,11725
89,8,'ayah',0,11726,11733
89,9,'ayah',0,11734,11743
89,10,'ayah',0,11744,11755
89,11,'ayah',0,11756,11764
89,12,'ayah',0,11765,11773
89,13,'ayah',0,11774,11781
89,14,'ayah',0,11782,11788
89,15,'ayah',0,11789,11798
90,1,'ayah',0,11799,11808
90,2,'ayah',0,11809,11817
90,3,'ayah',0,11818,11828
90,4,'ayah',0,11829,11838
90,5,'ayah',0,11839,11847
90,6,'ayah',0,11848,11859
90,7,'ayah',0,11860,11869
90,8,'ayah',0,11870,11880
90,9,'ayah',0,11881,11891
90,10,'ayah',0,11892,11901
90,11,'ayah',0,11902,11911
90,12,'ayah',0,11912,11921
90,13,'ayah',0,11922,11934
90,14,'ayah',0,11935,11946
90,15,'ayah',0,11947,11956
91,1,'ayah',0,11957,11966
91,2,'ayah',0,11967,11974
91,3,'ayah',0,11975,11983
91,4,'ayah',0,11984,11993
91,5,'ayah',0,11994,12004
91,6,'ayah',0,12005,12013
91,7,'ayah',0,12014,12023
91,8,'ayah',0,12024,12031
91,9,'ayah',0,12032,12039
91,10,'ayah',0,12040,12049
91,11,'ayah',0,12050,12059
91,12,'ayah',0,12060,12068
91,13,'ayah',0,12069,12078
91,14,'ayah',0,12079,12089
91,15,'ayah',0,12090,12101
92,1,'ayah',0,12102,12113
92,2,'ayah',0,12114,12123
92,3,'ayah',0,12124,12132
92,4,'ayah',0,12133,12144
92,5,'ayah',0,12145,12153
92,6,'ayah',0,12154,12162
92,7,'ayah',0,12163,12171
92,8,'ayah',0,12172,12181
92,9,'ayah',0,12182,12190
92,10,'ayah',0,12191,12198
92,11,'ayah',0,12199,12208
92,12,'ayah',0,12209,12216
92,13,'ayah',0,12217,12227
92,14,'ayah',0,12228,12233
92,15,'ayah',0,12234,12241
93,1,'ayah',0,12242,12251
93,2,'ayah',0,12252,12259
93,3,'ayah',0,12260,12269
93,4,'ayah',0,12270,12276
93,5,'ayah',0,12277,12283
93,6,'ayah',0,12284,12291
93,7,'ayah',0,12292,12298
93,8,'ayah',0,12299,12305
93,9,'ayah',0,12306,12311
93,10,'ayah',0,12312,12320
93,11,'ayah',0,12321,12330
93,12,'ayah',0,12331,12337
93,13,'ayah',0,12338,12344
93,14,'ayah',0,12345,12351
93,15,'ayah',0,12352,12359
94,1,'ayah',0,12360,12368
94,2,'ayah',0,12369,12377
94,3,'ayah',0,12378,12387
94,4,'ayah',0,12388,12396
94,5,'ayah',0,12397,12406
94,6,'ayah',0,12407,12416
94,7,'ayah',0,12417,12426
94,8,'ayah',0,12427,12434
94,9,'ayah',0,12435,12443
94,10,'ayah',0,12444,12454
94,11,'ayah',0,12455,12465
94,12,'ayah',0,12466,12476
94,13,'ayah',0,12477,12488
94,14,'ayah',0,12489,12499
94,15,'ayah',0,12500,12510
95,1,'ayah',0,12511,12518
95,2,'ayah',0,12519,12525
95,3,'ayah',0,12526,12532
95,4,'ayah',0,12533,12539
95,5,'ayah',0,12540,12546
95,6,'ayah',0,12547,12555
95,7,'ayah',0,12556,12564
95,8,'ayah',0,12565,12573
95,9,'ayah',0,12574,12581
95,10,'ayah',0,12582,12588
95,11,'ayah',0,12589,12596
95,12,'ayah',0,12597,12605
95,13,'ayah',0,12606,12615
95,14,'ayah',0,12616,12624
95,15,'ayah',0,12625,12633
96,1,'ayah',0,12634,12643
96,2,'ayah',0,12644,12653
96,3,'ayah',0,12654,12661
96,4,'ayah',0,12662,12673
96,5,'ayah',0,12674,12681
96,6,'ayah',0,12682,12690
96,7,'ayah',0,12691,12699
96,8,'ayah',0,12700,12709
96,9,'ayah',0,12710,12718
96,10,'ayah',0,12719,12728
96,11,'ayah',0,12729,12739
96,12,'ayah',0,12740,12747
96,13,'ayah',0,12748,12755
96,14,'ayah',0,12756,12762
96,15,'ayah',0,12763,12772
97,1,'ayah',0,12773,12782
97,2,'ayah',0,12783,12791
97,3,'ayah',0,12792,12800
97,4,'ayah',0,12801,12810
97,5,'ayah',0,12811,12818
97,6,'ayah',0,12819,12830
97,7,'ayah',0,12831,12840
97,8,'ayah',0,12841,12849
97,9,'ayah',0,12850,12857
97,10,'ayah',0,12858,12864
97,11,'ayah',0,12865,12869
97,12,'ayah',0,12870,12876
97,13,'ayah',0,12877,12884
97,14,'ayah',0,12885,12892
97,15,'ayah',0,12893,12900
98,1,'ayah',0,12901,12905
98,2,'ayah',0,12906,12914
98,3,'ayah',0,12915,12924
98,4,'ayah',0,12925,12933
98,5,'ayah',0,12934,12944
98,6,'ayah',0,12945,12953
98,7,'ayah',0,12954,12961
98,8,'ayah',0,12962,12970
98,9,'ayah',0,12971,12980
98,10,'ayah',0,12981,12989
98,11,'ayah',0,12990,12997
98,12,'ayah',0,12998,13006
98,13,'ayah',0,13007,13015
98,14,'ayah',0,13016,13021
98,15,'ayah',0,13022,13032
99,1,'ayah',0,13033,13042
99,2,'ayah',0,13043,13050
99,3,'ayah',0,13051,13058
99,4,'ayah',0,13059,13066
99,5,'ayah',0,13067,13074
99,6,'ayah',0,13075,13081
99,7,'ayah',0,13082,13090
99,8,'ayah',0,13091,13100
99,9,'ayah',0,13101,13109
99,10,'ayah',0,13110,13119
99,11,'ayah',0,13120,13130
99,12,'ayah',0,13131,13141
99,13,'ayah',0,13142,13149
99,14,'ayah',0,13150,13160
99,15,'ayah',0,13161,13169
100,1,'ayah',0,13170,13177
100,2,'ayah',0,13178,13186
100,3,'ayah',0,13187,13197
100,4,'ayah',0,13198,13208
100,5,'ayah',0,13209,13216
100,6,'ayah',0,13217,13225
100,7,'ayah',0,13226,13233
100,8,'ayah',0,13234,13243
100,9,'ayah',0,13244,13255
100,10,'ayah',0,13256,13265
100,11,'ayah',0,13266,13272
100,12,'ayah',0,13273,13283
100,13,'ayah',0,13284,13294
100,14,'ayah',0,13295,13304
100,15,'ayah',0,13305,13313
101,1,'ayah',0,13314,13324
101,2,'ayah',0,13325,13333
101,3,'ayah',0,13334,13341
101,4,'ayah',0,13342,13350
101,5,'ayah',0,13351,13359
101,6,'ayah',0,13360,13368
101,7,'ayah',0,13369,13379
101,8,'ayah',0,13380,13390
101,9,'ayah',0,13391,13398
101,10,'ayah',0,13399,13407
101,11,'ayah',0,13408,13417
101,12,'ayah',0,13418,13424
101,13,'ayah',0,13425,13432
101,14,'ayah',0,13433,13440
101,15,'ayah',0,13441,13448
102,1,'ayah',0,13449,13459
102,2,'ayah',0,13460,13471
102,3,'ayah',0,13472,13481
102,4,'ayah',0,13482,13489
102,5,'ayah',0,13490,13495
102,6,'ayah',0,13496,13504
102,7,'ayah',0,13505,13512
102,8,'ayah',0,13513,13521
102,9,'ayah',0,13522,13529
102,10,'ayah',0,13530,13539
102,11,'ayah',0,13540,13548
102,12,'ayah',0,13549,13557
102,13,'ayah',0,13558,13566
102,14,'ayah',0,13567,13575
102,15,'ayah',0,13576,13586
103,1,'ayah',0,13587,13594
103,2,'ayah',0,13595,13604
103,3,'ayah',0,13605,13613
103,4,'ayah',0,13614,13623
103,5,'ayah',0,13624,13634
103,6,'ayah',0,13635,13647
103,7,'ayah',0,13648,13659
103,8,'ayah',0,13660,13670
103,9,'ayah',0,13671,13679
103,10,'ayah',0,13680,13688
103,11,'ayah',0,13689,13698
103,12,'ayah',0,13699,13706
103,13,'ayah',0,13707,13716
103,14,'ayah',0,13717,13723
103,15,'ayah',0,13724,13732
104,1,'ayah',0,13733,13742
104,2,'ayah',0,13743,13748
104,3,'ayah',0,13749,13754
104,4,'ayah',0,13755,13762
104,5,'ayah',0,13763,13771
104,6,'ayah',0,13772,13778
104,7,'ayah',0,13779,13788
104,8,'ayah',0,13789,13797
104,9,'ayah',0,13798,13805
104,10,'ayah',0,13806,13814
104,11,'ayah',0,13815,13825
104,12,'ayah',0,13826,13834
104,13,'ayah',0,13835,13844
104,14,'ayah',0,13845,13853
104,15,'ayah',0,13854,13864
105,1,'ayah',0,13865,13872
105,2,'ayah',0,13873,13882
105,3,'ayah',0,13883,13891
105,4,'ayah',0,13892,13901
105,5,'ayah',0,13902,13911
105,6,'ayah',0,13912,13920
105,7,'ayah',0,13921,13928
105,8,'ayah',0,13929,13934
105,9,'ayah',0,13935,13942
105,10,'ayah',0,13943,13949
105,11,'ayah',0,13950,13955
105,12,'ayah',0,13956,13966
105,13,'ayah',0,13967,13976
105,14,'ayah',0,13977,13983
105,15,'ayah',0,13984,13992
106,1,'ayah',0,13993,14001
106,2,'ayah',0,14002,14012
106,3,'ayah',0,14013,14024
106,4,'ayah',0,14025,14033
106,5,'ayah',0,14034,14043
106,6,'surah_name',1,5,
106,7,'basmallah',1,5,
106,8,'ayah',0,14044,14051
106,9,'ayah',0,14052,14063
106,10,'ayah',0,14064,14074
106,11,'ayah',0,14075,14084
106,12,'ayah',0,14085,14093
106,13,'ayah',0,14094,14101
106,14,'ayah',0,14102,14110
106,15,'ayah',0,14111,14120
107,1,'ayah',0,14121,14130
107,2,'ayah',0,14131,14137
107,3,'ayah',0,14138,14147
107,4,'ayah',0,14148,14156
107,5,'ayah',0,14157,14164
107,6,'ayah',0,14165,14173
107,7,'ayah',0,14174,14182
107,8,'ayah',0,14183,14192
107,9,'ayah',0,14193,14202
107,10,'ayah',0,14203,14213
107,11,'ayah',0,14214,14223
107,12,'ayah',0,14224,14231
107,13,'ayah',0,14232,14240
107,14,'ayah',0,14241,14248
107,15,'ayah',0,14249,14258
108,1,'ayah',0,14259,14266
108,2,'ayah',0,14267,14272
108,3,'ayah',0,14273,14279
108,4,'ayah',0,14280,14291
108,5,'ayah',0,14292,14300
108,6,'ayah',0,14301,14307
108,7,'ayah',0,14308,14314
108,8,'ayah',0,14315,14320
108,9,'ayah',0,14321,14327
108,10,'ayah',0,14328,14338
108,11,'ayah',0,14339,14346
108,12,'ayah',0,14347,14353
108,13,'ayah',0,14354,14362
108,14,'ayah',0,14363,14371
108,15,'ayah',0,14372,14378
109,1,'ayah',0,14379,14384
109,2,'ayah',0,14385,14391
109,3,'ayah',0,14392,14400
109,4,'ayah',0,14401,14408
109,5,'ayah',0,14409,14415
109,6,'ayah',0,14416,14423
109,7,'ayah',0,14424,14430
109,8,'ayah',0,14431,14436
109,9,'ayah',0,14437,14441
109,10,'ayah',0,14442,14449
109,11,'ayah',0,14450,14457
109,12,'ayah',0,14458,14463
109,13,'ayah',0,14464,14470
109,14,'ayah',0,14471,14481
109,15,'ayah',0,14482,14489
110,1,'ayah',0,14490,14496
110,2,'ayah',0,14497,14504
110,3,'ayah',0,14505,14511
110,4,'ayah',0,14512,14517
110,5,'ayah',0,14518,14524
110,6,'ayah',0,14525,14530
110,7,'ayah',0,14531,14537
110,8,'ayah',0,14538,14545
110,9,'ayah',0,14546,14551
110,10,'ayah',0,14552,14557
110,11,'ayah',0,14558,14566
110,12,'ayah',0,14567,14576
110,13,'ayah',0,14577,14584
110,14,'ayah',0,14585,14590
110,15,'ayah',0,14591,14601
111,1,'ayah',0,14602,14609
111,2,'ayah',0,14610,14619
111,3,'ayah',0,14620,14627
111,4,'ayah',0,14628,14636
111,5,'ayah',0,14637,14647
111,6,'ayah',0,14648,14658
111,7,'ayah',0,14659,14667
111,8,'ayah',0,14668,14676
111,9,'ayah',0,14677,14686
111,10,'ayah',0,14687,14696
111,11,'ayah',0,14697,14705
111,12,'ayah',0,14706,14714
111,13,'ayah',0,14715,14722
111,14,'ayah',0,14723,14730
111,15,'ayah',0,14731,14739
112,1,'ayah',0,14740,14749
112,2,'ayah',0,14750,14758
112,3,'ayah',0,14759,14768
112,4,'ayah',0,14769,14776
112,5,'ayah',0,14777,14784
112,6,'ayah',0,14785,14794
112,7,'ayah',0,14795,14803
112,8,'ayah',0,14804,14814
112,9,'ayah',0,14815,14824
112,10,'ayah',0,14825,14834
112,11,'ayah',0,14835,14842
112,12,'ayah',0,14843,14851
112,13,'ayah',0,14852,14860
112,14,'ayah',0,14861,14869
112,15,'ayah',0,14870,14877
113,1,'ayah',0,14878,14887
113,2,'ayah',0,14888,14896
113,3,'ayah',0,14897,14903
113,4,'ayah',0,14904,14911
113,5,'ayah',0,14912,14919
113,6,'ayah',0,14920,14927
113,7,'ayah',0,14928,14935
113,8,'ayah',0,14936,14943
113,9,'ayah',0,14944,14952
113,10,'ayah',0,14953,14962
113,11,'ayah',0,14963,14970
113,12,'ayah',0,14971,14978
113,13,'ayah',0,14979,14986
113,14,'ayah',0,14987,14996
113,15,'ayah',0,14997,15006
114,1,'ayah',0,15007,15015
114,2,'ayah',0,15016,15022
114,3,'ayah',0,15023,15032
114,4,'ayah',0,15033,15042
114,5,'ayah',0,15043,15054
114,6,'ayah',0,15055,15062
114,7,'ayah',0,15063,15070
114,8,'ayah',0,15071,15078
114,9,'ayah',0,15079,15086
114,10,'ayah',0,15087,15091
114,11,'ayah',0,15092,15099
114,12,'ayah',0,15100,15108
114,13,'ayah',0,15109,15118
114,14,'ayah',0,15119,15128
114,15,'ayah',0,15129,15136
115,1,'ayah',0,15137,15142
115,2,'ayah',0,15143,15151
115,3,'ayah',0,15152,15158
115,4,'ayah',0,15159,15166
115,5,'ayah',0,15167,15175
115,6,'ayah',0,15176,15183
115,7,'ayah',0,15184,15191
115,8,'ayah',0,15192,15198
115,9,'ayah',0,15199,15205
115,10,'ayah',0,15206,15214
115,11,'ayah',0,15215,15223
115,12,'ayah',0,15224,15230
115,13,'ayah',0,15231,15236
115,14,'ayah',0,15237,15244
115,15,'ayah',0,15245,15253
116,1,'ayah',0,15254,15264
116,2,'ayah',0,15265,15273
116,3,'ayah',0,15274,15281
116,4,'ayah',0,15282,15292
116,5,'ayah',0,15293,15300
116,6,'ayah',0,15301,15308
116,7,'ayah',0,15309,15317
116,8,'ayah',0,15318,15326
116,9,'ayah',0,15327,15336
116,10,'ayah',0,15337,15343
116,11,'ayah',0,15344,15353
116,12,'ayah',0,15354,15362
116,13,'ayah',0,15363,15375
116,14,'ayah',0,15376,15384
116,15,'ayah',0,15385,15394
117,1,'ayah',0,15395,15403
117,2,'ayah',0,15404,15415
117,3,'ayah',0,15416,15424
117,4,'ayah',0,15425,15436
117,5,'ayah',0,15437,15446
117,6,'ayah',0,15447,15455
117,7,'ayah',0,15456,15463
117,8,'ayah',0,15464,15475
117,9,'ayah',0,15476,15484
117,10,'ayah',0,15485,15496
117,11,'ayah',0,15497,15507
117,12,'ayah',0,15508,15517
117,13,'ayah',0,15518,15528
117,14,'ayah',0,15529,15539
117,15,'ayah',0,15540,15550
118,1,'ayah',0,15551,15560
118,2,'ayah',0,15561,15572
118,3,'ayah',0,15573,15585
118,4,'ayah',0,15586,15597
118,5,'ayah',0,15598,15606
118,6,'ayah',0,15607,15616
118,7,'ayah',0,15617,15628
118,8,'ayah',0,15629,15637
118,9,'ayah',0,15638,15646
118,10,'ayah',0,15647,15655
118,11,'ayah',0,15656,15665
118,12,'ayah',0,15666,15675
118,13,'ayah',0,15676,15686
118,14,'ayah',0,15687,15696
118,15,'ayah',0,15697,15705
119,1,'ayah',0,15706,15713
119,2,'ayah',0,15714,15721
119,3,'ayah',0,15722,15730
119,4,'ayah',0,15731,15739
119,5,'ayah',0,15740,15749
119,6,'ayah',0,15750,15759
119,7,'ayah',0,15760,15770
119,8,'ayah',0,15771,15778
119,9,'ayah',0,15779,15788
119,10,'ayah',0,15789,15798
119,11,'ayah',0,15799,15806
119,12,'ayah',0,15807,15815
119,13,'ayah',0,15816,15824
119,14,'ayah',0,15825,15832
119,15,'ayah',0,15833,15840
120,1,'ayah',0,15841,15849
120,2,'ayah',0,15850,15858
120,3,'ayah',0,15859,15867
120,4,'ayah',0,15868,15875
120,5,'ayah',0,15876,15886
120,6,'ayah',0,15887,15894
120,7,'ayah',0,15895,15904
120,8,'ayah',0,15905,15914
120,9,'ayah',0,15915,15922
120,10,'ayah',0,15923,15929
120,11,'ayah',0,15930,15939
120,12,'ayah',0,15940,15945
120,13,'ayah',0,15946,15953
120,14,'ayah',0,15954,15962
120,15,'ayah',0,15963,15972
121,1,'ayah',0,15973,15981
121,2,'ayah',0,15982,15990
121,3,'ayah',0,15991,15998
121,4,'ayah',0,15999,16006
121,5,'ayah',0,16007,16014
121,6,'ayah',0,16015,16021
121,7,'ayah',0,16022,16028
121,8,'ayah',0,16029,16036
121,9,'ayah',0,16037,16045
121,10,'ayah',0,16046,16053
121,11,'ayah',0,16054,16060
121,12,'ayah',0,16061,16068
121,13,'ayah',0,16069,16074
121,14,'ayah',0,16075,16082
121,15,'ayah',0,16083,16088
122,1,'ayah',0,16089,16098
122,2,'ayah',0,16099,16108
122,3,'ayah',0,16109,16119
122,4,'ayah',0,16120,16128
122,5,'ayah',0,16129,16138
122,6,'ayah',0,16139,16145
122,7,'ayah',0,16146,16153
122,8,'ayah',0,16154,16164
122,9,'ayah',0,16165,16174
122,10,'ayah',0,16175,16184
122,11,'ayah',0,16185,16192
122,12,'ayah',0,16193,16200
122,13,'ayah',0,16201,16210
122,14,'ayah',0,16211,16218
122,15,'ayah',0,16219,16227
123,1,'ayah',0,16228,16236
123,2,'ayah',0,16237,16245
123,3,'ayah',0,16246,16254
123,4,'ayah',0,16255,16265
123,5,'ayah',0,16266,16274
123,6,'ayah',0,16275,16283
123,7,'ayah',0,16284,16292
123,8,'ayah',0,16293,16302
123,9,'ayah',0,16303,16312
123,10,'ayah',0,16313,16322
123,11,'ayah',0,16323,16333
123,12,'ayah',0,16334,16345
123,13,'ayah',0,16346,16356
123,14,'ayah',0,16357,16367
123,15,'ayah',0,16368,16378
124,1,'ayah',0,16379,16387
124,2,'ayah',0,16388,16397
124,3,'ayah',0,16398,16404
124,4,'ayah',0,16405,16412
124,5,'ayah',0,16413,16424
124,6,'ayah',0,16425,16434
124,7,'ayah',0,16435,16445
124,8,'ayah',0,16446,16454
124,9,'ayah',0,16455,16462
124,10,'ayah',0,16463,16470
124,11,'ayah',0,16471,16481
124,12,'ayah',0,16482,16492
124,13,'ayah',0,16493,16501
124,14,'ayah',0,16502,16513
124,15,'ayah',0,16514,16523
125,1,'ayah',0,16524,16534
125,2,'ayah',0,16535,16544
125,3,'ayah',0,16545,16553
125,4,'ayah',0,16554,16563
125,5,'ayah',0,16564,16572
125,6,'ayah',0,16573,16581
125,7,'ayah',0,16582,16592
125,8,'ayah',0,16593,16599
125,9,'ayah',0,16600,16611
125,10,'ayah',0,16612,16623
125,11,'ayah',0,16624,16631
125,12,'ayah',0,16632,16638
125,13,'ayah',0,16639,16648
125,14,'ayah',0,16649,16660
125,15,'ayah',0,16661,16670
126,1,'ayah',0,16671,16680
126,2,'ayah',0,16681,16692
126,3,'ayah',0,16693,16700
126,4,'ayah',0,16701,16708
126,5,'ayah',0,16709,16714
126,6,'ayah',0,16715,16723
126,7,'ayah',0,16724,16730
126,8,'ayah',0,16731,16738
126,9,'ayah',0,16739,16748
126,10,'ayah',0,16749,16757
126,11,'ayah',0,16758,16766
126,12,'ayah',0,16767,16774
126,13,'ayah',0,16775,16784
126,14,'ayah',0,16785,16793
126,15,'ayah',0,16794,16802
127,1,'ayah',0,16803,16813
127,2,'ayah',0,16814,16822
127,3,'ayah',0,16823,16833
127,4,'ayah',0,16834,16843
127,5,'ayah',0,16844,16853
127,6,'ayah',0,16854,16864
127,7,'ayah',0,16865,16877
127,8,'ayah',0,16878,16889
127,9,'ayah',0,16890,16901
127,10,'ayah',0,16902,16911
127,11,'ayah',0,16912,16922
127,12,'ayah',0,16923,16934
127,13,'ayah',0,16935,16943
127,14,'ayah',0,16944,16955
127,15,'ayah',0,16956,16967
128,1,'surah_name',1,6,
128,2,'basmallah',1,6,
128,3,'ayah',0,16968,16975
128,4,'ayah',0,16976,16984
128,5,'ayah',0,16985,16995
128,6,'ayah',0,16996,17005
128,7,'ayah',0,17006,17015
128,8,'ayah',0,17016,17025
128,9,'ayah',0,17026,17036
128,10,'ayah',0,17037,17048
128,11,'ayah',0,17049,17056
128,12,'ayah',0,17057,17065
128,13,'ayah',0,17066,17075
128,14,'ayah',0,17076,17087
128,15,'ayah',0,17088,17098
129,1,'ayah',0,17099,17106
129,2,'ayah',0,17107,17114
129,3,'ayah',0,17115,17122
129,4,'ayah',0,17123,17131
129,5,'ayah',0,17132,17141
129,6,'ayah',0,17142,17149
129,7,'ayah',0,17150,17158
129,8,'ayah',0,17159,17168
129,9,'ayah',0,17169,17179
129,10,'ayah',0,17180,17190
129,11,'ayah',0,17191,17199
129,12,'ayah',0,17200,17209
129,13,'ayah',0,17210,17218
129,14,'ayah',0,17219,17230
129,15,'ayah',0,17231,17240
130,1,'ayah',0,17241,17253
130,2,'ayah',0,17254,17263
130,3,'ayah',0,17264,17276
130,4,'ayah',0,17277,17284
130,5,'ayah',0,17285,17294
130,6,'ayah',0,17295,17306
130,7,'ayah',0,17307,17316
130,8,'ayah',0,17317,17328
130,9,'ayah',0,17329,17339
130,10,'ayah',0,17340,17350
130,11,'ayah',0,17351,17361
130,12,'ayah',0,17362,17373
130,13,'ayah',0,17374,17383
130,14,'ayah',0,17384,17395
130,15,'ayah',0,17396,17406
131,1,'ayah',0,17407,17420
131,2,'ayah',0,17421,17431
131,3,'ayah',0,17432,17442
131,4,'ayah',0,17443,17452
131,5,'ayah',0,17453,17463
131,6,'ayah',0,17464,17473
131,7,'ayah',0,17474,17484
131,8,'ayah',0,17485,17493
131,9,'ayah',0,17494,17503
131,10,'ayah',0,17504,17511
131,11,'ayah',0,17512,17522
131,12,'ayah',0,17523,17531
131,13,'ayah',0,17532,17541
131,14,'ayah',0,17542,17552
131,15,'ayah',0,17553,17561
132,1,'ayah',0,17562,17570
132,2,'ayah',0,17571,17582
132,3,'ayah',0,17583,17593
132,4,'ayah',0,17594,17604
132,5,'ayah',0,17605,17615
132,6,'ayah',0,17616,17625
132,7,'ayah',0,17626,17634
132,8,'ayah',0,17635,17644
132,9,'ayah',0,17645,17654
132,10,'ayah',0,17655,17664
132,11,'ayah',0,17665,17673
132,12,'ayah',0,17674,17682
132,13,'ayah',0,17683,17690
132,14,'ayah',0,17691,17699
132,15,'ayah',0,17700,17710
133,1,'ayah',0,17711,17720
133,2,'ayah',0,17721,17730
133,3,'ayah',0,17731,17740
133,4,'ayah',0,17741,17750
133,5,'ayah',0,17751,17760
133,6,'ayah',0,17761,17768
133,7,'ayah',0,17769,17778
133,8,'ayah',0,17779,17788
133,9,'ayah',0,17789,17799
133,10,'ayah',0,17800,17810
133,11,'ayah',0,17811,17819
133,12,'ayah',0,17820,17830
133,13,'ayah',0,17831,17839
133,14,'ayah',0,17840,17849
133,15,'ayah',0,17850,17857
134,1,'ayah',0,17858,17865
134,2,'ayah',0,17866,17874
134,3,'ayah',0,17875,17882
134,4,'ayah',0,17883,17891
134,5,'ayah',0,17892,17901
134,6,'ayah',0,17902,17908
134,7,'ayah',0,17909,17921
134,8,'ayah',0,17922,17930
134,9,'ayah',0,17931,17941
134,10,'ayah',0,17942,17951
134,11,'ayah',0,17952,17961
134,12,'ayah',0,17962,17968
134,13,'ayah',0,17969,17978
134,14,'ayah',0,17979,17988
134,15,'ayah',0,17989,18000
135,1,'ayah',0,18001,18009
135,2,'ayah',0,18010,18017
135,3,'ayah',0,18018,18027
135,4,'ayah',0,18028,18036
135,5,'ayah',0,18037,18047
135,6,'ayah',0,18048,18058
135,7,'ayah',0,18059,18068
135,8,'ayah',0,18069,18079
135,9,'ayah',0,18080,18091
135,10,'ayah',0,18092,18102
135,11,'ayah',0,18103,18111
135,12,'ayah',0,18112,18122
135,13,'ayah',0,18123,18132
135,14,'ayah',0,18133,18142
135,15,'ayah',0,18143,18151
136,1,'ayah',0,18152,18160
136,2,'ayah',0,18161,18167
136,3,'ayah',0,18168,18175
136,4,'ayah',0,18176,18186
136,5,'ayah',0,18187,18196
136,6,'ayah',0,18197,18205
136,7,'ayah',0,18206,18215
136,8,'ayah',0,18216,18227
136,9,'ayah',0,18228,18235
136,10,'ayah',0,18236,18245
136,11,'ayah',0,18246,18253
136,12,'ayah',0,18254,18261
136,13,'ayah',0,18262,18268
136,14,'ayah',0,18269,18277
136,15,'ayah',0,18278,18284
137,1,'ayah',0,18285,18293
137,2,'ayah',0,18294,18302
137,3,'ayah',0,18303,18309
137,4,'ayah',0,18310,18321
137,5,'ayah',0,18322,18331
137,6,'ayah',0,18332,18342
137,7,'ayah',0,18343,18352
137,8,'ayah',0,18353,18362
137,9,'ayah',0,18363,18369
137,10,'ayah',0,18370,18378
137,11,'ayah',0,18379,18388
137,12,'ayah',0,18389,18399
137,13,'ayah',0,18400,18406
137,14,'ayah',0,18407,18415
137,15,'ayah',0,18416,18424
138,1,'ayah',0,18425,18433
138,2,'ayah',0,18434,18441
138,3,'ayah',0,18442,18451
138,4,'ayah',0,18452,18458
138,5,'ayah',0,18459,18466
138,6,'ayah',0,18467,18473
138,7,'ayah',0,18474,18481
138,8,'ayah',0,18482,18488
138,9,'ayah',0,18489,18495
138,10,'ayah',0,18496,18504
138,11,'ayah',0,18505,18515
138,12,'ayah',0,18516,18523
138,13,'ayah',0,18524,18534
138,14,'ayah',0,18535,18543
138,15,'ayah',0,18544,18552
139,1,'ayah',0,18553,18566
139,2,'ayah',0,18567,18577
139,3,'ayah',0,18578,18586
139,4,'ayah',0,18587,18597
139,5,'ayah',0,18598,18606
139,6,'ayah',0,18607,18615
139,7,'ayah',0,18616,18625
139,8,'ayah',0,18626,18638
139,9,'ayah',0,18639,18649
139,10,'ayah',0,18650,18655
139,11,'ayah',0,18656,18665
139,12,'ayah',0,18666,18673
139,13,'ayah',0,18674,18682
139,14,'ayah',0,18683,18691
139,15,'ayah',0,18692,18700
140,1,'ayah',0,18701,18710
140,2,'ayah',0,18711,18720
140,3,'ayah',0,18721,18728
140,4,'ayah',0,18729,18737
140,5,'ayah',0,18738,18747
140,6,'ayah',0,18748,18756
140,7,'ayah',0,18757,18765
140,8,'ayah',0,18766,18775
140,9,'ayah',0,18776,18784
140,10,'ayah',0,18785,18792
140,11,'ayah',0,18793,18803
140,12,'ayah',0,18804,18812
140,13,'ayah',0,18813,18821
140,14,'ayah',0,18822,18830
140,15,'ayah',0,18831,18842
141,1,'ayah',0,18843,18852
141,2,'ayah',0,18853,18861
141,3,'ayah',0,18862,18869
141,4,'ayah',0,18870,18879
141,5,'ayah',0,18880,18887
141,6,'ayah',0,18888,18894
141,7,'ayah',0,18895,18906
141,8,'ayah',0,18907,18916
141,9,'ayah',0,18917,18925
141,10,'ayah',0,18926,18936
141,11,'ayah',0,18937,18946
141,12,'ayah',0,18947,18955
141,13,'ayah',0,18956,18966
141,14,'ayah',0,18967,18975
141,15,'ayah',0,18976,18984
142,1,'ayah',0,18985,18992
142,2,'ayah',0,18993,19004
142,3,'ayah',0,19005,19012
142,4,'ayah',0,19013,19020
142,5,'ayah',0,19021,19030
142,6,'ayah',0,19031,19038
142,7,'ayah',0,19039,19046
142,8,'ayah',0,19047,19054
142,9,'ayah',0,19055,19063
142,10,'ayah',0,19064,19072
142,11,'ayah',0,19073,19081
142,12,'ayah',0,19082,19091
142,13,'ayah',0,19092,19102
142,14,'ayah',0,19103,19111
142,15,'ayah',0,19112,19122
143,1,'ayah',0,19123,19133
143,2,'ayah',0,19134,19144
143,3,'ayah',0,19145,19153
143,4,'ayah',0,19154,19161
143,5,'ayah',0,19162,19171
143,6,'ayah',0,19172,19180
143,7,'ayah',0,19181,19187
143,8,'ayah',0,19188,19197
143,9,'ayah',0,19198,19206
143,10,'ayah',0,19207,19214
143,11,'ayah',0,19215,19222
143,12,'ayah',0,19223,19230
143,13,'ayah',0,19231,19242
143,14,'ayah',0,19243,19249
143,15,'ayah',0,19250,19258
144,1,'ayah',0,19259,19268
144,2,'ayah',0,19269,19276
144,3,'ayah',0,19277,19284
144,4,'ayah',0,19285,19293
144,5,'ayah',0,19294,19302
144,6,'ayah',0,19303,19311
144,7,'ayah',0,19312,19319
144,8,'ayah',0,19320,19328
144,9,'ayah',0,19329,19340
144,10,'ayah',0,19341,19349
144,11,'ayah',0,19350,19358
144,12,'ayah',0,19359,19365
144,13,'ayah',0,19366,19374
144,14,'ayah',0,19375,19382
144,15,'ayah',0,19383,19392
145,1,'ayah',0,19393,19400
145,2,'ayah',0,19401,19408
145,3,'ayah',0,19409,19415
145,4,'ayah',0,19416,19423
145,5,'ayah',0,19424,19431
145,6,'ayah',0,19432,19438
145,7,'ayah',0,19439,19447
145,8,'ayah',0,19448,19455
145,9,'ayah',0,19456,19462
145,10,'ayah',0,19463,19469
145,11,'ayah',0,19470,19476
145,12,'ayah',0,19477,19482
145,13,'ayah',0,19483,19487
145,14,'ayah',0,19488,19492
145,15,'ayah',0,19493,19501
146,1,'ayah',0,19502,19510
146,2,'ayah',0,19511,19518
146,3,'ayah',0,19519,19526
146,4,'ayah',0,19527,19534
146,5,'ayah',0,19535,19541
146,6,'ayah',0,19542,19548
146,7,'ayah',0,19549,19556
146,8,'ayah',0,19557,19566
146,9,'ayah',0,19567,19574
146,10,'ayah',0,19575,19581
146,11,'ayah',0,19582,19587
146,12,'ayah',0,19588,19596
146,13,'ayah',0,19597,19604
146,14,'ayah',0,19605,19611
146,15,'ayah',0,19612,19621
147,1,'ayah',0,19622,19629
147,2,'ayah',0,19630,19637
147,3,'ayah',0,19638,19645
147,4,'ayah',0,19646,19653
147,5,'ayah',0,19654,19661
147,6,'ayah',0,19662,19669
147,7,'ayah',0,19670,19678
147,8,'ayah',0,19679,19689
147,9,'ayah',0,19690,19700
147,10,'ayah',0,19701,19710
147,11,'ayah',0,19711,19722
147,12,'ayah',0,19723,19730
147,13,'ayah',0,19731,19738
147,14,'ayah',0,19739,19747
147,15,'ayah',0,19748,19755
148,1,'ayah',0,19756,19764
148,2,'ayah',0,19765,19772
148,3,'ayah',0,19773,19783
148,4,'ayah',0,19784,19791
148,5,'ayah',0,19792,19801
148,6,'ayah',0,19802,19811
148,7,'ayah',0,19812,19820
148,8,'ayah',0,19821,19829
148,9,'ayah',0,19830,19837
148,10,'ayah',0,19838,19845
148,11,'ayah',0,19846,19854
148,12,'ayah',0,19855,19861
148,13,'ayah',0,19862,19868
148,14,'ayah',0,19869,19877
148,15,'ayah',0,19878,19887
149,1,'ayah',0,19888,19898
149,2,'ayah',0,19899,19906
149,3,'ayah',0,19907,19915
149,4,'ayah',0,19916,19923
149,5,'ayah',0,19924,19931
149,6,'ayah',0,19932,19939
149,7,'ayah',0,19940,19948
149,8,'ayah',0,19949,19956
149,9,'ayah',0,19957,19964
149,10,'ayah',0,19965,19973
149,11,'ayah',0,19974,19982
149,12,'ayah',0,19983,19993
149,13,'ayah',0,19994,20001
149,14,'ayah',0,20002,20010
149,15,'ayah',0,20011,20019
150,1,'ayah',0,20020,20030
150,2,'ayah',0,20031,20042
150,3,'ayah',0,20043,20054
150,4,'ayah',0,20055,20064
150,5,'ayah',0,20065,20076
150,6,'ayah',0,20077,20086
150,7,'ayah',0,20087,20098
150,8,'ayah',0,20099,20109
150,9,'ayah',0,20110,20118
150,10,'ayah',0,20119,20129
150,11,'ayah',0,20130,20142
150,12,'ayah',0,20143,20154
150,13,'ayah',0,20155,20163
150,14,'ayah',0,20164,20171
150,15,'ayah',0,20172,20182
151,1,'surah_name',1,7,
151,2,'basmallah',1,7,
151,3,'ayah',0,20183,20193
151,4,'ayah',0,20194,20202
151,5,'ayah',0,20203,20213
151,6,'ayah',0,20214,20223
151,7,'ayah',0,20224,20235
151,8,'ayah',0,20236,20242
151,9,'ayah',0,20243,20251
151,10,'ayah',0,20252,20259
151,11,'ayah',0,20260,20267
151,12,'ayah',0,20268,20275
151,13,'ayah',0,20276,20285
151,14,'ayah',0,20286,20293
151,15,'ayah',0,20294,20302
152,1,'ayah',0,20303,20316
152,2,'ayah',0,20317,20328
152,3,'ayah',0,20329,20339
152,4,'ayah',0,20340,20350
152,5,'ayah',0,20351,20360
152,6,'ayah',0,20361,20370
152,7,'ayah',0,20371,20380
152,8,'ayah',0,20381,20390
152,9,'ayah',0,20391,20400
152,10,'ayah',0,20401,20410
152,11,'ayah',0,20411,20422
152,12,'ayah',0,20423,20431
152,13,'ayah',0,20432,20440
152,14,'ayah',0,20441,20449
152,15,'ayah',0,20450,20460
153,1,'ayah',0,20461,20471
153,2,'ayah',0,20472,20480
153,3,'ayah',0,20481,20490
153,4,'ayah',0,20491,20500
153,5,'ayah',0,20501,20509
153,6,'ayah',0,20510,20518
153,7,'ayah',0,20519,20527
153,8,'ayah',0,20528,20537
153,9,'ayah',0,20538,20547
153,10,'ayah',0,20548,20558
153,11,'ayah',0,20559,20569
153,12,'ayah',0,20570,20577
153,13,'ayah',0,20578,20586
153,14,'ayah',0,20587,20594
153,15,'ayah',0,20595,20602
154,1,'ayah',0,20603,20611
154,2,'ayah',0,20612,20623
154,3,'ayah',0,20624,20633
154,4,'ayah',0,20634,20642
154,5,'ayah',0,20643,20654
154,6,'ayah',0,20655,20666
154,7,'ayah',0,20667,20678
154,8,'ayah',0,20679,20687
154,9,'ayah',0,20688,20697
154,10,'ayah',0,20698,20707
154,11,'ayah',0,20708,20715
154,12,'ayah',0,20716,20727
154,13,'ayah',0,20728,20736
154,14,'ayah',0,20737,20746
154,15,'ayah',0,20747,20756
155,1,'ayah',0,20757,20767
155,2,'ayah',0,20768,20778
155,3,'ayah',0,20779,20786
155,4,'ayah',0,20787,20797
155,5,'ayah',0,20798,20806
155,6,'ayah',0,20807,20815
155,7,'ayah',0,20816,20825
155,8,'ayah',0,20826,20834
155,9,'ayah',0,20835,20843
155,10,'ayah',0,20844,20850
155,11,'ayah',0,20851,20858
155,12,'ayah',0,20859,20869
155,13,'ayah',0,20870,20879
155,14,'ayah',0,20880,20891
155,15,'ayah',0,20892,20900
156,1,'ayah',0,20901,20912
156,2,'ayah',0,20913,20924
156,3,'ayah',0,20925,20935
156,4,'ayah',0,20936,20944
156,5,'ayah',0,20945,20954
156,6,'ayah',0,20955,20963
156,7,'ayah',0,20964,20975
156,8,'ayah',0,20976,20984
156,9,'ayah',0,20985,20993
156,10,'ayah',0,20994,21003
156,11,'ayah',0,21004,21012
156,12,'ayah',0,21013,21023
156,13,'ayah',0,21024,21030
156,14,'ayah',0,21031,21037
156,15,'ayah',0,21038,21045
157,1,'ayah',0,21046,21054
157,2,'ayah',0,21055,21064
157,3,'ayah',0,21065,21075
157,4,'ayah',0,21076,21086
157,5,'ayah',0,21087,21095
157,6,'ayah',0,21096,21104
157,7,'ayah',0,21105,21114
157,8,'ayah',0,21115,21122
157,9,'ayah',0,21123,21131
157,10,'ayah',0,21132,21140
157,11,'ayah',0,21141,21148
157,12,'ayah',0,21149,21156
157,13,'ayah',0,21157,21165
157,14,'ayah',0,21166,21176
157,15,'ayah',0,21177,21183
158,1,'ayah',0,21184,21193
158,2,'ayah',0,21194,21201
158,3,'ayah',0,21202,21212
158,4,'ayah',0,21213,21222
158,5,'ayah',0,21223,21233
158,6,'ayah',0,21234,21242
158,7,'ayah',0,21243,21251
158,8,'ayah',0,21252,21262
158,9,'ayah',0,21263,21270
158,10,'ayah',0,21271,21278
158,11,'ayah',0,21279,21287
158,12,'ayah',0,21288,21299
158,13,'ayah',0,21300,21309
158,14,'ayah',0,21310,21317
158,15,'ayah',0,21318,21326
159,1,'ayah',0,21327,21335
159,2,'ayah',0,21336,21344
159,3,'ayah',0,21345,21353
159,4,'ayah',0,21354,21361
159,5,'ayah',0,21362,21370
159,6,'ayah',0,21371,21379
159,7,'ayah',0,21380,21388
159,8,'ayah',0,21389,21394
159,9,'ayah',0,21395,21404
159,10,'ayah',0,21405,21411
159,11,'ayah',0,21412,21419
159,12,'ayah',0,21420,21428
159,13,'ayah',0,21429,21437
159,14,'ayah',0,21438,21445
159,15,'ayah',0,21446,21455
160,1,'ayah',0,21456,21463
160,2,'ayah',0,21464,21470
160,3,'ayah',0,21471,21479
160,4,'ayah',0,21480,21486
160,5,'ayah',0,21487,21493
160,6,'ayah',0,21494,21503
160,7,'ayah',0,21504,21510
160,8,'ayah',0,21511,21518
160,9,'ayah',0,21519,21528
160,10,'ayah',0,21529,21535
160,11,'ayah',0,21536,21543
160,12,'ayah',0,21544,21551
160,13,'ayah',0,21552,21560
160,14,'ayah',0,21561,21569
160,15,'ayah',0,21570,21578
161,1,'ayah',0,21579,21587
161,2,'ayah',0,21588,21594
161,3,'ayah',0,21595,21602
161,4,'ayah',0,21603,21609
161,5,'ayah',0,21610,21617
161,6,'ayah',0,21618,21626
161,7,'ayah',0,21627,21632
161,8,'ayah',0,21633,21639
161,9,'ayah',0,21640,21646
161,10,'ayah',0,21647,21653
161,11,'ayah',0,21654,21661
161,12,'ayah',0,21662,21667
161,13,'ayah',0,21668,21675
161,14,'ayah',0,21676,21683
161,15,'ayah',0,21684,21692
162,1,'ayah',0,21693,21700
162,2,'ayah',0,21701,21711
162,3,'ayah',0,21712,21723
162,4,'ayah',0,21724,21737
162,5,'ayah',0,21738,21749
162,6,'ayah',0,21750,21759
162,7,'ayah',0,21760,21769
162,8,'ayah',0,21770,21777
162,9,'ayah',0,21778,21787
162,10,'ayah',0,21788,21796
162,11,'ayah',0,21797,21803
162,12,'ayah',0,21804,21814
162,13,'ayah',0,21815,21822
162,14,'ayah',0,21823,21831
162,15,'ayah',0,21832,21840
163,1,'ayah',0,21841,21849
163,2,'ayah',0,21850,21857
163,3,'ayah',0,21858,21866
163,4,'ayah',0,21867,21875
163,5,'ayah',0,21876,21884
163,6,'ayah',0,21885,21893
163,7,'ayah',0,21894,21902
163,8,'ayah',0,21903,21910
163,9,'ayah',0,21911,21919
163,10,'ayah',0,21920,21927
163,11,'ayah',0,21928,21936
163,12,'ayah',0,21937,21943
163,13,'ayah',0,21944,21953
163,14,'ayah',0,21954,21961
163,15,'ayah',0,21962,21970
164,1,'ayah',0,21971,21981
164,2,'ayah',0,21982,21992
164,3,'ayah',0,21993,22002
164,4,'ayah',0,22003,22013
164,5,'ayah',0,22014,22023
164,6,'ayah',0,22024,22033
164,7,'ayah',0,22034,22042
164,8,'ayah',0,22043,22051
164,9,'ayah',0,22052,22061
164,10,'ayah',0,22062,22071
164,11,'ayah',0,22072,22080
164,12,'ayah',0,22081,22087
164,13,'ayah',0,22088,22097
164,14,'ayah',0,22098,22107
164,15,'ayah',0,22108,22115
165,1,'ayah',0,22116,22125
165,2,'ayah',0,22126,22136
165,3,'ayah',0,22137,22145
165,4,'ayah',0,22146,22153
165,5,'ayah',0,22154,22165
165,6,'ayah',0,22166,22175
165,7,'ayah',0,22176,22185
165,8,'ayah',0,22186,22193
165,9,'ayah',0,22194,22201
165,10,'ayah',0,22202,22209
165,11,'ayah',0,22210,22217
165,12,'ayah',0,22218,22228
165,13,'ayah',0,22229,22234
165,14,'ayah',0,22235,22242
165,15,'ayah',0,22243,22249
166,1,'ayah',0,22250,22258
166,2,'ayah',0,22259,22268
166,3,'ayah',0,22269,22278
166,4,'ayah',0,22279,22287
166,5,'ayah',0,22288,22294
166,6,'ayah',0,22295,22302
166,7,'ayah',0,22303,22312
166,8,'ayah',0,22313,22320
166,9,'ayah',0,22321,22328
166,10,'ayah',0,22329,22337
166,11,'ayah',0,22338,22346
166,12,'ayah',0,22347,22352
166,13,'ayah',0,22353,22360
166,14,'ayah',0,22361,22369
166,15,'ayah',0,22370,22376
167,1,'ayah',0,22377,22385
167,2,'ayah',0,22386,22395
167,3,'ayah',0,22396,22407
167,4,'ayah',0,22408,22416
167,5,'ayah',0,22417,22423
167,6,'ayah',0,22424,22430
167,7,'ayah',0,22431,22437
167,8,'ayah',0,22438,22444
167,9,'ayah',0,22445,22452
167,10,'ayah',0,22453,22461
167,11,'ayah',0,22462,22469
167,12,'ayah',0,22470,22480
167,13,'ayah',0,22481,22489
167,14,'ayah',0,22490,22498
167,15,'ayah',0,22499,22506
168,1,'ayah',0,22507,22514
168,2,'ayah',0,22515,22522
168,3,'ayah',0,22523,22531
168,4,'ayah',0,22532,22539
168,5,'ayah',0,22540,22547
168,6,'ayah',0,22548,22557
168,7,'ayah',0,22558,22567
168,8,'ayah',0,22568,22575
168,9,'ayah',0,22576,22583
168,10,'ayah',0,22584,22591
168,11,'ayah',0,22592,22600
168,12,'ayah',0,22601,22611
168,13,'ayah',0,22612,22618
168,14,'ayah',0,22619,22628
168,15,'ayah',0,22629,22635
169,1,'ayah',0,22636,22645
169,2,'ayah',0,22646,22654
169,3,'ayah',0,22655,22664
169,4,'ayah',0,22665,22673
169,5,'ayah',0,22674,22682
169,6,'ayah',0,22683,22690
169,7,'ayah',0,22691,22699
169,8,'ayah',0,22700,22707
169,9,'ayah',0,22708,22717
169,10,'ayah',0,22718,22726
169,11,'ayah',0,22727,22735
169,12,'ayah',0,22736,22743
169,13,'ayah',0,22744,22754
169,14,'ayah',0,22755,22765
169,15,'ayah',0,22766,22776
170,1,'ayah',0,22777,22785
170,2,'ayah',0,22786,22794
170,3,'ayah',0,22795,22801
170,4,'ayah',0,22802,22809
170,5,'ayah',0,22810,22816
170,6,'ayah',0,22817,22822
170,7,'ayah',0,22823,22829
170,8,'ayah',0,22830,22836
170,9,'ayah',0,22837,22843
170,10,'ayah',0,22844,22852
170,11,'ayah',0,22853,22860
170,12,'ayah',0,22861,22870
170,13,'ayah',0,22871,22878
170,14,'ayah',0,22879,22883
170,15,'ayah',0,22884,22892
171,1,'ayah',0,22893,22900
171,2,'ayah',0,22901,22907
171,3,'ayah',0,22908,22916
171,4,'ayah',0,22917,22923
171,5,'ayah',0,22924,22930
171,6,'ayah',0,22931,22937
171,7,'ayah',0,22938,22945
171,8,'ayah',0,22946,22952
171,9,'ayah',0,22953,22957
171,10,'ayah',0,22958,22966
171,11,'ayah',0,22967,22973
171,12,'ayah',0,22974,22980
171,13,'ayah',0,22981,22988
171,14,'ayah',0,22989,22995
171,15,'ayah',0,22996,23003
172,1,'ayah',0,23004,23014
172,2,'ayah',0,23015,23023
172,3,'ayah',0,23024,23033
172,4,'ayah',0,23034,23041
172,5,'ayah',0,23042,23053
172,6,'ayah',0,23054,23063
172,7,'ayah',0,23064,23071
172,8,'ayah',0,23072,23079
172,9,'ayah',0,23080,23085
172,10,'ayah',0,23086,23093
172,11,'ayah',0,23094,23102
172,12,'ayah',0,23103,23112
172,13,'ayah',0,23113,23124
172,14,'ayah',0,23125,23132
172,15,'ayah',0,23133,23141
173,1,'ayah',0,23142,23151
173,2,'ayah',0,23152,23161
173,3,'ayah',0,23162,23171
173,4,'ayah',0,23172,23181
173,5,'ayah',0,23182,23192
173,6,'ayah',0,23193,23202
173,7,'ayah',0,23203,23209
173,8,'ayah',0,23210,23218
173,9,'ayah',0,23219,23226
173,10,'ayah',0,23227,23235
173,11,'ayah',0,23236,23243
173,12,'ayah',0,23244,23251
173,13,'ayah',0,23252,23259
173,14,'ayah',0,23260,23268
173,15,'ayah',0,23269,23276
174,1,'ayah',0,23277,23285
174,2,'ayah',0,23286,23297
174,3,'ayah',0,23298,23307
174,4,'ayah',0,23308,23316
174,5,'ayah',0,23317,23325
174,6,'ayah',0,23326,23333
174,7,'ayah',0,23334,23342
174,8,'ayah',0,23343,23352
174,9,'ayah',0,23353,23362
174,10,'ayah',0,23363,23374
174,11,'ayah',0,23375,23384
174,12,'ayah',0,23385,23394
174,13,'ayah',0,23395,23407
174,14,'ayah',0,23408,23417
174,15,'ayah',0,23418,23429
175,1,'ayah',0,23430,23442
175,2,'ayah',0,23443,23451
175,3,'ayah',0,23452,23461
175,4,'ayah',0,23462,23470
175,5,'ayah',0,23471,23479
175,6,'ayah',0,23480,23488
175,7,'ayah',0,23489,23497
175,8,'ayah',0,23498,23508
175,9,'ayah',0,23509,23517
175,10,'ayah',0,23518,23526
175,11,'ayah',0,23527,23536
175,12,'ayah',0,23537,23542
175,13,'ayah',0,23543,23552
175,14,'ayah',0,23553,23562
175,15,'ayah',0,23563,23572
176,1,'ayah',0,23573,23582
176,2,'ayah',0,23583,23590
176,3,'ayah',0,23591,23599
176,4,'ayah',0,23600,23609
176,5,'ayah',0,23610,23617
176,6,'ayah',0,23618,23626
176,7,'ayah',0,23627,23634
176,8,'ayah',0,23635,23643
176,9,'ayah',0,23644,23653
176,10,'ayah',0,23654,23665
176,11,'ayah',0,23666,23673
176,12,'ayah',0,23674,23681
176,13,'ayah',0,23682,23690
176,14,'ayah',0,23691,23700
176,15,'ayah',0,23701,23708
177,1,'surah_name',1,8,
177,2,'basmallah',1,8,
177,3,'ayah',0,23709,23717
177,4,'ayah',0,23718,23725
177,5,'ayah',0,23726,23734
177,6,'ayah',0,23735,23743
177,7,'ayah',0,23744,23750
177,8,'ayah',0,23751,23759
177,9,'ayah',0,23760,23767
177,10,'ayah',0,23768,23776
177,11,'ayah',0,23777,23786
177,12,'ayah',0,23787,23795
177,13,'ayah',0,23796,23803
177,14,'ayah',0,23804,23812
177,15,'ayah',0,23813,23821
178,1,'ayah',0,23822,23829
178,2,'ayah',0,23830,23838
178,3,'ayah',0,23839,23849
178,4,'ayah',0,23850,23858
178,5,'ayah',0,23859,23867
178,6,'ayah',0,23868,23875
178,7,'ayah',0,23876,23885
178,8,'ayah',0,23886,23893
178,9,'ayah',0,23894,23901
178,10,'ayah',0,23902,23910
178,11,'ayah',0,23911,23917
178,12,'ayah',0,23918,23926
178,13,'ayah',0,23927,23935
178,14,'ayah',0,23936,23945
178,15,'ayah',0,23946,23953
179,1,'ayah',0,23954,23962
179,2,'ayah',0,23963,23970
179,3,'ayah',0,23971,23980
179,4,'ayah',0,23981,23987
179,5,'ayah',0,23988,23998
179,6,'ayah',0,23999,24008
179,7,'ayah',0,24009,24017
179,8,'ayah',0,24018,24025
179,9,'ayah',0,24026,24035
179,10,'ayah',0,24036,24045
179,11,'ayah',0,24046,24053
179,12,'ayah',0,24054,24061
179,13,'ayah',0,24062,24070
179,14,'ayah',0,24071,24078
179,15,'ayah',0,24079,24086
180,1,'ayah',0,24087,24094
180,2,'ayah',0,24095,24101
180,3,'ayah',0,24102,24109
180,4,'ayah',0,24110,24117
180,5,'ayah',0,24118,24125
180,6,'ayah',0,24126,24134
180,7,'ayah',0,24135,24142
180,8,'ayah',0,24143,24152
180,9,'ayah',0,24153,24160
180,10,'ayah',0,24161,24169
180,11,'ayah',0,24170,24180
180,12,'ayah',0,24181,24189
180,13,'ayah',0,24190,24198
180,14,'ayah',0,24199,24207
180,15,'ayah',0,24208,24216
181,1,'ayah',0,24217,24225
181,2,'ayah',0,24226,24233
181,3,'ayah',0,24234,24241
181,4,'ayah',0,24242,24248
181,5,'ayah',0,24249,24256
181,6,'ayah',0,24257,24264
181,7,'ayah',0,24265,24272
181,8,'ayah',0,24273,24280
181,9,'ayah',0,24281,24287
181,10,'ayah',0,24288,24295
181,11,'ayah',0,24296,24305
181,12,'ayah',0,24306,24312
181,13,'ayah',0,24313,24320
181,14,'ayah',0,24321,24329
181,15,'ayah',0,24330,24338
182,1,'ayah',0,24339,24347
182,2,'ayah',0,24348,24354
182,3,'ayah',0,24355,24363
182,4,'ayah',0,24364,24373
182,5,'ayah',0,24374,24380
182,6,'ayah',0,24381,24387
182,7,'ayah',0,24388,24395
182,8,'ayah',0,24396,24405
182,9,'ayah',0,24406,24414
182,10,'ayah',0,24415,24421
182,11,'ayah',0,24422,24430
182,12,'ayah',0,24431,24437
182,13,'ayah',0,24438,24446
182,14,'ayah',0,24447,24455
182,15,'ayah',0,24456,24462
183,1,'ayah',0,24463,24470
183,2,'ayah',0,24471,24479
183,3,'ayah',0,24480,24486
183,4,'ayah',0,24487,24497
183,5,'ayah',0,24498,24505
183,6,'ayah',0,24506,24513
183,7,'ayah',0,24514,24524
183,8,'ayah',0,24525,24533
183,9,'ayah',0,24534,24541
183,10,'ayah',0,24542,24550
183,11,'ayah',0,24551,24558
183,12,'ayah',0,24559,24565
183,13,'ayah',0,24566,24574
183,14,'ayah',0,24575,24583
183,15,'ayah',0,24584,24592
184,1,'ayah',0,24593,24604
184,2,'ayah',0,24605,24613
184,3,'ayah',0,24614,24621
184,4,'ayah',0,24622,24629
184,5,'ayah',0,24630,24640
184,6,'ayah',0,24641,24649
184,7,'ayah',0,24650,24659
184,8,'ayah',0,24660,24667
184,9,'ayah',0,24668,24678
184,10,'ayah',0,24679,24688
184,11,'ayah',0,24689,24697
184,12,'ayah',0,24698,24705
184,13,'ayah',0,24706,24715
184,14,'ayah',0,24716,24724
184,15,'ayah',0,24725,24735
185,1,'ayah',0,24736,24745
185,2,'ayah',0,24746,24753
185,3,'ayah',0,24754,24762
185,4,'ayah',0,24763,24772
185,5,'ayah',0,24773,24781
185,6,'ayah',0,24782,24789
185,7,'ayah',0,24790,24798
185,8,'ayah',0,24799,24807
185,9,'ayah',0,24808,24817
185,10,'ayah',0,24818,24826
185,11,'ayah',0,24827,24837
185,12,'ayah',0,24838,24846
185,13,'ayah',0,24847,24856
185,14,'ayah',0,24857,24866
185,15,'ayah',0,24867,24876
186,1,'ayah',0,24877,24887
186,2,'ayah',0,24888,24897
186,3,'ayah',0,24898,24906
186,4,'ayah',0,24907,24917
186,5,'ayah',0,24918,24924
186,6,'ayah',0,24925,24933
186,7,'ayah',0,24934,24944
186,8,'ayah',0,24945,24953
186,9,'ayah',0,24954,24962
186,10,'ayah',0,24963,24971
186,11,'ayah',0,24972,24978
186,12,'ayah',0,24979,24987
186,13,'ayah',0,24988,24997
186,14,'ayah',0,24998,25005
186,15,'ayah',0,25006,25017
187,1,'surah_name',1,9,
187,2,'ayah',0,25018,25027
187,3,'ayah',0,25028,25036
187,4,'ayah',0,25037,25046
187,5,'ayah',0,25047,25056
187,6,'ayah',0,25057,25065
187,7,'ayah',0,25066,25074
187,8,'ayah',0,25075,25083
187,9,'ayah',0,25084,25092
187,10,'ayah',0,25093,25102
187,11,'ayah',0,25103,25108
187,12,'ayah',0,25109,25116
187,13,'ayah',0,25117,25125
187,14,'ayah',0,25126,25133
187,15,'ayah',0,25134,25144
188,1,'ayah',0,25145,25151
188,2,'ayah',0,25152,25159
188,3,'ayah',0,25160,25167
188,4,'ayah',0,25168,25176
188,5,'ayah',0,25177,25183
188,6,'ayah',0,25184,25191
188,7,'ayah',0,25192,25201
188,8,'ayah',0,25202,25210
188,9,'ayah',0,25211,25217
188,10,'ayah',0,25218,25226
188,11,'ayah',0,25227,25234
188,12,'ayah',0,25235,25242
188,13,'ayah',0,25243,25249
188,14,'ayah',0,25250,25255
188,15,'ayah',0,25256,25264
189,1,'ayah',0,25265,25270
189,2,'ayah',0,25271,25277
189,3,'ayah',0,25278,25287
189,4,'ayah',0,25288,25297
189,5,'ayah',0,25298,25307
189,6,'ayah',0,25308,25316
189,7,'ayah',0,25317,25324
189,8,'ayah',0,25325,25332
189,9,'ayah',0,25333,25341
189,10,'ayah',0,25342,25350
189,11,'ayah',0,25351,25358
189,12,'ayah',0,25359,25367
189,13,'ayah',0,25368,25379
189,14,'ayah',0,25380,25388
189,15,'ayah',0,25389,25398
190,1,'ayah',0,25399,25406
190,2,'ayah',0,25407,25416
190,3,'ayah',0,25417,25424
190,4,'ayah',0,25425,25431
190,5,'ayah',0,25432,25440
190,6,'ayah',0,25441,25446
190,7,'ayah',0,25447,25452
190,8,'ayah',0,25453,25459
190,9,'ayah',0,25460,25469
190,10,'ayah',0,25470,25477
190,11,'ayah',0,25478,25484
190,12,'ayah',0,25485,25490
190,13,'ayah',0,25491,25500
190,14,'ayah',0,25501,25508
190,15,'ayah',0,25509,25515
191,1,'ayah',0,25516,25526
191,2,'ayah',0,25527,25533
191,3,'ayah',0,25534,25541
191,4,'ayah',0,25542,25550
191,5,'ayah',0,25551,25558
191,6,'ayah',0,25559,25568
191,7,'ayah',0,25569,25577
191,8,'ayah',0,25578,25585
191,9,'ayah',0,25586,25593
191,10,'ayah',0,25594,25599
191,11,'ayah',0,25600,25606
191,12,'ayah',0,25607,25612
191,13,'ayah',0,25613,25619
191,14,'ayah',0,25620,25626
191,15,'ayah',0,25627,25634
192,1,'ayah',0,25635,25643
192,2,'ayah',0,25644,25652
192,3,'ayah',0,25653,25660
192,4,'ayah',0,25661,25667
192,5,'ayah',0,25668,25674
192,6,'ayah',0,25675,25681
192,7,'ayah',0,25682,25687
192,8,'ayah',0,25688,25696
192,9,'ayah',0,25697,25704
192,10,'ayah',0,25705,25712
192,11,'ayah',0,25713,25721
192,12,'ayah',0,25722,25729
192,13,'ayah',0,25730,25738
192,14,'ayah',0,25739,25743
192,15,'ayah',0,25744,25751
193,1,'ayah',0,25752,25760
193,2,'ayah',0,25761,25769
193,3,'ayah',0,25770,25778
193,4,'ayah',0,25779,25785
193,5,'ayah',0,25786,25796
193,6,'ayah',0,25797,25803
193,7,'ayah',0,25804,25812
193,8,'ayah',0,25813,25819
193,9,'ayah',0,25820,25827
193,10,'ayah',0,25828,25836
193,11,'ayah',0,25837,25845
193,12,'ayah',0,25846,25853
193,13,'ayah',0,25854,25860
193,14,'ayah',0,25861,25865
193,15,'ayah',0,25866,25873
194,1,'ayah',0,25874,25879
194,2,'ayah',0,25880,25889
194,3,'ayah',0,25890,25898
194,4,'ayah',0,25899,25905
194,5,'ayah',0,25906,25913
194,6,'ayah',0,25914,25923
194,7,'ayah',0,25924,25930
194,8,'ayah',0,25931,25937
194,9,'ayah',0,25938,25945
194,10,'ayah',0,25946,25953
194,11,'ayah',0,25954,25960
194,12,'ayah',0,25961,25968
194,13,'ayah',0,25969,25976
194,14,'ayah',0,25977,25983
194,15,'ayah',0,25984,25991
195,1,'ayah',0,25992,26000
195,2,'ayah',0,26001,26008
195,3,'ayah',0,26009,26018
195,4,'ayah',0,26019,26023
195,5,'ayah',0,26024,26030
195,6,'ayah',0,26031,26038
195,7,'ayah',0,26039,26047
195,8,'ayah',0,26048,26055
195,9,'ayah',0,26056,26064
195,10,'ayah',0,26065,26072
195,11,'ayah',0,26073,26080
195,12,'ayah',0,26081,26089
195,13,'ayah',0,26090,26098
195,14,'ayah',0,26099,26106
195,15,'ayah',0,26107,26115
196,1,'ayah',0,26116,26124
196,2,'ayah',0,26125,26133
196,3,'ayah',0,26134,26141
196,4,'ayah',0,26142,26149
196,5,'ayah',0,26150,26159
196,6,'ayah',0,26160,26170
196,7,'ayah',0,26171,26179
196,8,'ayah',0,26180,26187
196,9,'ayah',0,26188,26195
196,10,'ayah',0,26196,26201
196,11,'ayah',0,26202,26209
196,12,'ayah',0,26210,26217
196,13,'ayah',0,26218,26226
196,14,'ayah',0,26227,26233
196,15,'ayah',0,26234,26243
197,1,'ayah',0,26244,26250
197,2,'ayah',0,26251,26259
197,3,'ayah',0,26260,26269
197,4,'ayah',0,26270,26275
197,5,'ayah',0,26276,26285
197,6,'ayah',0,26286,26293
197,7,'ayah',0,26294,26301
197,8,'ayah',0,26302,26309
197,9,'ayah',0,26310,26318
197,10,'ayah',0,26319,26324
197,11,'ayah',0,26325,26330
197,12,'ayah',0,26331,26337
197,13,'ayah',0,26338,26344
197,14,'ayah',0,26345,26350
197,15,'ayah',0,26351,26359
198,1,'ayah',0,26360,26367
198,2,'ayah',0,26368,26373
198,3,'ayah',0,26374,26380
198,4,'ayah',0,26381,26387
198,5,'ayah',0,26388,26394
198,6,'ayah',0,26395,26403
198,7,'ayah',0,26404,26408
198,8,'ayah',0,26409,26415
198,9,'ayah',0,26416,26422
198,10,'ayah',0,26423,26429
198,11,'ayah',0,26430,26435
198,12,'ayah',0,26436,26444
198,13,'ayah',0,26445,26452
198,14,'ayah',0,26453,26460
198,15,'ayah',0,26461,26469
199,1,'ayah',0,26470,26476
199,2,'ayah',0,26477,26483
199,3,'ayah',0,26484,26492
199,4,'ayah',0,26493,26503
199,5,'ayah',0,26504,26513
199,6,'ayah',0,26514,26523
199,7,'ayah',0,26524,26533
199,8,'ayah',0,26534,26541
199,9,'ayah',0,26542,26550
199,10,'ayah',0,26551,26560
199,11,'ayah',0,26561,26569
199,12,'ayah',0,26570,26577
199,13,'ayah',0,26578,26583
199,14,'ayah',0,26584,26590
199,15,'ayah',0,26591,26600
200,1,'ayah',0,26601,26611
200,2,'ayah',0,26612,26620
200,3,'ayah',0,26621,26628
200,4,'ayah',0,26629,26636
200,5,'ayah',0,26637,26648
200,6,'ayah',0,26649,26658
200,7,'ayah',0,26659,26668
200,8,'ayah',0,26669,26677
200,9,'ayah',0,26678,26686
200,10,'ayah',0,26687,26698
200,11,'ayah',0,26699,26707
200,12,'ayah',0,26708,26717
200,13,'ayah',0,26718,26726
200,14,'ayah',0,26727,26735
200,15,'ayah',0,26736,26744
201,1,'ayah',0,26745,26753
201,2,'ayah',0,26754,26761
201,3,'ayah',0,26762,26767
201,4,'ayah',0,26768,26776
201,5,'ayah',0,26777,26786
201,6,'ayah',0,26787,26794
201,7,'ayah',0,26795,26802
201,8,'ayah',0,26803,26812
201,9,'ayah',0,26813,26821
201,10,'ayah',0,26822,26830
201,11,'ayah',0,26831,26840
201,12,'ayah',0,26841,26848
201,13,'ayah',0,26849,26857
201,14,'ayah',0,26858,26864
201,15,'ayah',0,26865,26874
202,1,'ayah',0,26875,26883
202,2,'ayah',0,26884,26891
202,3,'ayah',0,26892,26899
202,4,'ayah',0,26900,26906
202,5,'ayah',0,26907,26914
202,6,'ayah',0,26915,26922
202,7,'ayah',0,26923,26929
202,8,'ayah',0,26930,26938
202,9,'ayah',0,26939,26946
202,10,'ayah',0,26947,26957
202,11,'ayah',0,26958,26966
202,12,'ayah',0,26967,26974
202,13,'ayah',0,26975,26981
202,14,'ayah',0,26982,26991
202,15,'ayah',0,26992,27001
203,1,'ayah',0,27002,27007
203,2,'ayah',0,27008,27015
203,3,'ayah',0,27016,27023
203,4,'ayah',0,27024,27031
203,5,'ayah',0,27032,27040
203,6,'ayah',0,27041,27048
203,7,'ayah',0,27049,27056
203,8,'ayah',0,27057,27068
203,9,'ayah',0,27069,27077
203,10,'ayah',0,27078,27087
203,11,'ayah',0,27088,27097
203,12,'ayah',0,27098,27107
203,13,'ayah',0,27108,27114
203,14,'ayah',0,27115,27122
203,15,'ayah',0,27123,27132
204,1,'ayah',0,27133,27139
204,2,'ayah',0,27140,27147
204,3,'ayah',0,27148,27156
204,4,'ayah',0,27157,27167
204,5,'ayah',0,27168,27177
204,6,'ayah',0,27178,27184
204,7,'ayah',0,27185,27194
204,8,'ayah',0,27195,27206
204,9,'ayah',0,27207,27215
204,10,'ayah',0,27216,27225
204,11,'ayah',0,27226,27232
204,12,'ayah',0,27233,27240
204,13,'ayah',0,27241,27247
204,14,'ayah',0,27248,27254
204,15,'ayah',0,27255,27263
205,1,'ayah',0,27264,27267
205,2,'ayah',0,27268,27271
205,3,'ayah',0,27272,27277
205,4,'ayah',0,27278,27286
205,5,'ayah',0,27287,27294
205,6,'ayah',0,27295,27303
205,7,'ayah',0,27304,27311
205,8,'ayah',0,27312,27323
205,9,'ayah',0,27324,27333
205,10,'ayah',0,27334,27345
205,11,'ayah',0,27346,27354
205,12,'ayah',0,27355,27365
205,13,'ayah',0,27366,27371
205,14,'ayah',0,27372,27380
205,15,'ayah',0,27381,27389
206,1,'ayah',0,27390,27398
206,2,'ayah',0,27399,27407
206,3,'ayah',0,27408,27419
206,4,'ayah',0,27420,27428
206,5,'ayah',0,27429,27436
206,6,'ayah',0,27437,27446
206,7,'ayah',0,27447,27455
206,8,'ayah',0,27456,27464
206,9,'ayah',0,27465,27473
206,10,'ayah',0,27474,27483
206,11,'ayah',0,27484,27491
206,12,'ayah',0,27492,27500
206,13,'ayah',0,27501,27507
206,14,'ayah',0,27508,27517
206,15,'ayah',0,27518,27525
207,1,'ayah',0,27526,27533
207,2,'ayah',0,27534,27542
207,3,'ayah',0,27543,27552
207,4,'ayah',0,27553,27560
207,5,'ayah',0,27561,27568
207,6,'ayah',0,27569,27576
207,7,'ayah',0,27577,27585
207,8,'ayah',0,27586,27594
207,9,'ayah',0,27595,27603
207,10,'ayah',0,27604,27612
207,11,'ayah',0,27613,27619
207,12,'ayah',0,27620,27625
207,13,'ayah',0,27626,27635
207,14,'ayah',0,27636,27644
207,15,'surah_name',1,10,
208,1,'basmallah',1,10,
208,2,'ayah',0,27645,27653
208,3,'ayah',0,27654,27664
208,4,'ayah',0,27665,27674
208,5,'ayah',0,27675,27684
208,6,'ayah',0,27685,27696
208,7,'ayah',0,27697,27705
208,8,'ayah',0,27706,27714
208,9,'ayah',0,27715,27723
208,10,'ayah',0,27724,27731
208,11,'ayah',0,27732,27740
208,12,'ayah',0,27741,27748
208,13,'ayah',0,27749,27757
208,14,'ayah',0,27758,27767
208,15,'ayah',0,27768,27775
209,1,'ayah',0,27776,27784
209,2,'ayah',0,27785,27793
209,3,'ayah',0,27794,27801
209,4,'ayah',0,27802,27808
209,5,'ayah',0,27809,27817
209,6,'ayah',0,27818,27826
209,7,'ayah',0,27827,27834
209,8,'ayah',0,27835,27841
209,9,'ayah',0,27842,27850
209,10,'ayah',0,27851,27860
209,11,'ayah',0,27861,27871
209,12,'ayah',0,27872,27879
209,13,'ayah',0,27880,27888
209,14,'ayah',0,27889,27896
209,15,'ayah',0,27897,27905
210,1,'ayah',0,27906,27914
210,2,'ayah',0,27915,27925
210,3,'ayah',0,27926,27937
210,4,'ayah',0,27938,27948
210,5,'ayah',0,27949,27957
210,6,'ayah',0,27958,27966
210,7,'ayah',0,27967,27975
210,8,'ayah',0,27976,27983
210,9,'ayah',0,27984,27991
210,10,'ayah',0,27992,28002
210,11,'ayah',0,28003,28011
210,12,'ayah',0,28012,28018
210,13,'ayah',0,28019,28026
210,14,'ayah',0,28027,28036
210,15,'ayah',0,28037,28044
211,1,'ayah',0,28045,28056
211,2,'ayah',0,28057,28066
211,3,'ayah',0,28067,28078
211,4,'ayah',0,28079,28087
211,5,'ayah',0,28088,28097
211,6,'ayah',0,28098,28107
211,7,'ayah',0,28108,28117
211,8,'ayah',0,28118,28126
211,9,'ayah',0,28127,28135
211,10,'ayah',0,28136,28145
211,11,'ayah',0,28146,28155
211,12,'ayah',0,28156,28162
211,13,'ayah',0,28163,28172
211,14,'ayah',0,28173,28180
211,15,'ayah',0,28181,28191
212,1,'ayah',0,28192,28199
212,2,'ayah',0,28200,28209
212,3,'ayah',0,28210,28219
212,4,'ayah',0,28220,28229
212,5,'ayah',0,28230,28238
212,6,'ayah',0,28239,28247
212,7,'ayah',0,28248,28257
212,8,'ayah',0,28258,28266
212,9,'ayah',0,28267,28276
212,10,'ayah',0,28277,28286
212,11,'ayah',0,28287,28295
212,12,'ayah',0,28296,28305
212,13,'ayah',0,28306,28315
212,14,'ayah',0,28316,28324
212,15,'ayah',0,28325,28334
213,1,'ayah',0,28335,28346
213,2,'ayah',0,28347,28358
213,3,'ayah',0,28359,28370
213,4,'ayah',0,28371,28382
213,5,'ayah',0,28383,28396
213,6,'ayah',0,28397,28408
213,7,'ayah',0,28409,28418
213,8,'ayah',0,28419,28429
213,9,'ayah',0,28430,28440
213,10,'ayah',0,28441,28451
213,11,'ayah',0,28452,28460
213,12,'ayah',0,28461,28471
213,13,'ayah',0,28472,28480
213,14,'ayah',0,28481,28491
213,15,'ayah',0,28492,28501
214,1,'ayah',0,28502,28510
214,2,'ayah',0,28511,28520
214,3,'ayah',0,28521,28530
214,4,'ayah',0,28531,28541
214,5,'ayah',0,28542,28552
214,6,'ayah',0,28553,28562
214,7,'ayah',0,28563,28571
214,8,'ayah',0,28572,28581
214,9,'ayah',0,28582,28595
214,10,'ayah',0,28596,28605
214,11,'ayah',0,28606,28616
214,12,'ayah',0,28617,28628
214,13,'ayah',0,28629,28637
214,14,'ayah',0,28638,28645
214,15,'ayah',0,28646,28656
215,1,'ayah',0,28657,28667
215,2,'ayah',0,28668,28675
215,3,'ayah',0,28676,28687
215,4,'ayah',0,28688,28698
215,5,'ayah',0,28699,28706
215,6,'ayah',0,28707,28715
215,7,'ayah',0,28716,28725
215,8,'ayah',0,28726,28735
215,9,'ayah',0,28736,28746
215,10,'ayah',0,28747,28755
215,11,'ayah',0,28756,28765
215,12,'ayah',0,28766,28777
215,13,'ayah',0,28778,28787
215,14,'ayah',0,28788,28799
215,15,'ayah',0,28800,28811
216,1,'ayah',0,28812,28821
216,2,'ayah',0,28822,28829
216,3,'ayah',0,28830,28838
216,4,'ayah',0,28839,28847
216,5,'ayah',0,28848,28857
216,6,'ayah',0,28858,28866
216,7,'ayah',0,28867,28874
216,8,'ayah',0,28875,28884
216,9,'ayah',0,28885,28892
216,10,'ayah',0,28893,28900
216,11,'ayah',0,28901,28910
216,12,'ayah',0,28911,28919
216,13,'ayah',0,28920,28929
216,14,'ayah',0,28930,28939
216,15,'ayah',0,28940,28946
217,1,'ayah',0,28947,28958
217,2,'ayah',0,28959,28966
217,3,'ayah',0,28967,28976
217,4,'ayah',0,28977,28987
217,5,'ayah',0,28988,28997
217,6,'ayah',0,28998,29005
217,7,'ayah',0,29006,29014
217,8,'ayah',0,29015,29024
217,9,'ayah',0,29025,29036
217,10,'ayah',0,29037,29045
217,11,'ayah',0,29046,29053
217,12,'ayah',0,29054,29064
217,13,'ayah',0,29065,29074
217,14,'ayah',0,29075,29083
217,15,'ayah',0,29084,29093
218,1,'ayah',0,29094,29103
218,2,'ayah',0,29104,29114
218,3,'ayah',0,29115,29126
218,4,'ayah',0,29127,29135
218,5,'ayah',0,29136,29145
218,6,'ayah',0,29146,29154
218,7,'ayah',0,29155,29165
218,8,'ayah',0,29166,29176
218,9,'ayah',0,29177,29185
218,10,'ayah',0,29186,29194
218,11,'ayah',0,29195,29202
218,12,'ayah',0,29203,29209
218,13,'ayah',0,29210,29218
218,14,'ayah',0,29219,29227
218,15,'ayah',0,29228,29237
219,1,'ayah',0,29238,29245
219,2,'ayah',0,29246,29253
219,3,'ayah',0,29254,29261
219,4,'ayah',0,29262,29273
219,5,'ayah',0,29274,29282
219,6,'ayah',0,29283,29290
219,7,'ayah',0,29291,29300
219,8,'ayah',0,29301,29309
219,9,'ayah',0,29310,29320
219,10,'ayah',0,29321,29332
219,11,'ayah',0,29333,29340
219,12,'ayah',0,29341,29350
219,13,'ayah',0,29351,29358
219,14,'ayah',0,29359,29367
219,15,'ayah',0,29368,29377
220,1,'ayah',0,29378,29387
220,2,'ayah',0,29388,29396
220,3,'ayah',0,29397,29407
220,4,'ayah',0,29408,29416
220,5,'ayah',0,29417,29425
220,6,'ayah',0,29426,29435
220,7,'ayah',0,29436,29445
220,8,'ayah',0,29446,29454
220,9,'ayah',0,29455,29463
220,10,'ayah',0,29464,29471
220,11,'ayah',0,29472,29484
220,12,'ayah',0,29485,29494
220,13,'ayah',0,29495,29504
220,14,'ayah',0,29505,29514
220,15,'ayah',0,29515,29526
221,1,'ayah',0,29527,29536
221,2,'ayah',0,29537,29547
221,3,'ayah',0,29548,29556
221,4,'ayah',0,29557,29565
221,5,'ayah',0,29566,29575
221,6,'ayah',0,29576,29586
221,7,'surah_name',1,11,
221,8,'basmallah',1,11,
221,9,'ayah',0,29587,29597
221,10,'ayah',0,29598,29609
221,11,'ayah',0,29610,29620
221,12,'ayah',0,29621,29631
221,13,'ayah',0,29632,29644
221,14,'ayah',0,29645,29652
221,15,'ayah',0,29653,29662
222,1,'ayah',0,29663,29673
222,2,'ayah',0,29674,29682
222,3,'ayah',0,29683,29689
222,4,'ayah',0,29690,29697
222,5,'ayah',0,29698,29705
222,6,'ayah',0,29706,29716
222,7,'ayah',0,29717,29725
222,8,'ayah',0,29726,29734
222,9,'ayah',0,29735,29743
222,10,'ayah',0,29744,29751
222,11,'ayah',0,29752,29760
222,12,'ayah',0,29761,29768
222,13,'ayah',0,29769,29777
222,14,'ayah',0,29778,29788
222,15,'ayah',0,29789,29799
223,1,'ayah',0,29800,29808
223,2,'ayah',0,29809,29818
223,3,'ayah',0,29819,29829
223,4,'ayah',0,29830,29839
223,5,'ayah',0,29840,29849
223,6,'ayah',0,29850,29859
223,7,'ayah',0,29860,29869
223,8,'ayah',0,29870,29879
223,9,'ayah',0,29880,29888
223,10,'ayah',0,29889,29899
223,11,'ayah',0,29900,29908
223,12,'ayah',0,29909,29916
223,13,'ayah',0,29917,29924
223,14,'ayah',0,29925,29933
223,15,'ayah',0,29934,29943
224,1,'ayah',0,29944,29953
224,2,'ayah',0,29954,29963
224,3,'ayah',0,29964,29971
224,4,'ayah',0,29972,29981
224,5,'ayah',0,29982,29990
224,6,'ayah',0,29991,29997
224,7,'ayah',0,29998,30004
224,8,'ayah',0,30005,30012
224,9,'ayah',0,30013,30023
224,10,'ayah',0,30024,30034
224,11,'ayah',0,30035,30045
224,12,'ayah',0,30046,30054
224,13,'ayah',0,30055,30064
224,14,'ayah',0,30065,30076
224,15,'ayah',0,30077,30085
225,1,'ayah',0,30086,30096
225,2,'ayah',0,30097,30105
225,3,'ayah',0,30106,30115
225,4,'ayah',0,30116,30125
225,5,'ayah',0,30126,30135
225,6,'ayah',0,30136,30147
225,7,'ayah',0,30148,30155
225,8,'ayah',0,30156,30165
225,9,'ayah',0,30166,30177
225,10,'ayah',0,30178,30189
225,11,'ayah',0,30190,30197
225,12,'ayah',0,30198,30207
225,13,'ayah',0,30208,30219
225,14,'ayah',0,30220,30228
225,15,'ayah',0,30229,30237
226,1,'ayah',0,30238,30246
226,2,'ayah',0,30247,30257
226,3,'ayah',0,30258,30266
226,4,'ayah',0,30267,30277
226,5,'ayah',0,30278,30287
226,6,'ayah',0,30288,30297
226,7,'ayah',0,30298,30308
226,8,'ayah',0,30309,30317
226,9,'ayah',0,30318,30327
226,10,'ayah',0,30328,30337
226,11,'ayah',0,30338,30348
226,12,'ayah',0,30349,30356
226,13,'ayah',0,30357,30365
226,14,'ayah',0,30366,30375
226,15,'ayah',0,30376,30385
227,1,'ayah',0,30386,30397
227,2,'ayah',0,30398,30409
227,3,'ayah',0,30410,30422
227,4,'ayah',0,30423,30431
227,5,'ayah',0,30432,30440
227,6,'ayah',0,30441,30449
227,7,'ayah',0,30450,30460
227,8,'ayah',0,30461,30470
227,9,'ayah',0,30471,30480
227,10,'ayah',0,30481,30490
227,11,'ayah',0,30491,30500
227,12,'ayah',0,30501,30508
227,13,'ayah',0,30509,30516
227,14,'ayah',0,30517,30525
227,15,'ayah',0,30526,30534
228,1,'ayah',0,30535,30545
228,2,'ayah',0,30546,30554
228,3,'ayah',0,30555,30566
228,4,'ayah',0,30567,30577
228,5,'ayah',0,30578,30587
228,6,'ayah',0,30588,30599
228,7,'ayah',0,30600,30609
228,8,'ayah',0,30610,30619
228,9,'ayah',0,30620,30629
228,10,'ayah',0,30630,30641
228,11,'ayah',0,30642,30651
228,12,'ayah',0,30652,30663
228,13,'ayah',0,30664,30673
228,14,'ayah',0,30674,30684
228,15,'ayah',0,30685,30696
229,1,'ayah',0,30697,30706
229,2,'ayah',0,30707,30716
229,3,'ayah',0,30717,30725
229,4,'ayah',0,30726,30734
229,5,'ayah',0,30735,30742
229,6,'ayah',0,30743,30751
229,7,'ayah',0,30752,30759
229,8,'ayah',0,30760,30769
229,9,'ayah',0,30770,30776
229,10,'ayah',0,30777,30788
229,11,'ayah',0,30789,30796
229,12,'ayah',0,30797,30807
229,13,'ayah',0,30808,30816
229,14,'ayah',0,30817,30827
229,15,'ayah',0,30828,30835
230,1,'ayah',0,30836,30845
230,2,'ayah',0,30846,30855
230,3,'ayah',0,30856,30865
230,4,'ayah',0,30866,30875
230,5,'ayah',0,30876,30886
230,6,'ayah',0,30887,30897
230,7,'ayah',0,30898,30907
230,8,'ayah',0,30908,30917
230,9,'ayah',0,30918,30926
230,10,'ayah',0,30927,30936
230,11,'ayah',0,30937,30950
230,12,'ayah',0,30951,30964
230,13,'ayah',0,30965,30974
230,14,'ayah',0,30975,30984
230,15,'ayah',0,30985,30993
231,1,'ayah',0,30994,31001
231,2,'ayah',0,31002,31009
231,3,'ayah',0,31010,31018
231,4,'ayah',0,31019,31028
231,5,'ayah',0,31029,31035
231,6,'ayah',0,31036,31043
231,7,'ayah',0,31044,31049
231,8,'ayah',0,31050,31057
231,9,'ayah',0,31058,31067
231,10,'ayah',0,31068,31074
231,11,'ayah',0,31075,31085
231,12,'ayah',0,31086,31094
231,13,'ayah',0,31095,31106
231,14,'ayah',0,31107,31115
231,15,'ayah',0,31116,31126
232,1,'ayah',0,31127,31135
232,2,'ayah',0,31136,31147
232,3,'ayah',0,31148,31156
232,4,'ayah',0,31157,31166
232,5,'ayah',0,31167,31175
232,6,'ayah',0,31176,31184
232,7,'ayah',0,31185,31192
232,8,'ayah',0,31193,31200
232,9,'ayah',0,31201,31208
232,10,'ayah',0,31209,31216
232,11,'ayah',0,31217,31225
232,12,'ayah',0,31226,31233
232,13,'ayah',0,31234,31245
232,14,'ayah',0,31246,31253
232,15,'ayah',0,31254,31262
233,1,'ayah',0,31263,31270
233,2,'ayah',0,31271,31279
233,3,'ayah',0,31280,31288
233,4,'ayah',0,31289,31296
233,5,'ayah',0,31297,31305
233,6,'ayah',0,31306,31317
233,7,'ayah',0,31318,31327
233,8,'ayah',0,31328,31338
233,9,'ayah',0,31339,31348
233,10,'ayah',0,31349,31358
233,11,'ayah',0,31359,31368
233,12,'ayah',0,31369,31378
233,13,'ayah',0,31379,31389
233,14,'ayah',0,31390,31399
233,15,'ayah',0,31400,31409
234,1,'ayah',0,31410,31421
234,2,'ayah',0,31422,31430
234,3,'ayah',0,31431,31438
234,4,'ayah',0,31439,31448
234,5,'ayah',0,31449,31458
234,6,'ayah',0,31459,31468
234,7,'ayah',0,31469,31478
234,8,'ayah',0,31479,31488
234,9,'ayah',0,31489,31497
234,10,'ayah',0,31498,31505
234,11,'ayah',0,31506,31515
234,12,'ayah',0,31516,31525
234,13,'ayah',0,31526,31534
234,14,'ayah',0,31535,31543
234,15,'ayah',0,31544,31550
235,1,'ayah',0,31551,31560
235,2,'ayah',0,31561,31570
235,3,'ayah',0,31571,31579
235,4,'ayah',0,31580,31590
235,5,'ayah',0,31591,31599
235,6,'ayah',0,31600,31608
235,7,'ayah',0,31609,31617
235,8,'ayah',0,31618,31626
235,9,'surah_name',1,12,
235,10,'basmallah',1,12,
235,11,'ayah',0,31627,31636
235,12,'ayah',0,31637,31644
235,13,'ayah',0,31645,31653
235,14,'ayah',0,31654,31663
235,15,'ayah',0,31664,31672
236,1,'ayah',0,31673,31682
236,2,'ayah',0,31683,31690
236,3,'ayah',0,31691,31698
236,4,'ayah',0,31699,31709
236,5,'ayah',0,31710,31719
236,6,'ayah',0,31720,31728
236,7,'ayah',0,31729,31739
236,8,'ayah',0,31740,31749
236,9,'ayah',0,31750,31759
236,10,'ayah',0,31760,31768
236,11,'ayah',0,31769,31780
236,12,'ayah',0,31781,31789
236,13,'ayah',0,31790,31798
236,14,'ayah',0,31799,31807
236,15,'ayah',0,31808,31815
237,1,'ayah',0,31816,31825
237,2,'ayah',0,31826,31834
237,3,'ayah',0,31835,31843
237,4,'ayah',0,31844,31851
237,5,'ayah',0,31852,31860
237,6,'ayah',0,31861,31870
237,7,'ayah',0,31871,31879
237,8,'ayah',0,31880,31888
237,9,'ayah',0,31889,31896
237,10,'ayah',0,31897,31904
237,11,'ayah',0,31905,31912
237,12,'ayah',0,31913,31921
237,13,'ayah',0,31922,31929
237,14,'ayah',0,31930,31938
237,15,'ayah',0,31939,31946
238,1,'ayah',0,31947,31955
238,2,'ayah',0,31956,31965
238,3,'ayah',0,31966,31975
238,4,'ayah',0,31976,31984
238,5,'ayah',0,31985,31991
238,6,'ayah',0,31992,32000
238,7,'ayah',0,32001,32012
238,8,'ayah',0,32013,32022
238,9,'ayah',0,32023,32032
238,10,'ayah',0,32033,32042
238,11,'ayah',0,32043,32053
238,12,'ayah',0,32054,32062
238,13,'ayah',0,32063,32069
238,14,'ayah',0,32070,32078
238,15,'ayah',0,32079,32089
239,1,'ayah',0,32090,32098
239,2,'ayah',0,32099,32108
239,3,'ayah',0,32109,32120
239,4,'ayah',0,32121,32130
239,5,'ayah',0,32131,32139
239,6,'ayah',0,32140,32149
239,7,'ayah',0,32150,32159
239,8,'ayah',0,32160,32169
239,9,'ayah',0,32170,32180
239,10,'ayah',0,32181,32189
239,11,'ayah',0,32190,32199
239,12,'ayah',0,32200,32209
239,13,'ayah',0,32210,32218
239,14,'ayah',0,32219,32228
239,15,'ayah',0,32229,32238
240,1,'ayah',0,32239,32246
240,2,'ayah',0,32247,32258
240,3,'ayah',0,32259,32266
240,4,'ayah',0,32267,32274
240,5,'ayah',0,32275,32283
240,6,'ayah',0,32284,32294
240,7,'ayah',0,32295,32304
240,8,'ayah',0,32305,32312
240,9,'ayah',0,32313,32320
240,10,'ayah',0,32321,32330
240,11,'ayah',0,32331,32338
240,12,'ayah',0,32339,32346
240,13,'ayah',0,32347,32355
240,14,'ayah',0,32356,32362
240,15,'ayah',0,32363,32372
241,1,'ayah',0,32373,32381
241,2,'ayah',0,32382,32391
241,3,'ayah',0,32392,32400
241,4,'ayah',0,32401,32407
241,5,'ayah',0,32408,32417
241,6,'ayah',0,32418,32427
241,7,'ayah',0,32428,32439
241,8,'ayah',0,32440,32452
241,9,'ayah',0,32453,32462
241,10,'ayah',0,32463,32473
241,11,'ayah',0,32474,32483
241,12,'ayah',0,32484,32493
241,13,'ayah',0,32494,32503
241,14,'ayah',0,32504,32513
241,15,'ayah',0,32514,32525
242,1,'ayah',0,32526,32535
242,2,'ayah',0,32536,32546
242,3,'ayah',0,32547,32557
242,4,'ayah',0,32558,32566
242,5,'ayah',0,32567,32575
242,6,'ayah',0,32576,32584
242,7,'ayah',0,32585,32593
242,8,'ayah',0,32594,32602
242,9,'ayah',0,32603,32612
242,10,'ayah',0,32613,32624
242,11,'ayah',0,32625,32634
242,12,'ayah',0,32635,32643
242,13,'ayah',0,32644,32651
242,14,'ayah',0,32652,32661
242,15,'ayah',0,32662,32669
243,1,'ayah',0,32670,32679
243,2,'ayah',0,32680,32689
243,3,'ayah',0,32690,32696
243,4,'ayah',0,32697,32705
243,5,'ayah',0,32706,32715
243,6,'ayah',0,32716,32725
243,7,'ayah',0,32726,32737
243,8,'ayah',0,32738,32748
243,9,'ayah',0,32749,32759
243,10,'ayah',0,32760,32767
243,11,'ayah',0,32768,32776
243,12,'ayah',0,32777,32787
243,13,'ayah',0,32788,32796
243,14,'ayah',0,32797,32805
243,15,'ayah',0,32806,32814
244,1,'ayah',0,32815,32823
244,2,'ayah',0,32824,32832
244,3,'ayah',0,32833,32840
244,4,'ayah',0,32841,32851
244,5,'ayah',0,32852,32861
244,6,'ayah',0,32862,32871
244,7,'ayah',0,32872,32880
244,8,'ayah',0,32881,32889
244,9,'ayah',0,32890,32898
244,10,'ayah',0,32899,32909
244,11,'ayah',0,32910,32918
244,12,'ayah',0,32919,32928
244,13,'ayah',0,32929,32938
244,14,'ayah',0,32939,32948
244,15,'ayah',0,32949,32956
245,1,'ayah',0,32957,32967
245,2,'ayah',0,32968,32975
245,3,'ayah',0,32976,32984
245,4,'ayah',0,32985,32995
245,5,'ayah',0,32996,33007
245,6,'ayah',0,33008,33016
245,7,'ayah',0,33017,33025
245,8,'ayah',0,33026,33035
245,9,'ayah',0,33036,33044
245,10,'ayah',0,33045,33054
245,11,'ayah',0,33055,33062
245,12,'ayah',0,33063,33070
245,13,'ayah',0,33071,33078
245,14,'ayah',0,33079,33087
245,15,'ayah',0,33088,33097
246,1,'ayah',0,33098,33105
246,2,'ayah',0,33106,33117
246,3,'ayah',0,33118,33127
246,4,'ayah',0,33128,33135
246,5,'ayah',0,33136,33145
246,6,'ayah',0,33146,33153
246,7,'ayah',0,33154,33163
246,8,'ayah',0,33164,33173
246,9,'ayah',0,33174,33181
246,10,'ayah',0,33182,33189
246,11,'ayah',0,33190,33197
246,12,'ayah',0,33198,33206
246,13,'ayah',0,33207,33212
246,14,'ayah',0,33213,33221
246,15,'ayah',0,33222,33230
247,1,'ayah',0,33231,33240
247,2,'ayah',0,33241,33252
247,3,'ayah',0,33253,33262
247,4,'ayah',0,33263,33271
247,5,'ayah',0,33272,33280
247,6,'ayah',0,33281,33290
247,7,'ayah',0,33291,33301
247,8,'ayah',0,33302,33312
247,9,'ayah',0,33313,33323
247,10,'ayah',0,33324,33333
247,11,'ayah',0,33334,33342
247,12,'ayah',0,33343,33350
247,13,'ayah',0,33351,33358
247,14,'ayah',0,33359,33368
247,15,'ayah',0,33369,33376
248,1,'ayah',0,33377,33387
248,2,'ayah',0,33388,33395
248,3,'ayah',0,33396,33404
248,4,'ayah',0,33405,33414
248,5,'ayah',0,33415,33424
248,6,'ayah',0,33425,33434
248,7,'ayah',0,33435,33444
248,8,'ayah',0,33445,33454
248,9,'ayah',0,33455,33462
248,10,'ayah',0,33463,33471
248,11,'ayah',0,33472,33479
248,12,'ayah',0,33480,33489
248,13,'ayah',0,33490,33499
248,14,'ayah',0,33500,33506
248,15,'ayah',0,33507,33514
249,1,'surah_name',1,13,
249,2,'basmallah',1,13,
249,3,'ayah',0,33515,33524
249,4,'ayah',0,33525,33535
249,5,'ayah',0,33536,33545
249,6,'ayah',0,33546,33554
249,7,'ayah',0,33555,33564
249,8,'ayah',0,33565,33574
249,9,'ayah',0,33575,33584
249,10,'ayah',0,33585,33592
249,11,'ayah',0,33593,33601
249,12,'ayah',0,33602,33610
249,13,'ayah',0,33611,33620
249,14,'ayah',0,33621,33627
249,15,'ayah',0,33628,33636
250,1,'ayah',0,33637,33643
250,2,'ayah',0,33644,33652
250,3,'ayah',0,33653,33661
250,4,'ayah',0,33662,33672
250,5,'ayah',0,33673,33682
250,6,'ayah',0,33683,33691
250,7,'ayah',0,33692,33699
250,8,'ayah',0,33700,33708
250,9,'ayah',0,33709,33718
250,10,'ayah',0,33719,33731
250,11,'ayah',0,33732,33744
250,12,'ayah',0,33745,33752
250,13,'ayah',0,33753,33759
250,14,'ayah',0,33760,33766
250,15,'ayah',0,33767,33776
251,1,'ayah',0,33777,33788
251,2,'ayah',0,33789,33800
251,3,'ayah',0,33801,33811
251,4,'ayah',0,33812,33820
251,5,'ayah',0,33821,33831
251,6,'ayah',0,33832,33842
251,7,'ayah',0,33843,33852
251,8,'ayah',0,33853,33864
251,9,'ayah',0,33865,33873
251,10,'ayah',0,33874,33885
251,11,'ayah',0,33886,33895
251,12,'ayah',0,33896,33905
251,13,'ayah',0,33906,33913
251,14,'ayah',0,33914,33924
251,15,'ayah',0,33925,33933
252,1,'ayah',0,33934,33946
252,2,'ayah',0,33947,33956
252,3,'ayah',0,33957,33967
252,4,'ayah',0,33968,33976
252,5,'ayah',0,33977,33984
252,6,'ayah',0,33985,33994
252,7,'ayah',0,33995,34002
252,8,'ayah',0,34003,34014
252,9,'ayah',0,34015,34024
252,10,'ayah',0,34025,34035
252,11,'ayah',0,34036,34046
252,12,'ayah',0,34047,34057
252,13,'ayah',0,34058,34069
252,14,'ayah',0,34070,34079
252,15,'ayah',0,34080,34088
253,1,'ayah',0,34089,34095
253,2,'ayah',0,34096,34106
253,3,'ayah',0,34107,34114
253,4,'ayah',0,34115,34126
253,5,'ayah',0,34127,34138
253,6,'ayah',0,34139,34148
253,7,'ayah',0,34149,34159
253,8,'ayah',0,34160,34170
253,9,'ayah',0,34171,34181
253,10,'ayah',0,34182,34190
253,11,'ayah',0,34191,34201
253,12,'ayah',0,34202,34213
253,13,'ayah',0,34214,34223
253,14,'ayah',0,34224,34236
253,15,'ayah',0,34237,34247
254,1,'ayah',0,34248,34256
254,2,'ayah',0,34257,34264
254,3,'ayah',0,34265,34271
254,4,'ayah',0,34272,34282
254,5,'ayah',0,34283,34293
254,6,'ayah',0,34294,34302
254,7,'ayah',0,34303,34315
254,8,'ayah',0,34316,34325
254,9,'ayah',0,34326,34336
254,10,'ayah',0,34337,34345
254,11,'ayah',0,34346,34355
254,12,'ayah',0,34356,34365
254,13,'ayah',0,34366,34374
254,14,'ayah',0,34375,34384
254,15,'ayah',0,34385,34395
255,1,'ayah',0,34396,34403
255,2,'ayah',0,34404,34411
255,3,'surah_name',1,14,
255,4,'basmallah',1,14,
255,5,'ayah',0,34412,34419
255,6,'ayah',0,34420,34428
255,7,'ayah',0,34429,34438
255,8,'ayah',0,34439,34445
255,9,'ayah',0,34446,34453
255,10,'ayah',0,34454,34462
255,11,'ayah',0,34463,34471
255,12,'ayah',0,34472,34479
255,13,'ayah',0,34480,34486
255,14,'ayah',0,34487,34493
255,15,'ayah',0,34494,34502
256,1,'ayah',0,34503,34510
256,2,'ayah',0,34511,34518
256,3,'ayah',0,34519,34523
256,4,'ayah',0,34524,34531
256,5,'ayah',0,34532,34538
256,6,'ayah',0,34539,34549
256,7,'ayah',0,34550,34559
256,8,'ayah',0,34560,34567
256,9,'ayah',0,34568,34575
256,10,'ayah',0,34576,34584
256,11,'ayah',0,34585,34594
256,12,'ayah',0,34595,34602
256,13,'ayah',0,34603,34609
256,14,'ayah',0,34610,34619
256,15,'ayah',0,34620,34627
257,1,'ayah',0,34628,34637
257,2,'ayah',0,34638,34648
257,3,'ayah',0,34649,34656
257,4,'ayah',0,34657,34666
257,5,'ayah',0,34667,34674
257,6,'ayah',0,34675,34681
257,7,'ayah',0,34682,34690
257,8,'ayah',0,34691,34696
257,9,'ayah',0,34697,34704
257,10,'ayah',0,34705,34713
257,11,'ayah',0,34714,34721
257,12,'ayah',0,34722,34730
257,13,'ayah',0,34731,34738
257,14,'ayah',0,34739,34748
257,15,'ayah',0,34749,34757
258,1,'ayah',0,34758,34767
258,2,'ayah',0,34768,34777
258,3,'ayah',0,34778,34785
258,4,'ayah',0,34786,34796
258,5,'ayah',0,34797,34805
258,6,'ayah',0,34806,34815
258,7,'ayah',0,34816,34824
258,8,'ayah',0,34825,34834
258,9,'ayah',0,34835,34842
258,10,'ayah',0,34843,34849
258,11,'ayah',0,34850,34857
258,12,'ayah',0,34858,34864
258,13,'ayah',0,34865,34873
258,14,'ayah',0,34874,34884
258,15,'ayah',0,34885,34892
259,1,'ayah',0,34893,34901
259,2,'ayah',0,34902,34908
259,3,'ayah',0,34909,34918
259,4,'ayah',0,34919,34927
259,5,'ayah',0,34928,34934
259,6,'ayah',0,34935,34946
259,7,'ayah',0,34947,34954
259,8,'ayah',0,34955,34963
259,9,'ayah',0,34964,34972
259,10,'ayah',0,34973,34980
259,11,'ayah',0,34981,34994
259,12,'ayah',0,34995,35001
259,13,'ayah',0,35002,35010
259,14,'ayah',0,35011,35019
259,15,'ayah',0,35020,35027
260,1,'ayah',0,35028,35036
260,2,'ayah',0,35037,35044
260,3,'ayah',0,35045,35053
260,4,'ayah',0,35054,35063
260,5,'ayah',0,35064,35073
260,6,'ayah',0,35074,35084
260,7,'ayah',0,35085,35092
260,8,'ayah',0,35093,35100
260,9,'ayah',0,35101,35113
260,10,'ayah',0,35114,35124
260,11,'ayah',0,35125,35133
260,12,'ayah',0,35134,35141
260,13,'ayah',0,35142,35150
260,14,'ayah',0,35151,35158
260,15,'ayah',0,35159,35166
261,1,'ayah',0,35167,35174
261,2,'ayah',0,35175,35183
261,3,'ayah',0,35184,35192
261,4,'ayah',0,35193,35200
261,5,'ayah',0,35201,35208
261,6,'ayah',0,35209,35215
261,7,'ayah',0,35216,35223
261,8,'ayah',0,35224,35230
261,9,'ayah',0,35231,35240
261,10,'ayah',0,35241,35249
261,11,'ayah',0,35250,35257
261,12,'ayah',0,35258,35265
261,13,'ayah',0,35266,35274
261,14,'ayah',0,35275,35283
261,15,'ayah',0,35284,35293
262,1,'surah_name',1,15,
262,2,'basmallah',1,15,
262,3,'ayah',0,35294,35302
262,4,'ayah',0,35303,35310
262,5,'ayah',0,35311,35318
262,6,'ayah',0,35319,35329
262,7,'ayah',0,35330,35338
262,8,'ayah',0,35339,35348
262,9,'ayah',0,35349,35358
262,10,'ayah',0,35359,35369
262,11,'ayah',0,35370,35380
262,12,'ayah',0,35381,35389
262,13,'ayah',0,35390,35399
262,14,'ayah',0,35400,35409
262,15,'ayah',0,35410,35419
263,1,'ayah',0,35420,35427
263,2,'ayah',0,35428,35437
263,3,'ayah',0,35438,35445
263,4,'ayah',0,35446,35456
263,5,'ayah',0,35457,35467
263,6,'ayah',0,35468,35476
263,7,'ayah',0,35477,35485
263,8,'ayah',0,35486,35494
263,9,'ayah',0,35495,35502
263,10,'ayah',0,35503,35513
263,11,'ayah',0,35514,35525
263,12,'ayah',0,35526,35535
263,13,'ayah',0,35536,35545
263,14,'ayah',0,35546,35553
263,15,'ayah',0,35554,35563
264,1,'ayah',0,35564,35575
264,2,'ayah',0,35576,35585
264,3,'ayah',0,35586,35595
264,4,'ayah',0,35596,35606
264,5,'ayah',0,35607,35617
264,6,'ayah',0,35618,35625
264,7,'ayah',0,35626,35634
264,8,'ayah',0,35635,35644
264,9,'ayah',0,35645,35653
264,10,'ayah',0,35654,35663
264,11,'ayah',0,35664,35672
264,12,'ayah',0,35673,35682
264,13,'ayah',0,35683,35692
264,14,'ayah',0,35693,35701
264,15,'ayah',0,35702,35710
265,1,'ayah',0,35711,35721
265,2,'ayah',0,35722,35732
265,3,'ayah',0,35733,35740
265,4,'ayah',0,35741,35750
265,5,'ayah',0,35751,35759
265,6,'ayah',0,35760,35770
265,7,'ayah',0,35771,35779
265,8,'ayah',0,35780,35788
265,9,'ayah',0,35789,35798
265,10,'ayah',0,35799,35806
265,11,'ayah',0,35807,35816
265,12,'ayah',0,35817,35825
265,13,'ayah',0,35826,35833
265,14,'ayah',0,35834,35843
265,15,'ayah',0,35844,35853
266,1,'ayah',0,35854,35864
266,2,'ayah',0,35865,35872
266,3,'ayah',0,35873,35882
266,4,'ayah',0,35883,35892
266,5,'ayah',0,35893,35901
266,6,'ayah',0,35902,35910
266,7,'ayah',0,35911,35918
266,8,'ayah',0,35919,35927
266,9,'ayah',0,35928,35937
266,10,'ayah',0,35938,35946
266,11,'ayah',0,35947,35955
266,12,'ayah',0,35956,35964
266,13,'ayah',0,35965,35975
266,14,'ayah',0,35976,35984
266,15,'ayah',0,35985,35993
267,1,'ayah',0,35994,36000
267,2,'ayah',0,36001,36010
267,3,'ayah',0,36011,36018
267,4,'ayah',0,36019,36028
267,5,'ayah',0,36029,36038
267,6,'ayah',0,36039,36047
267,7,'surah_name',1,16,
267,8,'basmallah',1,16,
267,9,'ayah',0,36048,36056
267,10,'ayah',0,36057,36067
267,11,'ayah',0,36068,36078
267,12,'ayah',0,36079,36085
267,13,'ayah',0,36086,36094
267,14,'ayah',0,36095,36101
267,15,'ayah',0,36102,36110
268,1,'ayah',0,36111,36119
268,2,'ayah',0,36120,36127
268,3,'ayah',0,36128,36135
268,4,'ayah',0,36136,36144
268,5,'ayah',0,36145,36154
268,6,'ayah',0,36155,36162
268,7,'ayah',0,36163,36169
268,8,'ayah',0,36170,36177
268,9,'ayah',0,36178,36184
268,10,'ayah',0,36185,36192
268,11,'ayah',0,36193,36201
268,12,'ayah',0,36202,36209
268,13,'ayah',0,36210,36216
268,14,'ayah',0,36217,36223
268,15,'ayah',0,36224,36229
269,1,'ayah',0,36230,36238
269,2,'ayah',0,36239,36245
269,3,'ayah',0,36246,36255
269,4,'ayah',0,36256,36265
269,5,'ayah',0,36266,36274
269,6,'ayah',0,36275,36285
269,7,'ayah',0,36286,36294
269,8,'ayah',0,36295,36302
269,9,'ayah',0,36303,36313
269,10,'ayah',0,36314,36323
269,11,'ayah',0,36324,36330
269,12,'ayah',0,36331,36339
269,13,'ayah',0,36340,36348
269,14,'ayah',0,36349,36356
269,15,'ayah',0,36357,36365
270,1,'ayah',0,36366,36373
270,2,'ayah',0,36374,36382
270,3,'ayah',0,36383,36390
270,4,'ayah',0,36391,36400
270,5,'ayah',0,36401,36410
270,6,'ayah',0,36411,36417
270,7,'ayah',0,36418,36427
270,8,'ayah',0,36428,36436
270,9,'ayah',0,36437,36446
270,10,'ayah',0,36447,36455
270,11,'ayah',0,36456,36463
270,12,'ayah',0,36464,36472
270,13,'ayah',0,36473,36483
270,14,'ayah',0,36484,36490
270,15,'ayah',0,36491,36500
271,1,'ayah',0,36501,36511
271,2,'ayah',0,36512,36522
271,3,'ayah',0,36523,36532
271,4,'ayah',0,36533,36542
271,5,'ayah',0,36543,36550
271,6,'ayah',0,36551,36558
271,7,'ayah',0,36559,36566
271,8,'ayah',0,36567,36577
271,9,'ayah',0,36578,36587
271,10,'ayah',0,36588,36596
271,11,'ayah',0,36597,36605
271,12,'ayah',0,36606,36615
271,13,'ayah',0,36616,36627
271,14,'ayah',0,36628,36636
271,15,'ayah',0,36637,36644
272,1,'ayah',0,36645,36654
272,2,'ayah',0,36655,36664
272,3,'ayah',0,36665,36672
272,4,'ayah',0,36673,36682
272,5,'ayah',0,36683,36692
272,6,'ayah',0,36693,36703
272,7,'ayah',0,36704,36715
272,8,'ayah',0,36716,36724
272,9,'ayah',0,36725,36735
272,10,'ayah',0,36736,36744
272,11,'ayah',0,36745,36753
272,12,'ayah',0,36754,36765
272,13,'ayah',0,36766,36776
272,14,'ayah',0,36777,36787
272,15,'ayah',0,36788,36797
273,1,'ayah',0,36798,36805
273,2,'ayah',0,36806,36815
273,3,'ayah',0,36816,36824
273,4,'ayah',0,36825,36834
273,5,'ayah',0,36835,36846
273,6,'ayah',0,36847,36858
273,7,'ayah',0,36859,36867
273,8,'ayah',0,36868,36879
273,9,'ayah',0,36880,36888
273,10,'ayah',0,36889,36896
273,11,'ayah',0,36897,36905
273,12,'ayah',0,36906,36916
273,13,'ayah',0,36917,36925
273,14,'ayah',0,36926,36935
273,15,'ayah',0,36936,36943
274,1,'ayah',0,36944,36956
274,2,'ayah',0,36957,36967
274,3,'ayah',0,36968,36978
274,4,'ayah',0,36979,36986
274,5,'ayah',0,36987,36998
274,6,'ayah',0,36999,37010
274,7,'ayah',0,37011,37020
274,8,'ayah',0,37021,37031
274,9,'ayah',0,37032,37042
274,10,'ayah',0,37043,37055
274,11,'ayah',0,37056,37065
274,12,'ayah',0,37066,37074
274,13,'ayah',0,37075,37083
274,14,'ayah',0,37084,37091
274,15,'ayah',0,37092,37099
275,1,'ayah',0,37100,37110
275,2,'ayah',0,37111,37119
275,3,'ayah',0,37120,37130
275,4,'ayah',0,37131,37140
275,5,'ayah',0,37141,37149
275,6,'ayah',0,37150,37158
275,7,'ayah',0,37159,37167
275,8,'ayah',0,37168,37177
275,9,'ayah',0,37178,37186
275,10,'ayah',0,37187,37194
275,11,'ayah',0,37195,37205
275,12,'ayah',0,37206,37213
275,13,'ayah',0,37214,37219
275,14,'ayah',0,37220,37228
275,15,'ayah',0,37229,37239
276,1,'ayah',0,37240,37249
276,2,'ayah',0,37250,37256
276,3,'ayah',0,37257,37264
276,4,'ayah',0,37265,37273
276,5,'ayah',0,37274,37280
276,6,'ayah',0,37281,37287
276,7,'ayah',0,37288,37295
276,8,'ayah',0,37296,37303
276,9,'ayah',0,37304,37311
276,10,'ayah',0,37312,37320
276,11,'ayah',0,37321,37331
276,12,'ayah',0,37332,37338
276,13,'ayah',0,37339,37347
276,14,'ayah',0,37348,37354
276,15,'ayah',0,37355,37364
277,1,'ayah',0,37365,37373
277,2,'ayah',0,37374,37382
277,3,'ayah',0,37383,37391
277,4,'ayah',0,37392,37399
277,5,'ayah',0,37400,37407
277,6,'ayah',0,37408,37414
277,7,'ayah',0,37415,37419
277,8,'ayah',0,37420,37428
277,9,'ayah',0,37429,37436
277,10,'ayah',0,37437,37445
277,11,'ayah',0,37446,37453
277,12,'ayah',0,37454,37463
277,13,'ayah',0,37464,37474
277,14,'ayah',0,37475,37483
277,15,'ayah',0,37484,37492
278,1,'ayah',0,37493,37501
278,2,'ayah',0,37502,37510
278,3,'ayah',0,37511,37521
278,4,'ayah',0,37522,37531
278,5,'ayah',0,37532,37540
278,6,'ayah',0,37541,37549
278,7,'ayah',0,37550,37557
278,8,'ayah',0,37558,37566
278,9,'ayah',0,37567,37576
278,10,'ayah',0,37577,37584
278,11,'ayah',0,37585,37592
278,12,'ayah',0,37593,37600
278,13,'ayah',0,37601,37610
278,14,'ayah',0,37611,37619
278,15,'ayah',0,37620,37625
279,1,'ayah',0,37626,37633
279,2,'ayah',0,37634,37640
279,3,'ayah',0,37641,37650
279,4,'ayah',0,37651,37659
279,5,'ayah',0,37660,37666
279,6,'ayah',0,37667,37676
279,7,'ayah',0,37677,37684
279,8,'ayah',0,37685,37692
279,9,'ayah',0,37693,37699
279,10,'ayah',0,37700,37707
279,11,'ayah',0,37708,37714
279,12,'ayah',0,37715,37722
279,13,'ayah',0,37723,37729
279,14,'ayah',0,37730,37737
279,15,'ayah',0,37738,37745
280,1,'ayah',0,37746,37754
280,2,'ayah',0,37755,37764
280,3,'ayah',0,37765,37771
280,4,'ayah',0,37772,37780
280,5,'ayah',0,37781,37787
280,6,'ayah',0,37788,37794
280,7,'ayah',0,37795,37802
280,8,'ayah',0,37803,37810
280,9,'ayah',0,37811,37818
280,10,'ayah',0,37819,37829
280,11,'ayah',0,37830,37838
280,12,'ayah',0,37839,37847
280,13,'ayah',0,37848,37858
280,14,'ayah',0,37859,37869
280,15,'ayah',0,37870,37878
281,1,'ayah',0,37879,37888
281,2,'ayah',0,37889,37898
281,3,'ayah',0,37899,37909
281,4,'ayah',0,37910,37917
281,5,'ayah',0,37918,37927
281,6,'ayah',0,37928,37938
281,7,'ayah',0,37939,37946
281,8,'ayah',0,37947,37955
281,9,'ayah',0,37956,37964
281,10,'ayah',0,37965,37972
281,11,'ayah',0,37973,37982
281,12,'ayah',0,37983,37991
281,13,'ayah',0,37992,38000
281,14,'ayah',0,38001,38009
281,15,'ayah',0,38010,38019
282,1,'surah_name',1,17,
282,2,'basmallah',1,17,
282,3,'ayah',0,38020,38027
282,4,'ayah',0,38028,38037
282,5,'ayah',0,38038,38045
282,6,'ayah',0,38046,38054
282,7,'ayah',0,38055,38064
282,8,'ayah',0,38065,38073
282,9,'ayah',0,38074,38083
282,10,'ayah',0,38084,38092
282,11,'ayah',0,38093,38101
282,12,'ayah',0,38102,38108
282,13,'ayah',0,38109,38117
282,14,'ayah',0,38118,38123
282,15,'ayah',0,38124,38132
283,1,'ayah',0,38133,38142
283,2,'ayah',0,38143,38152
283,3,'ayah',0,38153,38161
283,4,'ayah',0,38162,38171
283,5,'ayah',0,38172,38180
283,6,'ayah',0,38181,38189
283,7,'ayah',0,38190,38197
283,8,'ayah',0,38198,38205
283,9,'ayah',0,38206,38215
283,10,'ayah',0,38216,38225
283,11,'ayah',0,38226,38235
283,12,'ayah',0,38236,38246
283,13,'ayah',0,38247,38257
283,14,'ayah',0,38258,38266
283,15,'ayah',0,38267,38277
284,1,'ayah',0,38278,38289
284,2,'ayah',0,38290,38298
284,3,'ayah',0,38299,38306
284,4,'ayah',0,38307,38315
284,5,'ayah',0,38316,38325
284,6,'ayah',0,38326,38333
284,7,'ayah',0,38334,38344
284,8,'ayah',0,38345,38353
284,9,'ayah',0,38354,38362
284,10,'ayah',0,38363,38371
284,11,'ayah',0,38372,38381
284,12,'ayah',0,38382,38391
284,13,'ayah',0,38392,38400
284,14,'ayah',0,38401,38409
284,15,'ayah',0,38410,38417
285,1,'ayah',0,38418,38428
285,2,'ayah',0,38429,38438
285,3,'ayah',0,38439,38448
285,4,'ayah',0,38449,38459
285,5,'ayah',0,38460,38468
285,6,'ayah',0,38469,38478
285,7,'ayah',0,38479,38489
285,8,'ayah',0,38490,38498
285,9,'ayah',0,38499,38509
285,10,'ayah',0,38510,38519
285,11,'ayah',0,38520,38528
285,12,'ayah',0,38529,38540
285,13,'ayah',0,38541,38550
285,14,'ayah',0,38551,38561
285,15,'ayah',0,38562,38572
286,1,'ayah',0,38573,38584
286,2,'ayah',0,38585,38593
286,3,'ayah',0,38594,38603
286,4,'ayah',0,38604,38614
286,5,'ayah',0,38615,38627
286,6,'ayah',0,38628,38638
286,7,'ayah',0,38639,38649
286,8,'ayah',0,38650,38659
286,9,'ayah',0,38660,38668
286,10,'ayah',0,38669,38678
286,11,'ayah',0,38679,38689
286,12,'ayah',0,38690,38701
286,13,'ayah',0,38702,38711
286,14,'ayah',0,38712,38720
286,15,'ayah',0,38721,38730
287,1,'ayah',0,38731,38741
287,2,'ayah',0,38742,38750
287,3,'ayah',0,38751,38759
287,4,'ayah',0,38760,38766
287,5,'ayah',0,38767,38777
287,6,'ayah',0,38778,38786
287,7,'ayah',0,38787,38798
287,8,'ayah',0,38799,38806
287,9,'ayah',0,38807,38816
287,10,'ayah',0,38817,38827
287,11,'ayah',0,38828,38836
287,12,'ayah',0,38837,38844
287,13,'ayah',0,38845,38853
287,14,'ayah',0,38854,38862
287,15,'ayah',0,38863,38872
288,1,'ayah',0,38873,38882
288,2,'ayah',0,38883,38891
288,3,'ayah',0,38892,38902
288,4,'ayah',0,38903,38911
288,5,'ayah',0,38912,38920
288,6,'ayah',0,38921,38928
288,7,'ayah',0,38929,38938
288,8,'ayah',0,38939,38946
288,9,'ayah',0,38947,38956
288,10,'ayah',0,38957,38964
288,11,'ayah',0,38965,38971
288,12,'ayah',0,38972,38979
288,13,'ayah',0,38980,38988
288,14,'ayah',0,38989,38996
288,15,'ayah',0,38997,39006
289,1,'ayah',0,39007,39018
289,2,'ayah',0,39019,39028
289,3,'ayah',0,39029,39039
289,4,'ayah',0,39040,39049
289,5,'ayah',0,39050,39059
289,6,'ayah',0,39060,39069
289,7,'ayah',0,39070,39077
289,8,'ayah',0,39078,39086
289,9,'ayah',0,39087,39093
289,10,'ayah',0,39094,39102
289,11,'ayah',0,39103,39112
289,12,'ayah',0,39113,39120
289,13,'ayah',0,39121,39129
289,14,'ayah',0,39130,39137
289,15,'ayah',0,39138,39147
290,1,'ayah',0,39148,39154
290,2,'ayah',0,39155,39164
290,3,'ayah',0,39165,39174
290,4,'ayah',0,39175,39183
290,5,'ayah',0,39184,39192
290,6,'ayah',0,39193,39203
290,7,'ayah',0,39204,39212
290,8,'ayah',0,39213,39221
290,9,'ayah',0,39222,39232
290,10,'ayah',0,39233,39241
290,11,'ayah',0,39242,39252
290,12,'ayah',0,39253,39263
290,13,'ayah',0,39264,39273
290,14,'ayah',0,39274,39283
290,15,'ayah',0,39284,39294
291,1,'ayah',0,39295,39305
291,2,'ayah',0,39306,39315
291,3,'ayah',0,39316,39325
291,4,'ayah',0,39326,39336
291,5,'ayah',0,39337,39347
291,6,'ayah',0,39348,39357
291,7,'ayah',0,39358,39366
291,8,'ayah',0,39367,39375
291,9,'ayah',0,39376,39387
291,10,'ayah',0,39388,39397
291,11,'ayah',0,39398,39409
291,12,'ayah',0,39410,39421
291,13,'ayah',0,39422,39428
291,14,'ayah',0,39429,39436
291,15,'ayah',0,39437,39445
292,1,'ayah',0,39446,39456
292,2,'ayah',0,39457,39465
292,3,'ayah',0,39466,39473
292,4,'ayah',0,39474,39482
292,5,'ayah',0,39483,39492
292,6,'ayah',0,39493,39501
292,7,'ayah',0,39502,39512
292,8,'ayah',0,39513,39522
292,9,'ayah',0,39523,39531
292,10,'ayah',0,39532,39541
292,11,'ayah',0,39542,39551
292,12,'ayah',0,39552,39559
292,13,'ayah',0,39560,39567
292,14,'ayah',0,39568,39577
292,15,'ayah',0,39578,39587
293,1,'ayah',0,39588,39597
293,2,'ayah',0,39598,39607
293,3,'ayah',0,39608,39621
293,4,'ayah',0,39622,39631
293,5,'ayah',0,39632,39639
293,6,'ayah',0,39640,39651
293,7,'ayah',0,39652,39660
293,8,'ayah',0,39661,39673
293,9,'ayah',0,39674,39686
293,10,'surah_name',1,18,
293,11,'basmallah',1,18,
293,12,'ayah',0,39687,39698
293,13,'ayah',0,39699,39707
293,14,'ayah',0,39708,39715
293,15,'ayah',0,39716,39725
294,1,'ayah',0,39726,39736
294,2,'ayah',0,39737,39745
294,3,'ayah',0,39746,39755
294,4,'ayah',0,39756,39765
294,5,'ayah',0,39766,39775
294,6,'ayah',0,39776,39784
294,7,'ayah',0,39785,39795
294,8,'ayah',0,39796,39805
294,9,'ayah',0,39806,39814
294,10,'ayah',0,39815,39824
294,11,'ayah',0,39825,39832
294,12,'ayah',0,39833,39841
294,13,'ayah',0,39842,39852
294,14,'ayah',0,39853,39860
294,15,'ayah',0,39861,39870
295,1,'ayah',0,39871,39879
295,2,'ayah',0,39880,39889
295,3,'ayah',0,39890,39898
295,4,'ayah',0,39899,39907
295,5,'ayah',0,39908,39918
295,6,'ayah',0,39919,39927
295,7,'ayah',0,39928,39935
295,8,'ayah',0,39936,39943
295,9,'ayah',0,39944,39950
295,10,'ayah',0,39951,39959
295,11,'ayah',0,39960,39969
295,12,'ayah',0,39970,39977
295,13,'ayah',0,39978,39984
295,14,'ayah',0,39985,39992
295,15,'ayah',0,39993,40001
296,1,'ayah',0,40002,40010
296,2,'ayah',0,40011,40019
296,3,'ayah',0,40020,40029
296,4,'ayah',0,40030,40036
296,5,'ayah',0,40037,40043
296,6,'ayah',0,40044,40051
296,7,'ayah',0,40052,40062
296,8,'ayah',0,40063,40071
296,9,'ayah',0,40072,40082
296,10,'ayah',0,40083,40093
296,11,'ayah',0,40094,40102
296,12,'ayah',0,40103,40112
296,13,'ayah',0,40113,40123
296,14,'ayah',0,40124,40133
296,15,'ayah',0,40134,40143
297,1,'ayah',0,40144,40151
297,2,'ayah',0,40152,40160
297,3,'ayah',0,40161,40171
297,4,'ayah',0,40172,40182
297,5,'ayah',0,40183,40191
297,6,'ayah',0,40192,40199
297,7,'ayah',0,40200,40207
297,8,'ayah',0,40208,40217
297,9,'ayah',0,40218,40228
297,10,'ayah',0,40229,40237
297,11,'ayah',0,40238,40246
297,12,'ayah',0,40247,40255
297,13,'ayah',0,40256,40265
297,14,'ayah',0,40266,40276
297,15,'ayah',0,40277,40286
298,1,'ayah',0,40287,40297
298,2,'ayah',0,40298,40307
298,3,'ayah',0,40308,40317
298,4,'ayah',0,40318,40328
298,5,'ayah',0,40329,40340
298,6,'ayah',0,40341,40353
298,7,'ayah',0,40354,40364
298,8,'ayah',0,40365,40372
298,9,'ayah',0,40373,40383
298,10,'ayah',0,40384,40394
298,11,'ayah',0,40395,40406
298,12,'ayah',0,40407,40417
298,13,'ayah',0,40418,40429
298,14,'ayah',0,40430,40438
298,15,'ayah',0,40439,40449
299,1,'ayah',0,40450,40456
299,2,'ayah',0,40457,40467
299,3,'ayah',0,40468,40476
299,4,'ayah',0,40477,40487
299,5,'ayah',0,40488,40496
299,6,'ayah',0,40497,40504
299,7,'ayah',0,40505,40514
299,8,'ayah',0,40515,40524
299,9,'ayah',0,40525,40535
299,10,'ayah',0,40536,40543
299,11,'ayah',0,40544,40551
299,12,'ayah',0,40552,40560
299,13,'ayah',0,40561,40568
299,14,'ayah',0,40569,40577
299,15,'ayah',0,40578,40586
300,1,'ayah',0,40587,40596
300,2,'ayah',0,40597,40606
300,3,'ayah',0,40607,40615
300,4,'ayah',0,40616,40624
300,5,'ayah',0,40625,40631
300,6,'ayah',0,40632,40641
300,7,'ayah',0,40642,40652
300,8,'ayah',0,40653,40662
300,9,'ayah',0,40663,40672
300,10,'ayah',0,40673,40681
300,11,'ayah',0,40682,40691
300,12,'ayah',0,40692,40698
300,13,'ayah',0,40699,40707
300,14,'ayah',0,40708,40716
300,15,'ayah',0,40717,40726
301,1,'ayah',0,40727,40736
301,2,'ayah',0,40737,40747
301,3,'ayah',0,40748,40756
301,4,'ayah',0,40757,40768
301,5,'ayah',0,40769,40777
301,6,'ayah',0,40778,40788
301,7,'ayah',0,40789,40799
301,8,'ayah',0,40800,40812
301,9,'ayah',0,40813,40823
301,10,'ayah',0,40824,40834
301,11,'ayah',0,40835,40844
301,12,'ayah',0,40845,40855
301,13,'ayah',0,40856,40866
301,14,'ayah',0,40867,40877
301,15,'ayah',0,40878,40888
302,1,'ayah',0,40889,40900
302,2,'ayah',0,40901,40911
302,3,'ayah',0,40912,40921
302,4,'ayah',0,40922,40930
302,5,'ayah',0,40931,40941
302,6,'ayah',0,40942,40951
302,7,'ayah',0,40952,40960
302,8,'ayah',0,40961,40970
302,9,'ayah',0,40971,40978
302,10,'ayah',0,40979,40988
302,11,'ayah',0,40989,40997
302,12,'ayah',0,40998,41007
302,13,'ayah',0,41008,41015
302,14,'ayah',0,41016,41026
302,15,'ayah',0,41027,41035
303,1,'ayah',0,41036,41048
303,2,'ayah',0,41049,41059
303,3,'ayah',0,41060,41071
303,4,'ayah',0,41072,41084
303,5,'ayah',0,41085,41095
303,6,'ayah',0,41096,41107
303,7,'ayah',0,41108,41119
303,8,'ayah',0,41120,41131
303,9,'ayah',0,41132,41142
303,10,'ayah',0,41143,41153
303,11,'ayah',0,41154,41165
303,12,'ayah',0,41166,41177
303,13,'ayah',0,41178,41188
303,14,'ayah',0,41189,41199
303,15,'ayah',0,41200,41209
304,1,'ayah',0,41210,41223
304,2,'ayah',0,41224,41234
304,3,'ayah',0,41235,41243
304,4,'ayah',0,41244,41253
304,5,'ayah',0,41254,41263
304,6,'ayah',0,41264,41274
304,7,'ayah',0,41275,41285
304,8,'ayah',0,41286,41294
304,9,'ayah',0,41295,41305
304,10,'ayah',0,41306,41316
304,11,'ayah',0,41317,41325
304,12,'ayah',0,41326,41338
304,13,'ayah',0,41339,41351
304,14,'ayah',0,41352,41364
304,15,'ayah',0,41365,41375
305,1,'surah_name',1,19,
305,2,'basmallah',1,19,
305,3,'ayah',0,41376,41383
305,4,'ayah',0,41384,41394
305,5,'ayah',0,41395,41402
305,6,'ayah',0,41403,41410
305,7,'ayah',0,41411,41420
305,8,'ayah',0,41421,41428
305,9,'ayah',0,41429,41439
305,10,'ayah',0,41440,41448
305,11,'ayah',0,41449,41457
305,12,'ayah',0,41458,41468
305,13,'ayah',0,41469,41478
305,14,'ayah',0,41479,41487
305,15,'ayah',0,41488,41496
306,1,'ayah',0,41497,41504
306,2,'ayah',0,41505,41514
306,3,'ayah',0,41515,41524
306,4,'ayah',0,41525,41534
306,5,'ayah',0,41535,41543
306,6,'ayah',0,41544,41553
306,7,'ayah',0,41554,41564
306,8,'ayah',0,41565,41574
306,9,'ayah',0,41575,41584
306,10,'ayah',0,41585,41593
306,11,'ayah',0,41594,41600
306,12,'ayah',0,41601,41609
306,13,'ayah',0,41610,41618
306,14,'ayah',0,41619,41629
306,15,'ayah',0,41630,41638
307,1,'ayah',0,41639,41648
307,2,'ayah',0,41649,41657
307,3,'ayah',0,41658,41666
307,4,'ayah',0,41667,41677
307,5,'ayah',0,41678,41688
307,6,'ayah',0,41689,41698
307,7,'ayah',0,41699,41707
307,8,'ayah',0,41708,41716
307,9,'ayah',0,41717,41725
307,10,'ayah',0,41726,41735
307,11,'ayah',0,41736,41747
307,12,'ayah',0,41748,41760
307,13,'ayah',0,41761,41768
307,14,'ayah',0,41769,41779
307,15,'ayah',0,41780,41789
308,1,'ayah',0,41790,41801
308,2,'ayah',0,41802,41812
308,3,'ayah',0,41813,41824
308,4,'ayah',0,41825,41837
308,5,'ayah',0,41838,41848
308,6,'ayah',0,41849,41858
308,7,'ayah',0,41859,41868
308,8,'ayah',0,41869,41877
308,9,'ayah',0,41878,41886
308,10,'ayah',0,41887,41896
308,11,'ayah',0,41897,41905
308,12,'ayah',0,41906,41915
308,13,'ayah',0,41916,41926
308,14,'ayah',0,41927,41936
308,15,'ayah',0,41937,41947
309,1,'ayah',0,41948,41958
309,2,'ayah',0,41959,41969
309,3,'ayah',0,41970,41979
309,4,'ayah',0,41980,41989
309,5,'ayah',0,41990,42000
309,6,'ayah',0,42001,42012
309,7,'ayah',0,42013,42022
309,8,'ayah',0,42023,42031
309,9,'ayah',0,42032,42039
309,10,'ayah',0,42040,42049
309,11,'ayah',0,42050,42059
309,12,'ayah',0,42060,42071
309,13,'ayah',0,42072,42082
309,14,'ayah',0,42083,42095
309,15,'ayah',0,42096,42106
310,1,'ayah',0,42107,42114
310,2,'ayah',0,42115,42125
310,3,'ayah',0,42126,42135
310,4,'ayah',0,42136,42143
310,5,'ayah',0,42144,42152
310,6,'ayah',0,42153,42163
310,7,'ayah',0,42164,42175
310,8,'ayah',0,42176,42184
310,9,'ayah',0,42185,42195
310,10,'ayah',0,42196,42205
310,11,'ayah',0,42206,42216
310,12,'ayah',0,42217,42228
310,13,'ayah',0,42229,42237
310,14,'ayah',0,42238,42245
310,15,'ayah',0,42246,42254
311,1,'ayah',0,42255,42262
311,2,'ayah',0,42263,42272
311,3,'ayah',0,42273,42282
311,4,'ayah',0,42283,42292
311,5,'ayah',0,42293,42300
311,6,'ayah',0,42301,42310
311,7,'ayah',0,42311,42321
311,8,'ayah',0,42322,42330
311,9,'ayah',0,42331,42341
311,10,'ayah',0,42342,42350
311,11,'ayah',0,42351,42358
311,12,'ayah',0,42359,42368
311,13,'ayah',0,42369,42380
311,14,'ayah',0,42381,42389
311,15,'ayah',0,42390,42398
312,1,'ayah',0,42399,42405
312,2,'ayah',0,42406,42413
312,3,'ayah',0,42414,42422
312,4,'ayah',0,42423,42434
312,5,'surah_name',1,20,
312,6,'basmallah',1,20,
312,7,'ayah',0,42435,42444
312,8,'ayah',0,42445,42454
312,9,'ayah',0,42455,42465
312,10,'ayah',0,42466,42475
312,11,'ayah',0,42476,42487
312,12,'ayah',0,42488,42497
312,13,'ayah',0,42498,42507
312,14,'ayah',0,42508,42518
312,15,'ayah',0,42519,42528
313,1,'ayah',0,42529,42541
313,2,'ayah',0,42542,42549
313,3,'ayah',0,42550,42559
313,4,'ayah',0,42560,42570
313,5,'ayah',0,42571,42578
313,6,'ayah',0,42579,42589
313,7,'ayah',0,42590,42599
313,8,'ayah',0,42600,42607
313,9,'ayah',0,42608,42618
313,10,'ayah',0,42619,42629
313,11,'ayah',0,42630,42641
313,12,'ayah',0,42642,42653
313,13,'ayah',0,42654,42665
313,14,'ayah',0,42666,42677
313,15,'ayah',0,42678,42687
314,1,'ayah',0,42688,42699
314,2,'ayah',0,42700,42710
314,3,'ayah',0,42711,42720
314,4,'ayah',0,42721,42731
314,5,'ayah',0,42732,42741
314,6,'ayah',0,42742,42752
314,7,'ayah',0,42753,42761
314,8,'ayah',0,42762,42774
314,9,'ayah',0,42775,42786
314,10,'ayah',0,42787,42797
314,11,'ayah',0,42798,42807
314,12,'ayah',0,42808,42818
314,13,'ayah',0,42819,42829
314,14,'ayah',0,42830,42840
314,15,'ayah',0,42841,42852
315,1,'ayah',0,42853,42864
315,2,'ayah',0,42865,42874
315,3,'ayah',0,42875,42885
315,4,'ayah',0,42886,42895
315,5,'ayah',0,42896,42904
315,6,'ayah',0,42905,42913
315,7,'ayah',0,42914,42921
315,8,'ayah',0,42922,42931
315,9,'ayah',0,42932,42941
315,10,'ayah',0,42942,42951
315,11,'ayah',0,42952,42960
315,12,'ayah',0,42961,42969
315,13,'ayah',0,42970,42978
315,14,'ayah',0,42979,42986
315,15,'ayah',0,42987,42996
316,1,'ayah',0,42997,43009
316,2,'ayah',0,43010,43020
316,3,'ayah',0,43021,43031
316,4,'ayah',0,43032,43043
316,5,'ayah',0,43044,43054
316,6,'ayah',0,43055,43066
316,7,'ayah',0,43067,43074
316,8,'ayah',0,43075,43082
316,9,'ayah',0,43083,43094
316,10,'ayah',0,43095,43104
316,11,'ayah',0,43105,43115
316,12,'ayah',0,43116,43127
316,13,'ayah',0,43128,43140
316,14,'ayah',0,43141,43149
316,15,'ayah',0,43150,43160
317,1,'ayah',0,43161,43170
317,2,'ayah',0,43171,43181
317,3,'ayah',0,43182,43191
317,4,'ayah',0,43192,43201
317,5,'ayah',0,43202,43210
317,6,'ayah',0,43211,43220
317,7,'ayah',0,43221,43231
317,8,'ayah',0,43232,43240
317,9,'ayah',0,43241,43250
317,10,'ayah',0,43251,43261
317,11,'ayah',0,43262,43270
317,12,'ayah',0,43271,43278
317,13,'ayah',0,43279,43288
317,14,'ayah',0,43289,43297
317,15,'ayah',0,43298,43306
318,1,'ayah',0,43307,43315
318,2,'ayah',0,43316,43326
318,3,'ayah',0,43327,43338
318,4,'ayah',0,43339,43347
318,5,'ayah',0,43348,43358
318,6,'ayah',0,43359,43369
318,7,'ayah',0,43370,43379
318,8,'ayah',0,43380,43389
318,9,'ayah',0,43390,43398
318,10,'ayah',0,43399,43407
318,11,'ayah',0,43408,43414
318,12,'ayah',0,43415,43425
318,13,'ayah',0,43426,43434
318,14,'ayah',0,43435,43443
318,15,'ayah',0,43444,43455
319,1,'ayah',0,43456,43467
319,2,'ayah',0,43468,43477
319,3,'ayah',0,43478,43488
319,4,'ayah',0,43489,43496
319,5,'ayah',0,43497,43508
319,6,'ayah',0,43509,43518
319,7,'ayah',0,43519,43527
319,8,'ayah',0,43528,43537
319,9,'ayah',0,43538,43547
319,10,'ayah',0,43548,43559
319,11,'ayah',0,43560,43570
319,12,'ayah',0,43571,43579
319,13,'ayah',0,43580,43589
319,14,'ayah',0,43590,43598
319,15,'ayah',0,43599,43609
320,1,'ayah',0,43610,43619
320,2,'ayah',0,43620,43629
320,3,'ayah',0,43630,43641
320,4,'ayah',0,43642,43648
320,5,'ayah',0,43649,43658
320,6,'ayah',0,43659,43670
320,7,'ayah',0,43671,43679
320,8,'ayah',0,43680,43688
320,9,'ayah',0,43689,43697
320,10,'ayah',0,43698,43707
320,11,'ayah',0,43708,43717
320,12,'ayah',0,43718,43725
320,13,'ayah',0,43726,43736
320,14,'ayah',0,43737,43744
320,15,'ayah',0,43745,43755
321,1,'ayah',0,43756,43765
321,2,'ayah',0,43766,43775
321,3,'ayah',0,43776,43786
321,4,'ayah',0,43787,43797
321,5,'ayah',0,43798,43807
321,6,'ayah',0,43808,43817
321,7,'ayah',0,43818,43827
321,8,'ayah',0,43828,43838
321,9,'ayah',0,43839,43848
321,10,'ayah',0,43849,43857
321,11,'ayah',0,43858,43869
321,12,'ayah',0,43870,43878
321,13,'ayah',0,43879,43887
321,14,'ayah',0,43888,43896
321,15,'ayah',0,43897,43904
322,1,'surah_name',1,21,
322,2,'basmallah',1,21,
322,3,'ayah',0,43905,43912
322,4,'ayah',0,43913,43922
322,5,'ayah',0,43923,43930
322,6,'ayah',0,43931,43938
322,7,'ayah',0,43939,43947
322,8,'ayah',0,43948,43956
322,9,'ayah',0,43957,43965
322,10,'ayah',0,43966,43974
322,11,'ayah',0,43975,43984
322,12,'ayah',0,43985,43993
322,13,'ayah',0,43994,44002
322,14,'ayah',0,44003,44009
322,15,'ayah',0,44010,44018
323,1,'ayah',0,44019,44027
323,2,'ayah',0,44028,44037
323,3,'ayah',0,44038,44046
323,4,'ayah',0,44047,44057
323,5,'ayah',0,44058,44065
323,6,'ayah',0,44066,44076
323,7,'ayah',0,44077,44086
323,8,'ayah',0,44087,44096
323,9,'ayah',0,44097,44106
323,10,'ayah',0,44107,44114
323,11,'ayah',0,44115,44124
323,12,'ayah',0,44125,44136
323,13,'ayah',0,44137,44147
323,14,'ayah',0,44148,44158
323,15,'ayah',0,44159,44169
324,1,'ayah',0,44170,44181
324,2,'ayah',0,44182,44190
324,3,'ayah',0,44191,44198
324,4,'ayah',0,44199,44207
324,5,'ayah',0,44208,44216
324,6,'ayah',0,44217,44226
324,7,'ayah',0,44227,44235
324,8,'ayah',0,44236,44242
324,9,'ayah',0,44243,44253
324,10,'ayah',0,44254,44262
324,11,'ayah',0,44263,44270
324,12,'ayah',0,44271,44279
324,13,'ayah',0,44280,44290
324,14,'ayah',0,44291,44299
324,15,'ayah',0,44300,44307
325,1,'ayah',0,44308,44315
325,2,'ayah',0,44316,44322
325,3,'ayah',0,44323,44330
325,4,'ayah',0,44331,44338
325,5,'ayah',0,44339,44347
325,6,'ayah',0,44348,44356
325,7,'ayah',0,44357,44364
325,8,'ayah',0,44365,44372
325,9,'ayah',0,44373,44382
325,10,'ayah',0,44383,44390
325,11,'ayah',0,44391,44399
325,12,'ayah',0,44400,44407
325,13,'ayah',0,44408,44416
325,14,'ayah',0,44417,44425
325,15,'ayah',0,44426,44432
326,1,'ayah',0,44433,44441
326,2,'ayah',0,44442,44450
326,3,'ayah',0,44451,44458
326,4,'ayah',0,44459,44467
326,5,'ayah',0,44468,44476
326,6,'ayah',0,44477,44484
326,7,'ayah',0,44485,44492
326,8,'ayah',0,44493,44501
326,9,'ayah',0,44502,44510
326,10,'ayah',0,44511,44521
326,11,'ayah',0,44522,44531
326,12,'ayah',0,44532,44541
326,13,'ayah',0,44542,44553
326,14,'ayah',0,44554,44561
326,15,'ayah',0,44562,44570
327,1,'ayah',0,44571,44578
327,2,'ayah',0,44579,44588
327,3,'ayah',0,44589,44599
327,4,'ayah',0,44600,44608
327,5,'ayah',0,44609,44616
327,6,'ayah',0,44617,44624
327,7,'ayah',0,44625,44633
327,8,'ayah',0,44634,44641
327,9,'ayah',0,44642,44650
327,10,'ayah',0,44651,44660
327,11,'ayah',0,44661,44668
327,12,'ayah',0,44669,44678
327,13,'ayah',0,44679,44685
327,14,'ayah',0,44686,44694
327,15,'ayah',0,44695,44702
328,1,'ayah',0,44703,44709
328,2,'ayah',0,44710,44716
328,3,'ayah',0,44717,44724
328,4,'ayah',0,44725,44733
328,5,'ayah',0,44734,44741
328,6,'ayah',0,44742,44750
328,7,'ayah',0,44751,44758
328,8,'ayah',0,44759,44766
328,9,'ayah',0,44767,44775
328,10,'ayah',0,44776,44783
328,11,'ayah',0,44784,44790
328,12,'ayah',0,44791,44798
328,13,'ayah',0,44799,44805
328,14,'ayah',0,44806,44814
328,15,'ayah',0,44815,44824
329,1,'ayah',0,44825,44831
329,2,'ayah',0,44832,44839
329,3,'ayah',0,44840,44848
329,4,'ayah',0,44849,44857
329,5,'ayah',0,44858,44865
329,6,'ayah',0,44866,44872
329,7,'ayah',0,44873,44879
329,8,'ayah',0,44880,44890
329,9,'ayah',0,44891,44900
329,10,'ayah',0,44901,44907
329,11,'ayah',0,44908,44914
329,12,'ayah',0,44915,44924
329,13,'ayah',0,44925,44931
329,14,'ayah',0,44932,44938
329,15,'ayah',0,44939,44945
330,1,'ayah',0,44946,44952
330,2,'ayah',0,44953,44959
330,3,'ayah',0,44960,44966
330,4,'ayah',0,44967,44973
330,5,'ayah',0,44974,44981
330,6,'ayah',0,44982,44989
330,7,'ayah',0,44990,44997
330,8,'ayah',0,44998,45005
330,9,'ayah',0,45006,45013
330,10,'ayah',0,45014,45023
330,11,'ayah',0,45024,45030
330,12,'ayah',0,45031,45039
330,13,'ayah',0,45040,45047
330,14,'ayah',0,45048,45057
330,15,'ayah',0,45058,45065
331,1,'ayah',0,45066,45073
331,2,'ayah',0,45074,45080
331,3,'ayah',0,45081,45086
331,4,'ayah',0,45087,45094
331,5,'ayah',0,45095,45103
331,6,'ayah',0,45104,45113
331,7,'ayah',0,45114,45121
331,8,'ayah',0,45122,45129
331,9,'ayah',0,45130,45138
331,10,'ayah',0,45139,45146
331,11,'ayah',0,45147,45156
331,12,'ayah',0,45157,45164
331,13,'ayah',0,45165,45175
331,14,'ayah',0,45176,45185
331,15,'surah_name',1,22,
332,1,'basmallah',1,22,
332,2,'ayah',0,45186,45193
332,3,'ayah',0,45194,45201
332,4,'ayah',0,45202,45209
332,5,'ayah',0,45210,45217
332,6,'ayah',0,45218,45228
332,7,'ayah',0,45229,45238
332,8,'ayah',0,45239,45248
332,9,'ayah',0,45249,45259
332,10,'ayah',0,45260,45269
332,11,'ayah',0,45270,45279
332,12,'ayah',0,45280,45286
332,13,'ayah',0,45287,45295
332,14,'ayah',0,45296,45304
332,15,'ayah',0,45305,45313
333,1,'ayah',0,45314,45326
333,2,'ayah',0,45327,45338
333,3,'ayah',0,45339,45350
333,4,'ayah',0,45351,45362
333,5,'ayah',0,45363,45371
333,6,'ayah',0,45372,45382
333,7,'ayah',0,45383,45394
333,8,'ayah',0,45395,45403
333,9,'ayah',0,45404,45413
333,10,'ayah',0,45414,45423
333,11,'ayah',0,45424,45432
333,12,'ayah',0,45433,45440
333,13,'ayah',0,45441,45452
333,14,'ayah',0,45453,45463
333,15,'ayah',0,45464,45473
334,1,'ayah',0,45474,45482
334,2,'ayah',0,45483,45490
334,3,'ayah',0,45491,45497
334,4,'ayah',0,45498,45510
334,5,'ayah',0,45511,45520
334,6,'ayah',0,45521,45527
334,7,'ayah',0,45528,45538
334,8,'ayah',0,45539,45547
334,9,'ayah',0,45548,45557
334,10,'ayah',0,45558,45567
334,11,'ayah',0,45568,45576
334,12,'ayah',0,45577,45586
334,13,'ayah',0,45587,45594
334,14,'ayah',0,45595,45602
334,15,'ayah',0,45603,45610
335,1,'ayah',0,45611,45619
335,2,'ayah',0,45620,45628
335,3,'ayah',0,45629,45636
335,4,'ayah',0,45637,45646
335,5,'ayah',0,45647,45655
335,6,'ayah',0,45656,45661
335,7,'ayah',0,45662,45670
335,8,'ayah',0,45671,45679
335,9,'ayah',0,45680,45687
335,10,'ayah',0,45688,45696
335,11,'ayah',0,45697,45703
335,12,'ayah',0,45704,45710
335,13,'ayah',0,45711,45719
335,14,'ayah',0,45720,45726
335,15,'ayah',0,45727,45733
336,1,'ayah',0,45734,45744
336,2,'ayah',0,45745,45754
336,3,'ayah',0,45755,45764
336,4,'ayah',0,45765,45775
336,5,'ayah',0,45776,45783
336,6,'ayah',0,45784,45793
336,7,'ayah',0,45794,45803
336,8,'ayah',0,45804,45811
336,9,'ayah',0,45812,45819
336,10,'ayah',0,45820,45830
336,11,'ayah',0,45831,45838
336,12,'ayah',0,45839,45848
336,13,'ayah',0,45849,45856
336,14,'ayah',0,45857,45865
336,15,'ayah',0,45866,45877
337,1,'ayah',0,45878,45886
337,2,'ayah',0,45887,45896
337,3,'ayah',0,45897,45906
337,4,'ayah',0,45907,45914
337,5,'ayah',0,45915,45922
337,6,'ayah',0,45923,45931
337,7,'ayah',0,45932,45938
337,8,'ayah',0,45939,45946
337,9,'ayah',0,45947,45957
337,10,'ayah',0,45958,45964
337,11,'ayah',0,45965,45972
337,12,'ayah',0,45973,45979
337,13,'ayah',0,45980,45988
337,14,'ayah',0,45989,45998
337,15,'ayah',0,45999,46008
338,1,'ayah',0,46009,46016
338,2,'ayah',0,46017,46025
338,3,'ayah',0,46026,46034
338,4,'ayah',0,46035,46045
338,5,'ayah',0,46046,46053
338,6,'ayah',0,46054,46061
338,7,'ayah',0,46062,46073
338,8,'ayah',0,46074,46082
338,9,'ayah',0,46083,46091
338,10,'ayah',0,46092,46100
338,11,'ayah',0,46101,46108
338,12,'ayah',0,46109,46117
338,13,'ayah',0,46118,46127
338,14,'ayah',0,46128,46137
338,15,'ayah',0,46138,46146
339,1,'ayah',0,46147,46153
339,2,'ayah',0,46154,46161
339,3,'ayah',0,46162,46168
339,4,'ayah',0,46169,46177
339,5,'ayah',0,46178,46185
339,6,'ayah',0,46186,46191
339,7,'ayah',0,46192,46199
339,8,'ayah',0,46200,46209
339,9,'ayah',0,46210,46218
339,10,'ayah',0,46219,46227
339,11,'ayah',0,46228,46237
339,12,'ayah',0,46238,46246
339,13,'ayah',0,46247,46256
339,14,'ayah',0,46257,46266
339,15,'ayah',0,46267,46275
340,1,'ayah',0,46276,46288
340,2,'ayah',0,46289,46298
340,3,'ayah',0,46299,46306
340,4,'ayah',0,46307,46314
340,5,'ayah',0,46315,46322
340,6,'ayah',0,46323,46332
340,7,'ayah',0,46333,46342
340,8,'ayah',0,46343,46350
340,9,'ayah',0,46351,46361
340,10,'ayah',0,46362,46372
340,11,'ayah',0,46373,46385
340,12,'ayah',0,46386,46395
340,13,'ayah',0,46396,46401
340,14,'ayah',0,46402,46409
340,15,'ayah',0,46410,46418
341,1,'ayah',0,46419,46426
341,2,'ayah',0,46427,46436
341,3,'ayah',0,46437,46444
341,4,'ayah',0,46445,46453
341,5,'ayah',0,46454,46461
341,6,'ayah',0,46462,46470
341,7,'ayah',0,46471,46480
341,8,'ayah',0,46481,46486
341,9,'ayah',0,46487,46492
341,10,'ayah',0,46493,46501
341,11,'ayah',0,46502,46511
341,12,'ayah',0,46512,46520
341,13,'ayah',0,46521,46528
341,14,'ayah',0,46529,46537
341,15,'surah_name',1,23,
342,1,'basmallah',1,23,
342,2,'ayah',0,46538,46547
342,3,'ayah',0,46548,46556
342,4,'ayah',0,46557,46565
342,5,'ayah',0,46566,46574
342,6,'ayah',0,46575,46584
342,7,'ayah',0,46585,46592
342,8,'ayah',0,46593,46600
342,9,'ayah',0,46601,46609
342,10,'ayah',0,46610,46621
342,11,'ayah',0,46622,46628
342,12,'ayah',0,46629,46636
342,13,'ayah',0,46637,46646
342,14,'ayah',0,46647,46655
342,15,'ayah',0,46656,46665
343,1,'ayah',0,46666,46676
343,2,'ayah',0,46677,46686
343,3,'ayah',0,46687,46696
343,4,'ayah',0,46697,46706
343,5,'ayah',0,46707,46716
343,6,'ayah',0,46717,46725
343,7,'ayah',0,46726,46737
343,8,'ayah',0,46738,46749
343,9,'ayah',0,46750,46760
343,10,'ayah',0,46761,46771
343,11,'ayah',0,46772,46782
343,12,'ayah',0,46783,46791
343,13,'ayah',0,46792,46800
343,14,'ayah',0,46801,46809
343,15,'ayah',0,46810,46818
344,1,'ayah',0,46819,46830
344,2,'ayah',0,46831,46841
344,3,'ayah',0,46842,46853
344,4,'ayah',0,46854,46864
344,5,'ayah',0,46865,46877
344,6,'ayah',0,46878,46886
344,7,'ayah',0,46887,46897
344,8,'ayah',0,46898,46906
344,9,'ayah',0,46907,46916
344,10,'ayah',0,46917,46926
344,11,'ayah',0,46927,46937
344,12,'ayah',0,46938,46948
344,13,'ayah',0,46949,46958
344,14,'ayah',0,46959,46965
344,15,'ayah',0,46966,46974
345,1,'ayah',0,46975,46986
345,2,'ayah',0,46987,46996
345,3,'ayah',0,46997,47006
345,4,'ayah',0,47007,47014
345,5,'ayah',0,47015,47023
345,6,'ayah',0,47024,47031
345,7,'ayah',0,47032,47040
345,8,'ayah',0,47041,47050
345,9,'ayah',0,47051,47060
345,10,'ayah',0,47061,47070
345,11,'ayah',0,47071,47080
345,12,'ayah',0,47081,47090
345,13,'ayah',0,47091,47103
345,14,'ayah',0,47104,47114
345,15,'ayah',0,47115,47124
346,1,'ayah',0,47125,47135
346,2,'ayah',0,47136,47145
346,3,'ayah',0,47146,47156
346,4,'ayah',0,47157,47169
346,5,'ayah',0,47170,47179
346,6,'ayah',0,47180,47191
346,7,'ayah',0,47192,47199
346,8,'ayah',0,47200,47211
346,9,'ayah',0,47212,47221
346,10,'ayah',0,47222,47231
346,11,'ayah',0,47232,47239
346,12,'ayah',0,47240,47247
346,13,'ayah',0,47248,47256
346,14,'ayah',0,47257,47266
346,15,'ayah',0,47267,47275
347,1,'ayah',0,47276,47285
347,2,'ayah',0,47286,47293
347,3,'ayah',0,47294,47304
347,4,'ayah',0,47305,47315
347,5,'ayah',0,47316,47325
347,6,'ayah',0,47326,47334
347,7,'ayah',0,47335,47344
347,8,'ayah',0,47345,47353
347,9,'ayah',0,47354,47364
347,10,'ayah',0,47365,47374
347,11,'ayah',0,47375,47382
347,12,'ayah',0,47383,47391
347,13,'ayah',0,47392,47401
347,14,'ayah',0,47402,47410
347,15,'ayah',0,47411,47419
348,1,'ayah',0,47420,47430
348,2,'ayah',0,47431,47442
348,3,'ayah',0,47443,47451
348,4,'ayah',0,47452,47459
348,5,'ayah',0,47460,47469
348,6,'ayah',0,47470,47479
348,7,'ayah',0,47480,47489
348,8,'ayah',0,47490,47499
348,9,'ayah',0,47500,47510
348,10,'ayah',0,47511,47520
348,11,'ayah',0,47521,47531
348,12,'ayah',0,47532,47540
348,13,'ayah',0,47541,47548
348,14,'ayah',0,47549,47556
348,15,'ayah',0,47557,47565
349,1,'ayah',0,47566,47575
349,2,'ayah',0,47576,47584
349,3,'ayah',0,47585,47594
349,4,'ayah',0,47595,47604
349,5,'ayah',0,47605,47613
349,6,'ayah',0,47614,47621
349,7,'ayah',0,47622,47631
349,8,'ayah',0,47632,47643
349,9,'ayah',0,47644,47654
349,10,'ayah',0,47655,47662
349,11,'ayah',0,47663,47673
349,12,'ayah',0,47674,47683
349,13,'ayah',0,47684,47695
349,14,'ayah',0,47696,47705
349,15,'surah_name',1,24,
350,1,'basmallah',1,24,
350,2,'ayah',0,47706,47714
350,3,'ayah',0,47715,47725
350,4,'ayah',0,47726,47737
350,5,'ayah',0,47738,47748
350,6,'ayah',0,47749,47759
350,7,'ayah',0,47760,47769
350,8,'ayah',0,47770,47779
350,9,'ayah',0,47780,47791
350,10,'ayah',0,47792,47802
350,11,'ayah',0,47803,47811
350,12,'ayah',0,47812,47822
350,13,'ayah',0,47823,47832
350,14,'ayah',0,47833,47843
350,15,'ayah',0,47844,47853
351,1,'ayah',0,47854,47865
351,2,'ayah',0,47866,47876
351,3,'ayah',0,47877,47887
351,4,'ayah',0,47888,47896
351,5,'ayah',0,47897,47905
351,6,'ayah',0,47906,47915
351,7,'ayah',0,47916,47926
351,8,'ayah',0,47927,47936
351,9,'ayah',0,47937,47946
351,10,'ayah',0,47947,47957
351,11,'ayah',0,47958,47968
351,12,'ayah',0,47969,47978
351,13,'ayah',0,47979,47988
351,14,'ayah',0,47989,47998
351,15,'ayah',0,47999,48007
352,1,'ayah',0,48008,48016
352,2,'ayah',0,48017,48024
352,3,'ayah',0,48025,48036
352,4,'ayah',0,48037,48047
352,5,'ayah',0,48048,48055
352,6,'ayah',0,48056,48065
352,7,'ayah',0,48066,48074
352,8,'ayah',0,48075,48083
352,9,'ayah',0,48084,48092
352,10,'ayah',0,48093,48103
352,11,'ayah',0,48104,48109
352,12,'ayah',0,48110,48115
352,13,'ayah',0,48116,48124
352,14,'ayah',0,48125,48132
352,15,'ayah',0,48133,48141
353,1,'ayah',0,48142,48152
353,2,'ayah',0,48153,48162
353,3,'ayah',0,48163,48172
353,4,'ayah',0,48173,48182
353,5,'ayah',0,48183,48189
353,6,'ayah',0,48190,48200
353,7,'ayah',0,48201,48207
353,8,'ayah',0,48208,48216
353,9,'ayah',0,48217,48224
353,10,'ayah',0,48225,48231
353,11,'ayah',0,48232,48241
353,12,'ayah',0,48242,48251
353,13,'ayah',0,48252,48260
353,14,'ayah',0,48261,48269
353,15,'ayah',0,48270,48277
354,1,'ayah',0,48278,48285
354,2,'ayah',0,48286,48295
354,3,'ayah',0,48296,48305
354,4,'ayah',0,48306,48313
354,5,'ayah',0,48314,48323
354,6,'ayah',0,48324,48333
354,7,'ayah',0,48334,48343
354,8,'ayah',0,48344,48353
354,9,'ayah',0,48354,48361
354,10,'ayah',0,48362,48370
354,11,'ayah',0,48371,48379
354,12,'ayah',0,48380,48390
354,13,'ayah',0,48391,48401
354,14,'ayah',0,48402,48413
354,15,'ayah',0,48414,48422
355,1,'ayah',0,48423,48434
355,2,'ayah',0,48435,48442
355,3,'ayah',0,48443,48452
355,4,'ayah',0,48453,48461
355,5,'ayah',0,48462,48471
355,6,'ayah',0,48472,48480
355,7,'ayah',0,48481,48491
355,8,'ayah',0,48492,48501
355,9,'ayah',0,48502,48517
355,10,'ayah',0,48518,48528
355,11,'ayah',0,48529,48538
355,12,'ayah',0,48539,48549
355,13,'ayah',0,48550,48560
355,14,'ayah',0,48561,48573
355,15,'ayah',0,48574,48583
356,1,'ayah',0,48584,48594
356,2,'ayah',0,48595,48607
356,3,'ayah',0,48608,48619
356,4,'ayah',0,48620,48630
356,5,'ayah',0,48631,48639
356,6,'ayah',0,48640,48649
356,7,'ayah',0,48650,48659
356,8,'ayah',0,48660,48670
356,9,'ayah',0,48671,48681
356,10,'ayah',0,48682,48691
356,11,'ayah',0,48692,48702
356,12,'ayah',0,48703,48711
356,13,'ayah',0,48712,48720
356,14,'ayah',0,48721,48729
356,15,'ayah',0,48730,48739
357,1,'ayah',0,48740,48750
357,2,'ayah',0,48751,48759
357,3,'ayah',0,48760,48769
357,4,'ayah',0,48770,48775
357,5,'ayah',0,48776,48784
357,6,'ayah',0,48785,48793
357,7,'ayah',0,48794,48802
357,8,'ayah',0,48803,48809
357,9,'ayah',0,48810,48818
357,10,'ayah',0,48819,48826
357,11,'ayah',0,48827,48835
357,12,'ayah',0,48836,48846
357,13,'ayah',0,48847,48855
357,14,'ayah',0,48856,48863
357,15,'ayah',0,48864,48873
358,1,'ayah',0,48874,48881
358,2,'ayah',0,48882,48890
358,3,'ayah',0,48891,48899
358,4,'ayah',0,48900,48906
358,5,'ayah',0,48907,48914
358,6,'ayah',0,48915,48924
358,7,'ayah',0,48925,48934
358,8,'ayah',0,48935,48942
358,9,'ayah',0,48943,48950
358,10,'ayah',0,48951,48957
358,11,'ayah',0,48958,48964
358,12,'ayah',0,48965,48971
358,13,'ayah',0,48972,48980
358,14,'ayah',0,48981,48987
358,15,'ayah',0,48988,48994
359,1,'ayah',0,48995,49003
359,2,'ayah',0,49004,49013
359,3,'ayah',0,49014,49020
359,4,'ayah',0,49021,49028
359,5,'ayah',0,49029,49038
359,6,'ayah',0,49039,49046
359,7,'ayah',0,49047,49054
359,8,'ayah',0,49055,49065
359,9,'ayah',0,49066,49075
359,10,'ayah',0,49076,49085
359,11,'surah_name',1,25,
359,12,'basmallah',1,25,
359,13,'ayah',0,49086,49094
359,14,'ayah',0,49095,49104
359,15,'ayah',0,49105,49115
360,1,'ayah',0,49116,49124
360,2,'ayah',0,49125,49133
360,3,'ayah',0,49134,49145
360,4,'ayah',0,49146,49154
360,5,'ayah',0,49155,49161
360,6,'ayah',0,49162,49170
360,7,'ayah',0,49171,49179
360,8,'ayah',0,49180,49187
360,9,'ayah',0,49188,49197
360,10,'ayah',0,49198,49206
360,11,'ayah',0,49207,49214
360,12,'ayah',0,49215,49221
360,13,'ayah',0,49222,49232
360,14,'ayah',0,49233,49242
360,15,'ayah',0,49243,49250
361,1,'ayah',0,49251,49261
361,2,'ayah',0,49262,49270
361,3,'ayah',0,49271,49280
361,4,'ayah',0,49281,49289
361,5,'ayah',0,49290,49298
361,6,'ayah',0,49299,49307
361,7,'ayah',0,49308,49315
361,8,'ayah',0,49316,49325
361,9,'ayah',0,49326,49335
361,10,'ayah',0,49336,49344
361,11,'ayah',0,49345,49351
361,12,'ayah',0,49352,49359
361,13,'ayah',0,49360,49367
361,14,'ayah',0,49368,49373
361,15,'ayah',0,49374,49380
362,1,'ayah',0,49381,49389
362,2,'ayah',0,49390,49399
362,3,'ayah',0,49400,49408
362,4,'ayah',0,49409,49418
362,5,'ayah',0,49419,49426
362,6,'ayah',0,49427,49435
362,7,'ayah',0,49436,49444
362,8,'ayah',0,49445,49453
362,9,'ayah',0,49454,49463
362,10,'ayah',0,49464,49473
362,11,'ayah',0,49474,49480
362,12,'ayah',0,49481,49489
362,13,'ayah',0,49490,49498
362,14,'ayah',0,49499,49508
362,15,'ayah',0,49509,49516
363,1,'ayah',0,49517,49525
363,2,'ayah',0,49526,49533
363,3,'ayah',0,49534,49541
363,4,'ayah',0,49542,49550
363,5,'ayah',0,49551,49558
363,6,'ayah',0,49559,49565
363,7,'ayah',0,49566,49573
363,8,'ayah',0,49574,49582
363,9,'ayah',0,49583,49592
363,10,'ayah',0,49593,49600
363,11,'ayah',0,49601,49609
363,12,'ayah',0,49610,49619
363,13,'ayah',0,49620,49627
363,14,'ayah',0,49628,49636
363,15,'ayah',0,49637,49645
364,1,'ayah',0,49646,49655
364,2,'ayah',0,49656,49667
364,3,'ayah',0,49668,49677
364,4,'ayah',0,49678,49687
364,5,'ayah',0,49688,49696
364,6,'ayah',0,49697,49705
364,7,'ayah',0,49706,49715
364,8,'ayah',0,49716,49724
364,9,'ayah',0,49725,49733
364,10,'ayah',0,49734,49742
364,11,'ayah',0,49743,49750
364,12,'ayah',0,49751,49760
364,13,'ayah',0,49761,49770
364,14,'ayah',0,49771,49780
364,15,'ayah',0,49781,49791
365,1,'ayah',0,49792,49801
365,2,'ayah',0,49802,49813
365,3,'ayah',0,49814,49823
365,4,'ayah',0,49824,49832
365,5,'ayah',0,49833,49842
365,6,'ayah',0,49843,49852
365,7,'ayah',0,49853,49861
365,8,'ayah',0,49862,49871
365,9,'ayah',0,49872,49882
365,10,'ayah',0,49883,49890
365,11,'ayah',0,49891,49898
365,12,'ayah',0,49899,49905
365,13,'ayah',0,49906,49914
365,14,'ayah',0,49915,49923
365,15,'ayah',0,49924,49932
366,1,'ayah',0,49933,49942
366,2,'ayah',0,49943,49953
366,3,'ayah',0,49954,49962
366,4,'ayah',0,49963,49971
366,5,'ayah',0,49972,49979
366,6,'ayah',0,49980,49989
366,7,'ayah',0,49990,49998
366,8,'ayah',0,49999,50006
366,9,'ayah',0,50007,50015
366,10,'ayah',0,50016,50023
366,11,'ayah',0,50024,50030
366,12,'ayah',0,50031,50037
366,13,'ayah',0,50038,50047
366,14,'ayah',0,50048,50055
366,15,'surah_name',1,26,
367,1,'basmallah',1,26,
367,2,'ayah',0,50056,50065
367,3,'ayah',0,50066,50077
367,4,'ayah',0,50078,50088
367,5,'ayah',0,50089,50099
367,6,'ayah',0,50100,50112
367,7,'ayah',0,50113,50124
367,8,'ayah',0,50125,50136
367,9,'ayah',0,50137,50147
367,10,'ayah',0,50148,50156
367,11,'ayah',0,50157,50167
367,12,'ayah',0,50168,50176
367,13,'ayah',0,50177,50187
367,14,'ayah',0,50188,50199
367,15,'ayah',0,50200,50207
368,1,'ayah',0,50208,50218
368,2,'ayah',0,50219,50229
368,3,'ayah',0,50230,50240
368,4,'ayah',0,50241,50250
368,5,'ayah',0,50251,50261
368,6,'ayah',0,50262,50271
368,7,'ayah',0,50272,50282
368,8,'ayah',0,50283,50291
368,9,'ayah',0,50292,50302
368,10,'ayah',0,50303,50313
368,11,'ayah',0,50314,50324
368,12,'ayah',0,50325,50333
368,13,'ayah',0,50334,50342
368,14,'ayah',0,50343,50350
368,15,'ayah',0,50351,50360
369,1,'ayah',0,50361,50371
369,2,'ayah',0,50372,50383
369,3,'ayah',0,50384,50395
369,4,'ayah',0,50396,50404
369,5,'ayah',0,50405,50414
369,6,'ayah',0,50415,50424
369,7,'ayah',0,50425,50436
369,8,'ayah',0,50437,50444
369,9,'ayah',0,50445,50454
369,10,'ayah',0,50455,50467
369,11,'ayah',0,50468,50477
369,12,'ayah',0,50478,50487
369,13,'ayah',0,50488,50497
369,14,'ayah',0,50498,50507
369,15,'ayah',0,50508,50515
370,1,'ayah',0,50516,50525
370,2,'ayah',0,50526,50536
370,3,'ayah',0,50537,50545
370,4,'ayah',0,50546,50555
370,5,'ayah',0,50556,50566
370,6,'ayah',0,50567,50576
370,7,'ayah',0,50577,50587
370,8,'ayah',0,50588,50597
370,9,'ayah',0,50598,50608
370,10,'ayah',0,50609,50618
370,11,'ayah',0,50619,50627
370,12,'ayah',0,50628,50637
370,13,'ayah',0,50638,50646
370,14,'ayah',0,50647,50656
370,15,'ayah',0,50657,50664
371,1,'ayah',0,50665,50675
371,2,'ayah',0,50676,50687
371,3,'ayah',0,50688,50701
371,4,'ayah',0,50702,50710
371,5,'ayah',0,50711,50723
371,6,'ayah',0,50724,50733
371,7,'ayah',0,50734,50744
371,8,'ayah',0,50745,50754
371,9,'ayah',0,50755,50766
371,10,'ayah',0,50767,50780
371,11,'ayah',0,50781,50790
371,12,'ayah',0,50791,50802
371,13,'ayah',0,50803,50813
371,14,'ayah',0,50814,50825
371,15,'ayah',0,50826,50833
372,1,'ayah',0,50834,50845
372,2,'ayah',0,50846,50858
372,3,'ayah',0,50859,50869
372,4,'ayah',0,50870,50880
372,5,'ayah',0,50881,50890
372,6,'ayah',0,50891,50902
372,7,'ayah',0,50903,50912
372,8,'ayah',0,50913,50925
372,9,'ayah',0,50926,50935
372,10,'ayah',0,50936,50947
372,11,'ayah',0,50948,50955
372,12,'ayah',0,50956,50964
372,13,'ayah',0,50965,50974
372,14,'ayah',0,50975,50983
372,15,'ayah',0,50984,50994
373,1,'ayah',0,50995,51005
373,2,'ayah',0,51006,51016
373,3,'ayah',0,51017,51027
373,4,'ayah',0,51028,51038
373,5,'ayah',0,51039,51049
373,6,'ayah',0,51050,51060
373,7,'ayah',0,51061,51069
373,8,'ayah',0,51070,51078
373,9,'ayah',0,51079,51088
373,10,'ayah',0,51089,51099
373,11,'ayah',0,51100,51110
373,12,'ayah',0,51111,51121
373,13,'ayah',0,51122,51129
373,14,'ayah',0,51130,51139
373,15,'ayah',0,51140,51148
374,1,'ayah',0,51149,51160
374,2,'ayah',0,51161,51171
374,3,'ayah',0,51172,51182
374,4,'ayah',0,51183,51192
374,5,'ayah',0,51193,51204
374,6,'ayah',0,51205,51214
374,7,'ayah',0,51215,51224
374,8,'ayah',0,51225,51235
374,9,'ayah',0,51236,51247
374,10,'ayah',0,51248,51257
374,11,'ayah',0,51258,51269
374,12,'ayah',0,51270,51279
374,13,'ayah',0,51280,51291
374,14,'ayah',0,51292,51299
374,15,'ayah',0,51300,51309
375,1,'ayah',0,51310,51318
375,2,'ayah',0,51319,51329
375,3,'ayah',0,51330,51338
375,4,'ayah',0,51339,51348
375,5,'ayah',0,51349,51358
375,6,'ayah',0,51359,51370
375,7,'ayah',0,51371,51381
375,8,'ayah',0,51382,51391
375,9,'ayah',0,51392,51404
375,10,'ayah',0,51405,51414
375,11,'ayah',0,51415,51423
375,12,'ayah',0,51424,51433
375,13,'ayah',0,51434,51442
375,14,'ayah',0,51443,51450
375,15,'ayah',0,51451,51460
376,1,'ayah',0,51461,51472
376,2,'ayah',0,51473,51483
376,3,'ayah',0,51484,51492
376,4,'ayah',0,51493,51503
376,5,'ayah',0,51504,51511
376,6,'ayah',0,51512,51521
376,7,'ayah',0,51522,51531
376,8,'ayah',0,51532,51542
376,9,'ayah',0,51543,51553
376,10,'ayah',0,51554,51562
376,11,'ayah',0,51563,51572
376,12,'ayah',0,51573,51582
376,13,'ayah',0,51583,51590
376,14,'ayah',0,51591,51600
376,15,'surah_name',1,27,
377,1,'basmallah',1,27,
377,2,'ayah',0,51601,51609
377,3,'ayah',0,51610,51617
377,4,'ayah',0,51618,51628
377,5,'ayah',0,51629,51637
377,6,'ayah',0,51638,51647
377,7,'ayah',0,51648,51659
377,8,'ayah',0,51660,51669
377,9,'ayah',0,51670,51681
377,10,'ayah',0,51682,51692
377,11,'ayah',0,51693,51704
377,12,'ayah',0,51705,51717
377,13,'ayah',0,51718,51728
377,14,'ayah',0,51729,51741
377,15,'ayah',0,51742,51751
378,1,'ayah',0,51752,51759
378,2,'ayah',0,51760,51768
378,3,'ayah',0,51769,51779
378,4,'ayah',0,51780,51788
378,5,'ayah',0,51789,51799
378,6,'ayah',0,51800,51808
378,7,'ayah',0,51809,51819
378,8,'ayah',0,51820,51827
378,9,'ayah',0,51828,51837
378,10,'ayah',0,51838,51846
378,11,'ayah',0,51847,51853
378,12,'ayah',0,51854,51864
378,13,'ayah',0,51865,51871
378,14,'ayah',0,51872,51880
378,15,'ayah',0,51881,51891
379,1,'ayah',0,51892,51900
379,2,'ayah',0,51901,51908
379,3,'ayah',0,51909,51917
379,4,'ayah',0,51918,51927
379,5,'ayah',0,51928,51937
379,6,'ayah',0,51938,51947
379,7,'ayah',0,51948,51956
379,8,'ayah',0,51957,51967
379,9,'ayah',0,51968,51979
379,10,'ayah',0,51980,51989
379,11,'ayah',0,51990,52000
379,12,'ayah',0,52001,52011
379,13,'ayah',0,52012,52021
379,14,'ayah',0,52022,52029
379,15,'ayah',0,52030,52038
380,1,'ayah',0,52039,52049
380,2,'ayah',0,52050,52058
380,3,'ayah',0,52059,52070
380,4,'ayah',0,52071,52080
380,5,'ayah',0,52081,52093
380,6,'ayah',0,52094,52105
380,7,'ayah',0,52106,52117
380,8,'ayah',0,52118,52128
380,9,'ayah',0,52129,52140
380,10,'ayah',0,52141,52152
380,11,'ayah',0,52153,52163
380,12,'ayah',0,52164,52176
380,13,'ayah',0,52177,52187
380,14,'ayah',0,52188,52197
380,15,'ayah',0,52198,52206
381,1,'ayah',0,52207,52216
381,2,'ayah',0,52217,52224
381,3,'ayah',0,52225,52231
381,4,'ayah',0,52232,52240
381,5,'ayah',0,52241,52251
381,6,'ayah',0,52252,52259
381,7,'ayah',0,52260,52268
381,8,'ayah',0,52269,52275
381,9,'ayah',0,52276,52283
381,10,'ayah',0,52284,52290
381,11,'ayah',0,52291,52299
381,12,'ayah',0,52300,52306
381,13,'ayah',0,52307,52313
381,14,'ayah',0,52314,52320
381,15,'ayah',0,52321,52330
382,1,'ayah',0,52331,52339
382,2,'ayah',0,52340,52347
382,3,'ayah',0,52348,52355
382,4,'ayah',0,52356,52365
382,5,'ayah',0,52366,52374
382,6,'ayah',0,52375,52382
382,7,'ayah',0,52383,52391
382,8,'ayah',0,52392,52402
382,9,'ayah',0,52403,52411
382,10,'ayah',0,52412,52420
382,11,'ayah',0,52421,52429
382,12,'ayah',0,52430,52435
382,13,'ayah',0,52436,52444
382,14,'ayah',0,52445,52453
382,15,'ayah',0,52454,52462
383,1,'ayah',0,52463,52472
383,2,'ayah',0,52473,52482
383,3,'ayah',0,52483,52494
383,4,'ayah',0,52495,52504
383,5,'ayah',0,52505,52515
383,6,'ayah',0,52516,52524
383,7,'ayah',0,52525,52535
383,8,'ayah',0,52536,52544
383,9,'ayah',0,52545,52555
383,10,'ayah',0,52556,52565
383,11,'ayah',0,52566,52575
383,12,'ayah',0,52576,52585
383,13,'ayah',0,52586,52596
383,14,'ayah',0,52597,52607
383,15,'ayah',0,52608,52617
384,1,'ayah',0,52618,52626
384,2,'ayah',0,52627,52636
384,3,'ayah',0,52637,52647
384,4,'ayah',0,52648,52658
384,5,'ayah',0,52659,52667
384,6,'ayah',0,52668,52677
384,7,'ayah',0,52678,52688
384,8,'ayah',0,52689,52698
384,9,'ayah',0,52699,52708
384,10,'ayah',0,52709,52719
384,11,'ayah',0,52720,52729
384,12,'ayah',0,52730,52739
384,13,'ayah',0,52740,52751
384,14,'ayah',0,52752,52761
384,15,'ayah',0,52762,52772
385,1,'ayah',0,52773,52784
385,2,'ayah',0,52785,52793
385,3,'ayah',0,52794,52804
385,4,'ayah',0,52805,52814
385,5,'ayah',0,52815,52823
385,6,'ayah',0,52824,52834
385,7,'ayah',0,52835,52844
385,8,'surah_name',1,28,
385,9,'basmallah',1,28,
385,10,'ayah',0,52845,52853
385,11,'ayah',0,52854,52862
385,12,'ayah',0,52863,52870
385,13,'ayah',0,52871,52878
385,14,'ayah',0,52879,52887
385,15,'ayah',0,52888,52894
386,1,'ayah',0,52895,52902
386,2,'ayah',0,52903,52911
386,3,'ayah',0,52912,52921
386,4,'ayah',0,52922,52930
386,5,'ayah',0,52931,52938
386,6,'ayah',0,52939,52944
386,7,'ayah',0,52945,52954
386,8,'ayah',0,52955,52964
386,9,'ayah',0,52965,52974
386,10,'ayah',0,52975,52982
386,11,'ayah',0,52983,52991
386,12,'ayah',0,52992,53000
386,13,'ayah',0,53001,53009
386,14,'ayah',0,53010,53018
386,15,'ayah',0,53019,53027
387,1,'ayah',0,53028,53036
387,2,'ayah',0,53037,53045
387,3,'ayah',0,53046,53055
387,4,'ayah',0,53056,53065
387,5,'ayah',0,53066,53076
387,6,'ayah',0,53077,53088
387,7,'ayah',0,53089,53098
387,8,'ayah',0,53099,53107
387,9,'ayah',0,53108,53116
387,10,'ayah',0,53117,53128
387,11,'ayah',0,53129,53139
387,12,'ayah',0,53140,53151
387,13,'ayah',0,53152,53161
387,14,'ayah',0,53162,53170
387,15,'ayah',0,53171,53181
388,1,'ayah',0,53182,53191
388,2,'ayah',0,53192,53201
388,3,'ayah',0,53202,53208
388,4,'ayah',0,53209,53218
388,5,'ayah',0,53219,53228
388,6,'ayah',0,53229,53239
388,7,'ayah',0,53240,53247
388,8,'ayah',0,53248,53257
388,9,'ayah',0,53258,53266
388,10,'ayah',0,53267,53274
388,11,'ayah',0,53275,53285
388,12,'ayah',0,53286,53293
388,13,'ayah',0,53294,53303
388,14,'ayah',0,53304,53311
388,15,'ayah',0,53312,53321
389,1,'ayah',0,53322,53330
389,2,'ayah',0,53331,53340
389,3,'ayah',0,53341,53348
389,4,'ayah',0,53349,53358
389,5,'ayah',0,53359,53367
389,6,'ayah',0,53368,53376
389,7,'ayah',0,53377,53386
389,8,'ayah',0,53387,53396
389,9,'ayah',0,53397,53404
389,10,'ayah',0,53405,53412
389,11,'ayah',0,53413,53422
389,12,'ayah',0,53423,53431
389,13,'ayah',0,53432,53440
389,14,'ayah',0,53441,53448
389,15,'ayah',0,53449,53456
390,1,'ayah',0,53457,53466
390,2,'ayah',0,53467,53475
390,3,'ayah',0,53476,53485
390,4,'ayah',0,53486,53495
390,5,'ayah',0,53496,53504
390,6,'ayah',0,53505,53514
390,7,'ayah',0,53515,53522
390,8,'ayah',0,53523,53531
390,9,'ayah',0,53532,53538
390,10,'ayah',0,53539,53545
390,11,'ayah',0,53546,53552
390,12,'ayah',0,53553,53560
390,13,'ayah',0,53561,53568
390,14,'ayah',0,53569,53576
390,15,'ayah',0,53577,53583
391,1,'ayah',0,53584,53594
391,2,'ayah',0,53595,53602
391,3,'ayah',0,53603,53611
391,4,'ayah',0,53612,53619
391,5,'ayah',0,53620,53628
391,6,'ayah',0,53629,53637
391,7,'ayah',0,53638,53645
391,8,'ayah',0,53646,53653
391,9,'ayah',0,53654,53662
391,10,'ayah',0,53663,53672
391,11,'ayah',0,53673,53682
391,12,'ayah',0,53683,53693
391,13,'ayah',0,53694,53702
391,14,'ayah',0,53703,53711
391,15,'ayah',0,53712,53721
392,1,'ayah',0,53722,53729
392,2,'ayah',0,53730,53740
392,3,'ayah',0,53741,53753
392,4,'ayah',0,53754,53761
392,5,'ayah',0,53762,53769
392,6,'ayah',0,53770,53778
392,7,'ayah',0,53779,53788
392,8,'ayah',0,53789,53798
392,9,'ayah',0,53799,53807
392,10,'ayah',0,53808,53818
392,11,'ayah',0,53819,53826
392,12,'ayah',0,53827,53834
392,13,'ayah',0,53835,53844
392,14,'ayah',0,53845,53854
392,15,'ayah',0,53855,53861
393,1,'ayah',0,53862,53871
393,2,'ayah',0,53872,53881
393,3,'ayah',0,53882,53892
393,4,'ayah',0,53893,53901
393,5,'ayah',0,53902,53911
393,6,'ayah',0,53912,53921
393,7,'ayah',0,53922,53929
393,8,'ayah',0,53930,53939
393,9,'ayah',0,53940,53947
393,10,'ayah',0,53948,53957
393,11,'ayah',0,53958,53965
393,12,'ayah',0,53966,53974
393,13,'ayah',0,53975,53983
393,14,'ayah',0,53984,53994
393,15,'ayah',0,53995,54003
394,1,'ayah',0,54004,54014
394,2,'ayah',0,54015,54023
394,3,'ayah',0,54024,54032
394,4,'ayah',0,54033,54041
394,5,'ayah',0,54042,54050
394,6,'ayah',0,54051,54058
394,7,'ayah',0,54059,54066
394,8,'ayah',0,54067,54074
394,9,'ayah',0,54075,54084
394,10,'ayah',0,54085,54093
394,11,'ayah',0,54094,54102
394,12,'ayah',0,54103,54115
394,13,'ayah',0,54116,54124
394,14,'ayah',0,54125,54132
394,15,'ayah',0,54133,54143
395,1,'ayah',0,54144,54155
395,2,'ayah',0,54156,54166
395,3,'ayah',0,54167,54175
395,4,'ayah',0,54176,54184
395,5,'ayah',0,54185,54194
395,6,'ayah',0,54195,54203
395,7,'ayah',0,54204,54211
395,8,'ayah',0,54212,54222
395,9,'ayah',0,54223,54231
395,10,'ayah',0,54232,54239
395,11,'ayah',0,54240,54250
395,12,'ayah',0,54251,54259
395,13,'ayah',0,54260,54269
395,14,'ayah',0,54270,54280
395,15,'ayah',0,54281,54289
396,1,'ayah',0,54290,54299
396,2,'ayah',0,54300,54311
396,3,'ayah',0,54312,54320
396,4,'ayah',0,54321,54329
396,5,'ayah',0,54330,54340
396,6,'ayah',0,54341,54351
396,7,'ayah',0,54352,54362
396,8,'surah_name',1,29,
396,9,'basmallah',1,29,
396,10,'ayah',0,54363,54373
396,11,'ayah',0,54374,54383
396,12,'ayah',0,54384,54391
396,13,'ayah',0,54392,54401
396,14,'ayah',0,54402,54412
396,15,'ayah',0,54413,54422
397,1,'ayah',0,54423,54429
397,2,'ayah',0,54430,54437
397,3,'ayah',0,54438,54448
397,4,'ayah',0,54449,54457
397,5,'ayah',0,54458,54464
397,6,'ayah',0,54465,54476
397,7,'ayah',0,54477,54486
397,8,'ayah',0,54487,54496
397,9,'ayah',0,54497,54503
397,10,'ayah',0,54504,54511
397,11,'ayah',0,54512,54519
397,12,'ayah',0,54520,54526
397,13,'ayah',0,54527,54534
397,14,'ayah',0,54535,54544
397,15,'ayah',0,54545,54552
398,1,'ayah',0,54553,54558
398,2,'ayah',0,54559,54567
398,3,'ayah',0,54568,54576
398,4,'ayah',0,54577,54585
398,5,'ayah',0,54586,54595
398,6,'ayah',0,54596,54603
398,7,'ayah',0,54604,54613
398,8,'ayah',0,54614,54622
398,9,'ayah',0,54623,54633
398,10,'ayah',0,54634,54642
398,11,'ayah',0,54643,54653
398,12,'ayah',0,54654,54662
398,13,'ayah',0,54663,54673
398,14,'ayah',0,54674,54681
398,15,'ayah',0,54682,54690
399,1,'ayah',0,54691,54700
399,2,'ayah',0,54701,54710
399,3,'ayah',0,54711,54720
399,4,'ayah',0,54721,54728
399,5,'ayah',0,54729,54734
399,6,'ayah',0,54735,54743
399,7,'ayah',0,54744,54753
399,8,'ayah',0,54754,54761
399,9,'ayah',0,54762,54770
399,10,'ayah',0,54771,54778
399,11,'ayah',0,54779,54786
399,12,'ayah',0,54787,54792
399,13,'ayah',0,54793,54800
399,14,'ayah',0,54801,54809
399,15,'ayah',0,54810,54817
400,1,'ayah',0,54818,54825
400,2,'ayah',0,54826,54833
400,3,'ayah',0,54834,54843
400,4,'ayah',0,54844,54851
400,5,'ayah',0,54852,54860
400,6,'ayah',0,54861,54870
400,7,'ayah',0,54871,54878
400,8,'ayah',0,54879,54886
400,9,'ayah',0,54887,54894
400,10,'ayah',0,54895,54902
400,11,'ayah',0,54903,54911
400,12,'ayah',0,54912,54917
400,13,'ayah',0,54918,54924
400,14,'ayah',0,54925,54930
400,15,'ayah',0,54931,54937
401,1,'ayah',0,54938,54943
401,2,'ayah',0,54944,54950
401,3,'ayah',0,54951,54959
401,4,'ayah',0,54960,54967
401,5,'ayah',0,54968,54975
401,6,'ayah',0,54976,54982
401,7,'ayah',0,54983,54989
401,8,'ayah',0,54990,54996
401,9,'ayah',0,54997,55006
401,10,'ayah',0,55007,55014
401,11,'ayah',0,55015,55021
401,12,'ayah',0,55022,55030
401,13,'ayah',0,55031,55039
401,14,'ayah',0,55040,55046
401,15,'ayah',0,55047,55055
402,1,'ayah',0,55056,55064
402,2,'ayah',0,55065,55073
402,3,'ayah',0,55074,55081
402,4,'ayah',0,55082,55088
402,5,'ayah',0,55089,55098
402,6,'ayah',0,55099,55108
402,7,'ayah',0,55109,55117
402,8,'ayah',0,55118,55126
402,9,'ayah',0,55127,55134
402,10,'ayah',0,55135,55145
402,11,'ayah',0,55146,55153
402,12,'ayah',0,55154,55161
402,13,'ayah',0,55162,55169
402,14,'ayah',0,55170,55176
402,15,'ayah',0,55177,55183
403,1,'ayah',0,55184,55190
403,2,'ayah',0,55191,55198
403,3,'ayah',0,55199,55206
403,4,'ayah',0,55207,55216
403,5,'ayah',0,55217,55225
403,6,'ayah',0,55226,55235
403,7,'ayah',0,55236,55243
403,8,'ayah',0,55244,55253
403,9,'ayah',0,55254,55263
403,10,'ayah',0,55264,55272
403,11,'ayah',0,55273,55280
403,12,'ayah',0,55281,55291
403,13,'ayah',0,55292,55302
403,14,'ayah',0,55303,55313
403,15,'ayah',0,55314,55323
404,1,'ayah',0,55324,55333
404,2,'ayah',0,55334,55342
404,3,'ayah',0,55343,55353
404,4,'ayah',0,55354,55361
404,5,'ayah',0,55362,55370
404,6,'ayah',0,55371,55378
404,7,'ayah',0,55379,55389
404,8,'ayah',0,55390,55398
404,9,'ayah',0,55399,55407
404,10,'surah_name',1,30,
404,11,'basmallah',1,30,
404,12,'ayah',0,55408,55418
404,13,'ayah',0,55419,55426
404,14,'ayah',0,55427,55434
404,15,'ayah',0,55435,55443
405,1,'ayah',0,55444,55454
405,2,'ayah',0,55455,55465
405,3,'ayah',0,55466,55475
405,4,'ayah',0,55476,55485
405,5,'ayah',0,55486,55494
405,6,'ayah',0,55495,55504
405,7,'ayah',0,55505,55511
405,8,'ayah',0,55512,55519
405,9,'ayah',0,55520,55528
405,10,'ayah',0,55529,55537
405,11,'ayah',0,55538,55547
405,12,'ayah',0,55548,55556
405,13,'ayah',0,55557,55562
405,14,'ayah',0,55563,55570
405,15,'ayah',0,55571,55577
406,1,'ayah',0,55578,55585
406,2,'ayah',0,55586,55593
406,3,'ayah',0,55594,55601
406,4,'ayah',0,55602,55610
406,5,'ayah',0,55611,55619
406,6,'ayah',0,55620,55630
406,7,'ayah',0,55631,55639
406,8,'ayah',0,55640,55646
406,9,'ayah',0,55647,55656
406,10,'ayah',0,55657,55662
406,11,'ayah',0,55663,55671
406,12,'ayah',0,55672,55679
406,13,'ayah',0,55680,55686
406,14,'ayah',0,55687,55695
406,15,'ayah',0,55696,55704
407,1,'ayah',0,55705,55714
407,2,'ayah',0,55715,55725
407,3,'ayah',0,55726,55734
407,4,'ayah',0,55735,55744
407,5,'ayah',0,55745,55753
407,6,'ayah',0,55754,55763
407,7,'ayah',0,55764,55770
407,8,'ayah',0,55771,55777
407,9,'ayah',0,55778,55787
407,10,'ayah',0,55788,55797
407,11,'ayah',0,55798,55807
407,12,'ayah',0,55808,55814
407,13,'ayah',0,55815,55822
407,14,'ayah',0,55823,55830
407,15,'ayah',0,55831,55839
408,1,'ayah',0,55840,55850
408,2,'ayah',0,55851,55860
408,3,'ayah',0,55861,55868
408,4,'ayah',0,55869,55878
408,5,'ayah',0,55879,55888
408,6,'ayah',0,55889,55900
408,7,'ayah',0,55901,55911
408,8,'ayah',0,55912,55919
408,9,'ayah',0,55920,55929
408,10,'ayah',0,55930,55941
408,11,'ayah',0,55942,55950
408,12,'ayah',0,55951,55959
408,13,'ayah',0,55960,55968
408,14,'ayah',0,55969,55978
408,15,'ayah',0,55979,55987
409,1,'ayah',0,55988,55998
409,2,'ayah',0,55999,56007
409,3,'ayah',0,56008,56020
409,4,'ayah',0,56021,56029
409,5,'ayah',0,56030,56039
409,6,'ayah',0,56040,56048
409,7,'ayah',0,56049,56057
409,8,'ayah',0,56058,56067
409,9,'ayah',0,56068,56076
409,10,'ayah',0,56077,56085
409,11,'ayah',0,56086,56095
409,12,'ayah',0,56096,56106
409,13,'ayah',0,56107,56117
409,14,'ayah',0,56118,56127
409,15,'ayah',0,56128,56138
410,1,'ayah',0,56139,56147
410,2,'ayah',0,56148,56158
410,3,'ayah',0,56159,56169
410,4,'ayah',0,56170,56178
410,5,'ayah',0,56179,56190
410,6,'ayah',0,56191,56200
410,7,'ayah',0,56201,56209
410,8,'ayah',0,56210,56218
410,9,'ayah',0,56219,56229
410,10,'ayah',0,56230,56238
410,11,'ayah',0,56239,56246
410,12,'ayah',0,56247,56256
410,13,'ayah',0,56257,56265
410,14,'ayah',0,56266,56275
410,15,'ayah',0,56276,56284
411,1,'surah_name',1,31,
411,2,'basmallah',1,31,
411,3,'ayah',0,56285,56293
411,4,'ayah',0,56294,56301
411,5,'ayah',0,56302,56311
411,6,'ayah',0,56312,56320
411,7,'ayah',0,56321,56330
411,8,'ayah',0,56331,56339
411,9,'ayah',0,56340,56350
411,10,'ayah',0,56351,56359
411,11,'ayah',0,56360,56369
411,12,'ayah',0,56370,56379
411,13,'ayah',0,56380,56391
411,14,'ayah',0,56392,56401
411,15,'ayah',0,56402,56411
412,1,'ayah',0,56412,56421
412,2,'ayah',0,56422,56432
412,3,'ayah',0,56433,56442
412,4,'ayah',0,56443,56450
412,5,'ayah',0,56451,56460
412,6,'ayah',0,56461,56471
412,7,'ayah',0,56472,56480
412,8,'ayah',0,56481,56489
412,9,'ayah',0,56490,56500
412,10,'ayah',0,56501,56511
412,11,'ayah',0,56512,56522
412,12,'ayah',0,56523,56532
412,13,'ayah',0,56533,56544
412,14,'ayah',0,56545,56556
412,15,'ayah',0,56557,56565
413,1,'ayah',0,56566,56578
413,2,'ayah',0,56579,56588
413,3,'ayah',0,56589,56600
413,4,'ayah',0,56601,56612
413,5,'ayah',0,56613,56620
413,6,'ayah',0,56621,56629
413,7,'ayah',0,56630,56639
413,8,'ayah',0,56640,56649
413,9,'ayah',0,56650,56658
413,10,'ayah',0,56659,56667
413,11,'ayah',0,56668,56678
413,12,'ayah',0,56679,56689
413,13,'ayah',0,56690,56698
413,14,'ayah',0,56699,56709
413,15,'ayah',0,56710,56719
414,1,'ayah',0,56720,56731
414,2,'ayah',0,56732,56741
414,3,'ayah',0,56742,56753
414,4,'ayah',0,56754,56765
414,5,'ayah',0,56766,56775
414,6,'ayah',0,56776,56785
414,7,'ayah',0,56786,56795
414,8,'ayah',0,56796,56804
414,9,'ayah',0,56805,56814
414,10,'ayah',0,56815,56826
414,11,'ayah',0,56827,56834
414,12,'ayah',0,56835,56843
414,13,'ayah',0,56844,56853
414,14,'ayah',0,56854,56864
414,15,'surah_name',1,32,
415,1,'basmallah',1,32,
415,2,'ayah',0,56865,56874
415,3,'ayah',0,56875,56885
415,4,'ayah',0,56886,56895
415,5,'ayah',0,56896,56904
415,6,'ayah',0,56905,56917
415,7,'ayah',0,56918,56927
415,8,'ayah',0,56928,56938
415,9,'ayah',0,56939,56946
415,10,'ayah',0,56947,56957
415,11,'ayah',0,56958,56968
415,12,'ayah',0,56969,56976
415,13,'ayah',0,56977,56986
415,14,'ayah',0,56987,56996
415,15,'ayah',0,56997,57006
416,1,'ayah',0,57007,57014
416,2,'ayah',0,57015,57022
416,3,'ayah',0,57023,57032
416,4,'ayah',0,57033,57040
416,5,'ayah',0,57041,57048
416,6,'ayah',0,57049,57057
416,7,'ayah',0,57058,57066
416,8,'ayah',0,57067,57073
416,9,'ayah',0,57074,57081
416,10,'ayah',0,57082,57093
416,11,'ayah',0,57094,57103
416,12,'ayah',0,57104,57112
416,13,'ayah',0,57113,57122
416,14,'ayah',0,57123,57132
416,15,'ayah',0,57133,57141
417,1,'ayah',0,57142,57148
417,2,'ayah',0,57149,57158
417,3,'ayah',0,57159,57167
417,4,'ayah',0,57168,57176
417,5,'ayah',0,57177,57184
417,6,'ayah',0,57185,57193
417,7,'ayah',0,57194,57202
417,8,'ayah',0,57203,57212
417,9,'ayah',0,57213,57221
417,10,'ayah',0,57222,57231
417,11,'ayah',0,57232,57240
417,12,'ayah',0,57241,57248
417,13,'ayah',0,57249,57259
417,14,'ayah',0,57260,57266
417,15,'surah_name',1,33,
418,1,'basmallah',1,33,
418,2,'ayah',0,57267,57276
418,3,'ayah',0,57277,57285
418,4,'ayah',0,57286,57296
418,5,'ayah',0,57297,57307
418,6,'ayah',0,57308,57315
418,7,'ayah',0,57316,57323
418,8,'ayah',0,57324,57331
418,9,'ayah',0,57332,57340
418,10,'ayah',0,57341,57348
418,11,'ayah',0,57349,57357
418,12,'ayah',0,57358,57365
418,13,'ayah',0,57366,57373
418,14,'ayah',0,57374,57381
418,15,'ayah',0,57382,57388
419,1,'ayah',0,57389,57397
419,2,'ayah',0,57398,57406
419,3,'ayah',0,57407,57414
419,4,'ayah',0,57415,57424
419,5,'ayah',0,57425,57433
419,6,'ayah',0,57434,57443
419,7,'ayah',0,57444,57450
419,8,'ayah',0,57451,57458
419,9,'ayah',0,57459,57467
419,10,'ayah',0,57468,57478
419,11,'ayah',0,57479,57487
419,12,'ayah',0,57488,57499
419,13,'ayah',0,57500,57509
419,14,'ayah',0,57510,57519
419,15,'ayah',0,57520,57530
420,1,'ayah',0,57531,57541
420,2,'ayah',0,57542,57554
420,3,'ayah',0,57555,57567
420,4,'ayah',0,57568,57577
420,5,'ayah',0,57578,57587
420,6,'ayah',0,57588,57596
420,7,'ayah',0,57597,57605
420,8,'ayah',0,57606,57614
420,9,'ayah',0,57615,57624
420,10,'ayah',0,57625,57633
420,11,'ayah',0,57634,57641
420,12,'ayah',0,57642,57653
420,13,'ayah',0,57654,57664
420,14,'ayah',0,57665,57674
420,15,'ayah',0,57675,57683
421,1,'ayah',0,57684,57693
421,2,'ayah',0,57694,57703
421,3,'ayah',0,57704,57710
421,4,'ayah',0,57711,57722
421,5,'ayah',0,57723,57731
421,6,'ayah',0,57732,57740
421,7,'ayah',0,57741,57748
421,8,'ayah',0,57749,57755
421,9,'ayah',0,57756,57764
421,10,'ayah',0,57765,57774
421,11,'ayah',0,57775,57780
421,12,'ayah',0,57781,57789
421,13,'ayah',0,57790,57798
421,14,'ayah',0,57799,57806
421,15,'ayah',0,57807,57815
422,1,'ayah',0,57816,57823
422,2,'ayah',0,57824,57832
422,3,'ayah',0,57833,57841
422,4,'ayah',0,57842,57851
422,5,'ayah',0,57852,57859
422,6,'ayah',0,57860,57866
422,7,'ayah',0,57867,57874
422,8,'ayah',0,57875,57882
422,9,'ayah',0,57883,57891
422,10,'ayah',0,57892,57896
422,11,'ayah',0,57897,57901
422,12,'ayah',0,57902,57905
422,13,'ayah',0,57906,57909
422,14,'ayah',0,57910,57914
422,15,'ayah',0,57915,57922
423,1,'ayah',0,57923,57934
423,2,'ayah',0,57935,57945
423,3,'ayah',0,57946,57955
423,4,'ayah',0,57956,57965
423,5,'ayah',0,57966,57975
423,6,'ayah',0,57976,57985
423,7,'ayah',0,57986,57995
423,8,'ayah',0,57996,58009
423,9,'ayah',0,58010,58020
423,10,'ayah',0,58021,58030
423,11,'ayah',0,58031,58041
423,12,'ayah',0,58042,58051
423,13,'ayah',0,58052,58061
423,14,'ayah',0,58062,58069
423,15,'ayah',0,58070,58077
424,1,'ayah',0,58078,58087
424,2,'ayah',0,58088,58095
424,3,'ayah',0,58096,58105
424,4,'ayah',0,58106,58114
424,5,'ayah',0,58115,58123
424,6,'ayah',0,58124,58131
424,7,'ayah',0,58132,58141
424,8,'ayah',0,58142,58149
424,9,'ayah',0,58150,58157
424,10,'ayah',0,58158,58166
424,11,'ayah',0,58167,58174
424,12,'ayah',0,58175,58184
424,13,'ayah',0,58185,58193
424,14,'ayah',0,58194,58200
424,15,'ayah',0,58201,58208
425,1,'ayah',0,58209,58218
425,2,'ayah',0,58219,58228
425,3,'ayah',0,58229,58236
425,4,'ayah',0,58237,58247
425,5,'ayah',0,58248,58258
425,6,'ayah',0,58259,58269
425,7,'ayah',0,58270,58279
425,8,'ayah',0,58280,58289
425,9,'ayah',0,58290,58297
425,10,'ayah',0,58298,58305
425,11,'ayah',0,58306,58313
425,12,'ayah',0,58314,58321
425,13,'ayah',0,58322,58330
425,14,'ayah',0,58331,58341
425,15,'ayah',0,58342,58352
426,1,'ayah',0,58353,58363
426,2,'ayah',0,58364,58372
426,3,'ayah',0,58373,58382
426,4,'ayah',0,58383,58391
426,5,'ayah',0,58392,58400
426,6,'ayah',0,58401,58410
426,7,'ayah',0,58411,58416
426,8,'ayah',0,58417,58425
426,9,'ayah',0,58426,58433
426,10,'ayah',0,58434,58443
426,11,'ayah',0,58444,58452
426,12,'ayah',0,58453,58459
426,13,'ayah',0,58460,58468
426,14,'ayah',0,58469,58477
426,15,'ayah',0,58478,58487
427,1,'ayah',0,58488,58498
427,2,'ayah',0,58499,58508
427,3,'ayah',0,58509,58519
427,4,'ayah',0,58520,58529
427,5,'ayah',0,58530,58538
427,6,'ayah',0,58539,58546
427,7,'ayah',0,58547,58556
427,8,'ayah',0,58557,58567
427,9,'ayah',0,58568,58577
427,10,'ayah',0,58578,58586
427,11,'ayah',0,58587,58596
427,12,'ayah',0,58597,58604
427,13,'ayah',0,58605,58613
427,14,'ayah',0,58614,58618
427,15,'ayah',0,58619,58626
428,1,'surah_name',1,34,
428,2,'basmallah',1,34,
428,3,'ayah',0,58627,58638
428,4,'ayah',0,58639,58649
428,5,'ayah',0,58650,58660
428,6,'ayah',0,58661,58669
428,7,'ayah',0,58670,58679
428,8,'ayah',0,58680,58689
428,9,'ayah',0,58690,58698
428,10,'ayah',0,58699,58705
428,11,'ayah',0,58706,58713
428,12,'ayah',0,58714,58723
428,13,'ayah',0,58724,58733
428,14,'ayah',0,58734,58743
428,15,'ayah',0,58744,58753
429,1,'ayah',0,58754,58765
429,2,'ayah',0,58766,58776
429,3,'ayah',0,58777,58785
429,4,'ayah',0,58786,58795
429,5,'ayah',0,58796,58805
429,6,'ayah',0,58806,58815
429,7,'ayah',0,58816,58824
429,8,'ayah',0,58825,58832
429,9,'ayah',0,58833,58843
429,10,'ayah',0,58844,58854
429,11,'ayah',0,58855,58863
429,12,'ayah',0,58864,58872
429,13,'ayah',0,58873,58882
429,14,'ayah',0,58883,58891
429,15,'ayah',0,58892,58902
430,1,'ayah',0,58903,58912
430,2,'ayah',0,58913,58922
430,3,'ayah',0,58923,58930
430,4,'ayah',0,58931,58939
430,5,'ayah',0,58940,58949
430,6,'ayah',0,58950,58958
430,7,'ayah',0,58959,58967
430,8,'ayah',0,58968,58975
430,9,'ayah',0,58976,58985
430,10,'ayah',0,58986,58994
430,11,'ayah',0,58995,59004
430,12,'ayah',0,59005,59015
430,13,'ayah',0,59016,59026
430,14,'ayah',0,59027,59035
430,15,'ayah',0,59036,59047
431,1,'ayah',0,59048,59059
431,2,'ayah',0,59060,59069
431,3,'ayah',0,59070,59078
431,4,'ayah',0,59079,59089
431,5,'ayah',0,59090,59099
431,6,'ayah',0,59100,59109
431,7,'ayah',0,59110,59120
431,8,'ayah',0,59121,59128
431,9,'ayah',0,59129,59136
431,10,'ayah',0,59137,59144
431,11,'ayah',0,59145,59154
431,12,'ayah',0,59155,59163
431,13,'ayah',0,59164,59172
431,14,'ayah',0,59173,59180
431,15,'ayah',0,59181,59188
432,1,'ayah',0,59189,59195
432,2,'ayah',0,59196,59206
432,3,'ayah',0,59207,59214
432,4,'ayah',0,59215,59223
432,5,'ayah',0,59224,59232
432,6,'ayah',0,59233,59243
432,7,'ayah',0,59244,59254
432,8,'ayah',0,59255,59263
432,9,'ayah',0,59264,59274
432,10,'ayah',0,59275,59284
432,11,'ayah',0,59285,59294
432,12,'ayah',0,59295,59304
432,13,'ayah',0,59305,59312
432,14,'ayah',0,59313,59323
432,15,'ayah',0,59324,59332
433,1,'ayah',0,59333,59341
433,2,'ayah',0,59342,59351
433,3,'ayah',0,59352,59360
433,4,'ayah',0,59361,59370
433,5,'ayah',0,59371,59381
433,6,'ayah',0,59382,59393
433,7,'ayah',0,59394,59404
433,8,'ayah',0,59405,59415
433,9,'ayah',0,59416,59424
433,10,'ayah',0,59425,59434
433,11,'ayah',0,59435,59443
433,12,'ayah',0,59444,59451
433,13,'ayah',0,59452,59463
433,14,'ayah',0,59464,59477
433,15,'ayah',0,59478,59489
434,1,'ayah',0,59490,59501
434,2,'ayah',0,59502,59512
434,3,'ayah',0,59513,59523
434,4,'ayah',0,59524,59533
434,5,'ayah',0,59534,59542
434,6,'ayah',0,59543,59552
434,7,'ayah',0,59553,59563
434,8,'surah_name',1,35,
434,9,'basmallah',1,35,
434,10,'ayah',0,59564,59572
434,11,'ayah',0,59573,59585
434,12,'ayah',0,59586,59597
434,13,'ayah',0,59598,59609
434,14,'ayah',0,59610,59620
434,15,'ayah',0,59621,59630
435,1,'ayah',0,59631,59641
435,2,'ayah',0,59642,59652
435,3,'ayah',0,59653,59662
435,4,'ayah',0,59663,59672
435,5,'ayah',0,59673,59681
435,6,'ayah',0,59682,59692
435,7,'ayah',0,59693,59703
435,8,'ayah',0,59704,59714
435,9,'ayah',0,59715,59725
435,10,'ayah',0,59726,59736
435,11,'ayah',0,59737,59744
435,12,'ayah',0,59745,59753
435,13,'ayah',0,59754,59764
435,14,'ayah',0,59765,59776
435,15,'ayah',0,59777,59789
436,1,'ayah',0,59790,59798
436,2,'ayah',0,59799,59806
436,3,'ayah',0,59807,59815
436,4,'ayah',0,59816,59823
436,5,'ayah',0,59824,59831
436,6,'ayah',0,59832,59839
436,7,'ayah',0,59840,59848
436,8,'ayah',0,59849,59857
436,9,'ayah',0,59858,59865
436,10,'ayah',0,59866,59875
436,11,'ayah',0,59876,59884
436,12,'ayah',0,59885,59896
436,13,'ayah',0,59897,59908
436,14,'ayah',0,59909,59916
436,15,'ayah',0,59917,59925
437,1,'ayah',0,59926,59934
437,2,'ayah',0,59935,59945
437,3,'ayah',0,59946,59958
437,4,'ayah',0,59959,59969
437,5,'ayah',0,59970,59980
437,6,'ayah',0,59981,59987
437,7,'ayah',0,59988,59997
437,8,'ayah',0,59998,60009
437,9,'ayah',0,60010,60017
437,10,'ayah',0,60018,60024
437,11,'ayah',0,60025,60033
437,12,'ayah',0,60034,60043
437,13,'ayah',0,60044,60050
437,14,'ayah',0,60051,60057
437,15,'ayah',0,60058,60064
438,1,'ayah',0,60065,60074
438,2,'ayah',0,60075,60084
438,3,'ayah',0,60085,60092
438,4,'ayah',0,60093,60100
438,5,'ayah',0,60101,60107
438,6,'ayah',0,60108,60117
438,7,'ayah',0,60118,60127
438,8,'ayah',0,60128,60137
438,9,'ayah',0,60138,60147
438,10,'ayah',0,60148,60157
438,11,'ayah',0,60158,60165
438,12,'ayah',0,60166,60174
438,13,'ayah',0,60175,60183
438,14,'ayah',0,60184,60192
438,15,'ayah',0,60193,60200
439,1,'ayah',0,60201,60211
439,2,'ayah',0,60212,60221
439,3,'ayah',0,60222,60231
439,4,'ayah',0,60232,60243
439,5,'ayah',0,60244,60254
439,6,'ayah',0,60255,60263
439,7,'ayah',0,60264,60274
439,8,'ayah',0,60275,60284
439,9,'ayah',0,60285,60294
439,10,'ayah',0,60295,60304
439,11,'ayah',0,60305,60314
439,12,'ayah',0,60315,60325
439,13,'ayah',0,60326,60336
439,14,'ayah',0,60337,60347
439,15,'ayah',0,60348,60357
440,1,'ayah',0,60358,60366
440,2,'ayah',0,60367,60374
440,3,'ayah',0,60375,60383
440,4,'surah_name',1,36,
440,5,'basmallah',1,36,
440,6,'ayah',0,60384,60393
440,7,'ayah',0,60394,60403
440,8,'ayah',0,60404,60413
440,9,'ayah',0,60414,60424
440,10,'ayah',0,60425,60433
440,11,'ayah',0,60434,60442
440,12,'ayah',0,60443,60452
440,13,'ayah',0,60453,60460
440,14,'ayah',0,60461,60468
440,15,'ayah',0,60469,60478
441,1,'ayah',0,60479,60487
441,2,'ayah',0,60488,60496
441,3,'ayah',0,60497,60507
441,4,'ayah',0,60508,60519
441,5,'ayah',0,60520,60528
441,6,'ayah',0,60529,60537
441,7,'ayah',0,60538,60546
441,8,'ayah',0,60547,60556
441,9,'ayah',0,60557,60564
441,10,'ayah',0,60565,60575
441,11,'ayah',0,60576,60584
441,12,'ayah',0,60585,60593
441,13,'ayah',0,60594,60603
441,14,'ayah',0,60604,60612
441,15,'ayah',0,60613,60622
442,1,'ayah',0,60623,60633
442,2,'ayah',0,60634,60644
442,3,'ayah',0,60645,60655
442,4,'ayah',0,60656,60664
442,5,'ayah',0,60665,60675
442,6,'ayah',0,60676,60684
442,7,'ayah',0,60685,60692
442,8,'ayah',0,60693,60701
442,9,'ayah',0,60702,60709
442,10,'ayah',0,60710,60717
442,11,'ayah',0,60718,60727
442,12,'ayah',0,60728,60735
442,13,'ayah',0,60736,60744
442,14,'ayah',0,60745,60754
442,15,'ayah',0,60755,60764
443,1,'ayah',0,60765,60774
443,2,'ayah',0,60775,60786
443,3,'ayah',0,60787,60798
443,4,'ayah',0,60799,60809
443,5,'ayah',0,60810,60820
443,6,'ayah',0,60821,60831
443,7,'ayah',0,60832,60843
443,8,'ayah',0,60844,60853
443,9,'ayah',0,60854,60862
443,10,'ayah',0,60863,60871
443,11,'ayah',0,60872,60881
443,12,'ayah',0,60882,60892
443,13,'ayah',0,60893,60899
443,14,'ayah',0,60900,60909
443,15,'ayah',0,60910,60918
444,1,'ayah',0,60919,60928
444,2,'ayah',0,60929,60938
444,3,'ayah',0,60939,60949
444,4,'ayah',0,60950,60959
444,5,'ayah',0,60960,60968
444,6,'ayah',0,60969,60977
444,7,'ayah',0,60978,60986
444,8,'ayah',0,60987,60995
444,9,'ayah',0,60996,61003
444,10,'ayah',0,61004,61011
444,11,'ayah',0,61012,61018
444,12,'ayah',0,61019,61025
444,13,'ayah',0,61026,61034
444,14,'ayah',0,61035,61046
444,15,'ayah',0,61047,61056
445,1,'ayah',0,61057,61067
445,2,'ayah',0,61068,61076
445,3,'ayah',0,61077,61084
445,4,'ayah',0,61085,61093
445,5,'ayah',0,61094,61102
445,6,'ayah',0,61103,61113
445,7,'ayah',0,61114,61123
445,8,'ayah',0,61124,61133
445,9,'ayah',0,61134,61143
445,10,'ayah',0,61144,61153
445,11,'ayah',0,61154,61161
445,12,'ayah',0,61162,61171
445,13,'ayah',0,61172,61182
445,14,'ayah',0,61183,61191
445,15,'surah_name',1,37,
446,1,'basmallah',1,37,
446,2,'ayah',0,61192,61200
446,3,'ayah',0,61201,61210
446,4,'ayah',0,61211,61220
446,5,'ayah',0,61221,61231
446,6,'ayah',0,61232,61243
446,7,'ayah',0,61244,61252
446,8,'ayah',0,61253,61263
446,9,'ayah',0,61264,61274
446,10,'ayah',0,61275,61287
446,11,'ayah',0,61288,61297
446,12,'ayah',0,61298,61309
446,13,'ayah',0,61310,61320
446,14,'ayah',0,61321,61330
446,15,'ayah',0,61331,61340
447,1,'ayah',0,61341,61352
447,2,'ayah',0,61353,61363
447,3,'ayah',0,61364,61375
447,4,'ayah',0,61376,61387
447,5,'ayah',0,61388,61397
447,6,'ayah',0,61398,61408
447,7,'ayah',0,61409,61418
447,8,'ayah',0,61419,61428
447,9,'ayah',0,61429,61438
447,10,'ayah',0,61439,61449
447,11,'ayah',0,61450,61460
447,12,'ayah',0,61461,61470
447,13,'ayah',0,61471,61481
447,14,'ayah',0,61482,61491
447,15,'ayah',0,61492,61502
448,1,'ayah',0,61503,61513
448,2,'ayah',0,61514,61524
448,3,'ayah',0,61525,61535
448,4,'ayah',0,61536,61545
448,5,'ayah',0,61546,61556
448,6,'ayah',0,61557,61566
448,7,'ayah',0,61567,61575
448,8,'ayah',0,61576,61584
448,9,'ayah',0,61585,61595
448,10,'ayah',0,61596,61606
448,11,'ayah',0,61607,61616
448,12,'ayah',0,61617,61625
448,13,'ayah',0,61626,61633
448,14,'ayah',0,61634,61642
448,15,'ayah',0,61643,61650
449,1,'ayah',0,61651,61661
449,2,'ayah',0,61662,61673
449,3,'ayah',0,61674,61682
449,4,'ayah',0,61683,61693
449,5,'ayah',0,61694,61703
449,6,'ayah',0,61704,61714
449,7,'ayah',0,61715,61725
449,8,'ayah',0,61726,61737
449,9,'ayah',0,61738,61747
449,10,'ayah',0,61748,61758
449,11,'ayah',0,61759,61767
449,12,'ayah',0,61768,61779
449,13,'ayah',0,61780,61789
449,14,'ayah',0,61790,61800
449,15,'ayah',0,61801,61811
450,1,'ayah',0,61812,61821
450,2,'ayah',0,61822,61831
450,3,'ayah',0,61832,61841
450,4,'ayah',0,61842,61850
450,5,'ayah',0,61851,61860
450,6,'ayah',0,61861,61868
450,7,'ayah',0,61869,61877
450,8,'ayah',0,61878,61884
450,9,'ayah',0,61885,61892
450,10,'ayah',0,61893,61899
450,11,'ayah',0,61900,61907
450,12,'ayah',0,61908,61915
450,13,'ayah',0,61916,61923
450,14,'ayah',0,61924,61933
450,15,'ayah',0,61934,61941
451,1,'ayah',0,61942,61950
451,2,'ayah',0,61951,61961
451,3,'ayah',0,61962,61971
451,4,'ayah',0,61972,61981
451,5,'ayah',0,61982,61991
451,6,'ayah',0,61992,62000
451,7,'ayah',0,62001,62010
451,8,'ayah',0,62011,62020
451,9,'ayah',0,62021,62031
451,10,'ayah',0,62032,62039
451,11,'ayah',0,62040,62049
451,12,'ayah',0,62050,62057
451,13,'ayah',0,62058,62065
451,14,'ayah',0,62066,62074
451,15,'ayah',0,62075,62083
452,1,'ayah',0,62084,62095
452,2,'ayah',0,62096,62106
452,3,'ayah',0,62107,62116
452,4,'ayah',0,62117,62127
452,5,'ayah',0,62128,62141
452,6,'ayah',0,62142,62152
452,7,'ayah',0,62153,62165
452,8,'ayah',0,62166,62175
452,9,'ayah',0,62176,62185
452,10,'ayah',0,62186,62196
452,11,'ayah',0,62197,62205
452,12,'ayah',0,62206,62215
452,13,'ayah',0,62216,62224
452,14,'ayah',0,62225,62233
452,15,'surah_name',1,38,
453,1,'basmallah',1,38,
453,2,'ayah',0,62234,62245
453,3,'ayah',0,62246,62257
453,4,'ayah',0,62258,62267
453,5,'ayah',0,62268,62278
453,6,'ayah',0,62279,62289
453,7,'ayah',0,62290,62301
453,8,'ayah',0,62302,62315
453,9,'ayah',0,62316,62326
453,10,'ayah',0,62327,62335
453,11,'ayah',0,62336,62345
453,12,'ayah',0,62346,62355
453,13,'ayah',0,62356,62364
453,14,'ayah',0,62365,62375
453,15,'ayah',0,62376,62387
454,1,'ayah',0,62388,62399
454,2,'ayah',0,62400,62408
454,3,'ayah',0,62409,62417
454,4,'ayah',0,62418,62426
454,5,'ayah',0,62427,62437
454,6,'ayah',0,62438,62447
454,7,'ayah',0,62448,62459
454,8,'ayah',0,62460,62469
454,9,'ayah',0,62470,62480
454,10,'ayah',0,62481,62489
454,11,'ayah',0,62490,62500
454,12,'ayah',0,62501,62510
454,13,'ayah',0,62511,62520
454,14,'ayah',0,62521,62531
454,15,'ayah',0,62532,62542
455,1,'ayah',0,62543,62553
455,2,'ayah',0,62554,62564
455,3,'ayah',0,62565,62572
455,4,'ayah',0,62573,62581
455,5,'ayah',0,62582,62590
455,6,'ayah',0,62591,62600
455,7,'ayah',0,62601,62610
455,8,'ayah',0,62611,62619
455,9,'ayah',0,62620,62630
455,10,'ayah',0,62631,62643
455,11,'ayah',0,62644,62653
455,12,'ayah',0,62654,62663
455,13,'ayah',0,62664,62675
455,14,'ayah',0,62676,62686
455,15,'ayah',0,62687,62696
456,1,'ayah',0,62697,62706
456,2,'ayah',0,62707,62717
456,3,'ayah',0,62718,62727
456,4,'ayah',0,62728,62735
456,5,'ayah',0,62736,62744
456,6,'ayah',0,62745,62754
456,7,'ayah',0,62755,62764
456,8,'ayah',0,62765,62773
456,9,'ayah',0,62774,62782
456,10,'ayah',0,62783,62794
456,11,'ayah',0,62795,62804
456,12,'ayah',0,62805,62813
456,13,'ayah',0,62814,62824
456,14,'ayah',0,62825,62836
456,15,'ayah',0,62837,62848
457,1,'ayah',0,62849,62860
457,2,'ayah',0,62861,62871
457,3,'ayah',0,62872,62885
457,4,'ayah',0,62886,62896
457,5,'ayah',0,62897,62909
457,6,'ayah',0,62910,62924
457,7,'ayah',0,62925,62935
457,8,'ayah',0,62936,62944
457,9,'ayah',0,62945,62954
457,10,'ayah',0,62955,62965
457,11,'ayah',0,62966,62978
457,12,'ayah',0,62979,62990
457,13,'ayah',0,62991,63002
457,14,'ayah',0,63003,63011
457,15,'ayah',0,63012,63019
458,1,'ayah',0,63020,63029
458,2,'ayah',0,63030,63042
458,3,'ayah',0,63043,63054
458,4,'surah_name',1,39,
458,5,'basmallah',1,39,
458,6,'ayah',0,63055,63064
458,7,'ayah',0,63065,63073
458,8,'ayah',0,63074,63081
458,9,'ayah',0,63082,63092
458,10,'ayah',0,63093,63104
458,11,'ayah',0,63105,63114
458,12,'ayah',0,63115,63123
458,13,'ayah',0,63124,63131
458,14,'ayah',0,63132,63138
458,15,'ayah',0,63139,63147
459,1,'ayah',0,63148,63157
459,2,'ayah',0,63158,63165
459,3,'ayah',0,63166,63176
459,4,'ayah',0,63177,63187
459,5,'ayah',0,63188,63197
459,6,'ayah',0,63198,63207
459,7,'ayah',0,63208,63216
459,8,'ayah',0,63217,63227
459,9,'ayah',0,63228,63239
459,10,'ayah',0,63240,63249
459,11,'ayah',0,63250,63259
459,12,'ayah',0,63260,63269
459,13,'ayah',0,63270,63279
459,14,'ayah',0,63280,63288
459,15,'ayah',0,63289,63298
460,1,'ayah',0,63299,63311
460,2,'ayah',0,63312,63323
460,3,'ayah',0,63324,63336
460,4,'ayah',0,63337,63346
460,5,'ayah',0,63347,63357
460,6,'ayah',0,63358,63368
460,7,'ayah',0,63369,63378
460,8,'ayah',0,63379,63386
460,9,'ayah',0,63387,63395
460,10,'ayah',0,63396,63406
460,11,'ayah',0,63407,63417
460,12,'ayah',0,63418,63429
460,13,'ayah',0,63430,63440
460,14,'ayah',0,63441,63450
460,15,'ayah',0,63451,63459
461,1,'ayah',0,63460,63470
461,2,'ayah',0,63471,63480
461,3,'ayah',0,63481,63489
461,4,'ayah',0,63490,63497
461,5,'ayah',0,63498,63508
461,6,'ayah',0,63509,63519
461,7,'ayah',0,63520,63528
461,8,'ayah',0,63529,63537
461,9,'ayah',0,63538,63547
461,10,'ayah',0,63548,63557
461,11,'ayah',0,63558,63567
461,12,'ayah',0,63568,63578
461,13,'ayah',0,63579,63586
461,14,'ayah',0,63587,63597
461,15,'ayah',0,63598,63606
462,1,'ayah',0,63607,63614
462,2,'ayah',0,63615,63623
462,3,'ayah',0,63624,63631
462,4,'ayah',0,63632,63640
462,5,'ayah',0,63641,63648
462,6,'ayah',0,63649,63656
462,7,'ayah',0,63657,63663
462,8,'ayah',0,63664,63676
462,9,'ayah',0,63677,63686
462,10,'ayah',0,63687,63694
462,11,'ayah',0,63695,63705
462,12,'ayah',0,63706,63714
462,13,'ayah',0,63715,63722
462,14,'ayah',0,63723,63729
462,15,'ayah',0,63730,63738
463,1,'ayah',0,63739,63746
463,2,'ayah',0,63747,63755
463,3,'ayah',0,63756,63763
463,4,'ayah',0,63764,63772
463,5,'ayah',0,63773,63781
463,6,'ayah',0,63782,63790
463,7,'ayah',0,63791,63799
463,8,'ayah',0,63800,63808
463,9,'ayah',0,63809,63816
463,10,'ayah',0,63817,63825
463,11,'ayah',0,63826,63834
463,12,'ayah',0,63835,63842
463,13,'ayah',0,63843,63852
463,14,'ayah',0,63853,63863
463,15,'ayah',0,63864,63874
464,1,'ayah',0,63875,63884
464,2,'ayah',0,63885,63894
464,3,'ayah',0,63895,63905
464,4,'ayah',0,63906,63916
464,5,'ayah',0,63917,63925
464,6,'ayah',0,63926,63933
464,7,'ayah',0,63934,63943
464,8,'ayah',0,63944,63953
464,9,'ayah',0,63954,63962
464,10,'ayah',0,63963,63973
464,11,'ayah',0,63974,63983
464,12,'ayah',0,63984,63992
464,13,'ayah',0,63993,64000
464,14,'ayah',0,64001,64009
464,15,'ayah',0,64010,64020
465,1,'ayah',0,64021,64030
465,2,'ayah',0,64031,64040
465,3,'ayah',0,64041,64049
465,4,'ayah',0,64050,64056
465,5,'ayah',0,64057,64065
465,6,'ayah',0,64066,64073
465,7,'ayah',0,64074,64082
465,8,'ayah',0,64083,64093
465,9,'ayah',0,64094,64100
465,10,'ayah',0,64101,64109
465,11,'ayah',0,64110,64119
465,12,'ayah',0,64120,64128
465,13,'ayah',0,64129,64138
465,14,'ayah',0,64139,64144
465,15,'ayah',0,64145,64151
466,1,'ayah',0,64152,64161
466,2,'ayah',0,64162,64173
466,3,'ayah',0,64174,64181
466,4,'ayah',0,64182,64189
466,5,'ayah',0,64190,64200
466,6,'ayah',0,64201,64209
466,7,'ayah',0,64210,64218
466,8,'ayah',0,64219,64225
466,9,'ayah',0,64226,64234
466,10,'ayah',0,64235,64243
466,11,'ayah',0,64244,64250
466,12,'ayah',0,64251,64259
466,13,'ayah',0,64260,64266
466,14,'ayah',0,64267,64274
466,15,'ayah',0,64275,64283
467,1,'ayah',0,64284,64291
467,2,'ayah',0,64292,64301
467,3,'surah_name',1,40,
467,4,'basmallah',1,40,
467,5,'ayah',0,64302,64311
467,6,'ayah',0,64312,64322
467,7,'ayah',0,64323,64333
467,8,'ayah',0,64334,64342
467,9,'ayah',0,64343,64350
467,10,'ayah',0,64351,64357
467,11,'ayah',0,64358,64366
467,12,'ayah',0,64367,64375
467,13,'ayah',0,64376,64383
467,14,'ayah',0,64384,64391
467,15,'ayah',0,64392,64400
468,1,'ayah',0,64401,64408
468,2,'ayah',0,64409,64415
468,3,'ayah',0,64416,64422
468,4,'ayah',0,64423,64431
468,5,'ayah',0,64432,64439
468,6,'ayah',0,64440,64446
468,7,'ayah',0,64447,64454
468,8,'ayah',0,64455,64464
468,9,'ayah',0,64465,64473
468,10,'ayah',0,64474,64481
468,11,'ayah',0,64482,64491
468,12,'ayah',0,64492,64500
468,13,'ayah',0,64501,64510
468,14,'ayah',0,64511,64522
468,15,'ayah',0,64523,64533
469,1,'ayah',0,64534,64543
469,2,'ayah',0,64544,64552
469,3,'ayah',0,64553,64561
469,4,'ayah',0,64562,64570
469,5,'ayah',0,64571,64579
469,6,'ayah',0,64580,64589
469,7,'ayah',0,64590,64598
469,8,'ayah',0,64599,64608
469,9,'ayah',0,64609,64619
469,10,'ayah',0,64620,64627
469,11,'ayah',0,64628,64635
469,12,'ayah',0,64636,64642
469,13,'ayah',0,64643,64650
469,14,'ayah',0,64651,64658
469,15,'ayah',0,64659,64666
470,1,'ayah',0,64667,64675
470,2,'ayah',0,64676,64685
470,3,'ayah',0,64686,64694
470,4,'ayah',0,64695,64704
470,5,'ayah',0,64705,64712
470,6,'ayah',0,64713,64721
470,7,'ayah',0,64722,64729
470,8,'ayah',0,64730,64740
470,9,'ayah',0,64741,64749
470,10,'ayah',0,64750,64761
470,11,'ayah',0,64762,64771
470,12,'ayah',0,64772,64781
470,13,'ayah',0,64782,64792
470,14,'ayah',0,64793,64802
470,15,'ayah',0,64803,64816
471,1,'ayah',0,64817,64826
471,2,'ayah',0,64827,64836
471,3,'ayah',0,64837,64845
471,4,'ayah',0,64846,64854
471,5,'ayah',0,64855,64863
471,6,'ayah',0,64864,64873
471,7,'ayah',0,64874,64882
471,8,'ayah',0,64883,64890
471,9,'ayah',0,64891,64898
471,10,'ayah',0,64899,64907
471,11,'ayah',0,64908,64914
471,12,'ayah',0,64915,64923
471,13,'ayah',0,64924,64933
471,14,'ayah',0,64934,64942
471,15,'ayah',0,64943,64950
472,1,'ayah',0,64951,64958
472,2,'ayah',0,64959,64967
472,3,'ayah',0,64968,64978
472,4,'ayah',0,64979,64989
472,5,'ayah',0,64990,64998
472,6,'ayah',0,64999,65006
472,7,'ayah',0,65007,65015
472,8,'ayah',0,65016,65024
472,9,'ayah',0,65025,65032
472,10,'ayah',0,65033,65040
472,11,'ayah',0,65041,65047
472,12,'ayah',0,65048,65056
472,13,'ayah',0,65057,65065
472,14,'ayah',0,65066,65075
472,15,'ayah',0,65076,65084
473,1,'ayah',0,65085,65091
473,2,'ayah',0,65092,65100
473,3,'ayah',0,65101,65109
473,4,'ayah',0,65110,65118
473,5,'ayah',0,65119,65127
473,6,'ayah',0,65128,65134
473,7,'ayah',0,65135,65142
473,8,'ayah',0,65143,65149
473,9,'ayah',0,65150,65156
473,10,'ayah',0,65157,65165
473,11,'ayah',0,65166,65173
473,12,'ayah',0,65174,65180
473,13,'ayah',0,65181,65188
473,14,'ayah',0,65189,65195
473,15,'ayah',0,65196,65202
474,1,'ayah',0,65203,65211
474,2,'ayah',0,65212,65219
474,3,'ayah',0,65220,65226
474,4,'ayah',0,65227,65234
474,5,'ayah',0,65235,65243
474,6,'ayah',0,65244,65250
474,7,'ayah',0,65251,65261
474,8,'ayah',0,65262,65269
474,9,'ayah',0,65270,65277
474,10,'ayah',0,65278,65283
474,11,'ayah',0,65284,65290
474,12,'ayah',0,65291,65299
474,13,'ayah',0,65300,65308
474,14,'ayah',0,65309,65319
474,15,'ayah',0,65320,65328
475,1,'ayah',0,65329,65340
475,2,'ayah',0,65341,65347
475,3,'ayah',0,65348,65356
475,4,'ayah',0,65357,65364
475,5,'ayah',0,65365,65376
475,6,'ayah',0,65377,65385
475,7,'ayah',0,65386,65392
475,8,'ayah',0,65393,65400
475,9,'ayah',0,65401,65411
475,10,'ayah',0,65412,65423
475,11,'ayah',0,65424,65433
475,12,'ayah',0,65434,65443
475,13,'ayah',0,65444,65451
475,14,'ayah',0,65452,65460
475,15,'ayah',0,65461,65469
476,1,'ayah',0,65470,65478
476,2,'ayah',0,65479,65488
476,3,'ayah',0,65489,65499
476,4,'ayah',0,65500,65507
476,5,'ayah',0,65508,65514
476,6,'ayah',0,65515,65522
476,7,'ayah',0,65523,65529
476,8,'ayah',0,65530,65538
476,9,'ayah',0,65539,65547
476,10,'ayah',0,65548,65557
476,11,'ayah',0,65558,65565
476,12,'ayah',0,65566,65575
476,13,'ayah',0,65576,65585
476,14,'ayah',0,65586,65595
476,15,'ayah',0,65596,65605
477,1,'surah_name',1,41,
477,2,'basmallah',1,41,
477,3,'ayah',0,65606,65614
477,4,'ayah',0,65615,65623
477,5,'ayah',0,65624,65632
477,6,'ayah',0,65633,65642
477,7,'ayah',0,65643,65653
477,8,'ayah',0,65654,65661
477,9,'ayah',0,65662,65669
477,10,'ayah',0,65670,65678
477,11,'ayah',0,65679,65687
477,12,'ayah',0,65688,65697
477,13,'ayah',0,65698,65708
477,14,'ayah',0,65709,65719
477,15,'ayah',0,65720,65730
478,1,'ayah',0,65731,65740
478,2,'ayah',0,65741,65748
478,3,'ayah',0,65749,65757
478,4,'ayah',0,65758,65767
478,5,'ayah',0,65768,65778
478,6,'ayah',0,65779,65788
478,7,'ayah',0,65789,65800
478,8,'ayah',0,65801,65809
478,9,'ayah',0,65810,65818
478,10,'ayah',0,65819,65827
478,11,'ayah',0,65828,65836
478,12,'ayah',0,65837,65844
478,13,'ayah',0,65845,65853
478,14,'ayah',0,65854,65865
478,15,'ayah',0,65866,65873
479,1,'ayah',0,65874,65882
479,2,'ayah',0,65883,65892
479,3,'ayah',0,65893,65901
479,4,'ayah',0,65902,65912
479,5,'ayah',0,65913,65920
479,6,'ayah',0,65921,65929
479,7,'ayah',0,65930,65937
479,8,'ayah',0,65938,65947
479,9,'ayah',0,65948,65958
479,10,'ayah',0,65959,65968
479,11,'ayah',0,65969,65977
479,12,'ayah',0,65978,65986
479,13,'ayah',0,65987,65998
479,14,'ayah',0,65999,66008
479,15,'ayah',0,66009,66016
480,1,'ayah',0,66017,66025
480,2,'ayah',0,66026,66032
480,3,'ayah',0,66033,66040
480,4,'ayah',0,66041,66048
480,5,'ayah',0,66049,66058
480,6,'ayah',0,66059,66068
480,7,'ayah',0,66069,66077
480,8,'ayah',0,66078,66087
480,9,'ayah',0,66088,66097
480,10,'ayah',0,66098,66107
480,11,'ayah',0,66108,66116
480,12,'ayah',0,66117,66123
480,13,'ayah',0,66124,66131
480,14,'ayah',0,66132,66138
480,15,'ayah',0,66139,66147
481,1,'ayah',0,66148,66157
481,2,'ayah',0,66158,66168
481,3,'ayah',0,66169,66179
481,4,'ayah',0,66180,66192
481,5,'ayah',0,66193,66203
481,6,'ayah',0,66204,66215
481,7,'ayah',0,66216,66228
481,8,'ayah',0,66229,66239
481,9,'ayah',0,66240,66248
481,10,'ayah',0,66249,66256
481,11,'ayah',0,66257,66265
481,12,'ayah',0,66266,66274
481,13,'ayah',0,66275,66282
481,14,'ayah',0,66283,66292
481,15,'ayah',0,66293,66301
482,1,'ayah',0,66302,66311
482,2,'ayah',0,66312,66322
482,3,'ayah',0,66323,66331
482,4,'ayah',0,66332,66343
482,5,'ayah',0,66344,66353
482,6,'ayah',0,66354,66363
482,7,'ayah',0,66364,66373
482,8,'ayah',0,66374,66383
482,9,'ayah',0,66384,66392
482,10,'ayah',0,66393,66401
482,11,'ayah',0,66402,66411
482,12,'ayah',0,66412,66421
482,13,'ayah',0,66422,66431
482,14,'ayah',0,66432,66442
482,15,'ayah',0,66443,66453
483,1,'surah_name',1,42,
483,2,'basmallah',1,42,
483,3,'ayah',0,66454,66464
483,4,'ayah',0,66465,66476
483,5,'ayah',0,66477,66484
483,6,'ayah',0,66485,66491
483,7,'ayah',0,66492,66501
483,8,'ayah',0,66502,66511
483,9,'ayah',0,66512,66521
483,10,'ayah',0,66522,66533
483,11,'ayah',0,66534,66543
483,12,'ayah',0,66544,66555
483,13,'ayah',0,66556,66567
483,14,'ayah',0,66568,66578
483,15,'ayah',0,66579,66588
484,1,'ayah',0,66589,66596
484,2,'ayah',0,66597,66604
484,3,'ayah',0,66605,66612
484,4,'ayah',0,66613,66622
484,5,'ayah',0,66623,66632
484,6,'ayah',0,66633,66642
484,7,'ayah',0,66643,66652
484,8,'ayah',0,66653,66662
484,9,'ayah',0,66663,66673
484,10,'ayah',0,66674,66683
484,11,'ayah',0,66684,66692
484,12,'ayah',0,66693,66700
484,13,'ayah',0,66701,66709
484,14,'ayah',0,66710,66717
484,15,'ayah',0,66718,66727
485,1,'ayah',0,66728,66737
485,2,'ayah',0,66738,66745
485,3,'ayah',0,66746,66754
485,4,'ayah',0,66755,66763
485,5,'ayah',0,66764,66771
485,6,'ayah',0,66772,66781
485,7,'ayah',0,66782,66790
485,8,'ayah',0,66791,66801
485,9,'ayah',0,66802,66812
485,10,'ayah',0,66813,66821
485,11,'ayah',0,66822,66831
485,12,'ayah',0,66832,66839
485,13,'ayah',0,66840,66846
485,14,'ayah',0,66847,66852
485,15,'ayah',0,66853,66862
486,1,'ayah',0,66863,66873
486,2,'ayah',0,66874,66884
486,3,'ayah',0,66885,66897
486,4,'ayah',0,66898,66909
486,5,'ayah',0,66910,66919
486,6,'ayah',0,66920,66928
486,7,'ayah',0,66929,66936
486,8,'ayah',0,66937,66945
486,9,'ayah',0,66946,66956
486,10,'ayah',0,66957,66967
486,11,'ayah',0,66968,66976
486,12,'ayah',0,66977,66986
486,13,'ayah',0,66987,66995
486,14,'ayah',0,66996,67004
486,15,'ayah',0,67005,67016
487,1,'ayah',0,67017,67027
487,2,'ayah',0,67028,67038
487,3,'ayah',0,67039,67049
487,4,'ayah',0,67050,67062
487,5,'ayah',0,67063,67073
487,6,'ayah',0,67074,67082
487,7,'ayah',0,67083,67091
487,8,'ayah',0,67092,67101
487,9,'ayah',0,67102,67111
487,10,'ayah',0,67112,67122
487,11,'ayah',0,67123,67134
487,12,'ayah',0,67135,67143
487,13,'ayah',0,67144,67154
487,14,'ayah',0,67155,67166
487,15,'ayah',0,67167,67176
488,1,'ayah',0,67177,67183
488,2,'ayah',0,67184,67192
488,3,'ayah',0,67193,67200
488,4,'ayah',0,67201,67210
488,5,'ayah',0,67211,67222
488,6,'ayah',0,67223,67235
488,7,'ayah',0,67236,67245
488,8,'ayah',0,67246,67255
488,9,'ayah',0,67256,67264
488,10,'ayah',0,67265,67273
488,11,'ayah',0,67274,67282
488,12,'ayah',0,67283,67291
488,13,'ayah',0,67292,67301
488,14,'ayah',0,67302,67313
488,15,'ayah',0,67314,67322
489,1,'ayah',0,67323,67333
489,2,'ayah',0,67334,67344
489,3,'ayah',0,67345,67354
489,4,'ayah',0,67355,67366
489,5,'surah_name',1,43,
489,6,'basmallah',1,43,
489,7,'ayah',0,67367,67375
489,8,'ayah',0,67376,67383
489,9,'ayah',0,67384,67390
489,10,'ayah',0,67391,67400
489,11,'ayah',0,67401,67410
489,12,'ayah',0,67411,67418
489,13,'ayah',0,67419,67426
489,14,'ayah',0,67427,67434
489,15,'ayah',0,67435,67442
490,1,'ayah',0,67443,67452
490,2,'ayah',0,67453,67460
490,3,'ayah',0,67461,67470
490,4,'ayah',0,67471,67479
490,5,'ayah',0,67480,67491
490,6,'ayah',0,67492,67500
490,7,'ayah',0,67501,67509
490,8,'ayah',0,67510,67518
490,9,'ayah',0,67519,67527
490,10,'ayah',0,67528,67536
490,11,'ayah',0,67537,67544
490,12,'ayah',0,67545,67553
490,13,'ayah',0,67554,67565
490,14,'ayah',0,67566,67574
490,15,'ayah',0,67575,67584
491,1,'ayah',0,67585,67596
491,2,'ayah',0,67597,67606
491,3,'ayah',0,67607,67615
491,4,'ayah',0,67616,67625
491,5,'ayah',0,67626,67634
491,6,'ayah',0,67635,67644
491,7,'ayah',0,67645,67654
491,8,'ayah',0,67655,67663
491,9,'ayah',0,67664,67674
491,10,'ayah',0,67675,67685
491,11,'ayah',0,67686,67694
491,12,'ayah',0,67695,67702
491,13,'ayah',0,67703,67711
491,14,'ayah',0,67712,67720
491,15,'ayah',0,67721,67728
492,1,'ayah',0,67729,67736
492,2,'ayah',0,67737,67745
492,3,'ayah',0,67746,67755
492,4,'ayah',0,67756,67764
492,5,'ayah',0,67765,67774
492,6,'ayah',0,67775,67782
492,7,'ayah',0,67783,67791
492,8,'ayah',0,67792,67801
492,9,'ayah',0,67802,67811
492,10,'ayah',0,67812,67819
492,11,'ayah',0,67820,67829
492,12,'ayah',0,67830,67839
492,13,'ayah',0,67840,67848
492,14,'ayah',0,67849,67856
492,15,'ayah',0,67857,67867
493,1,'ayah',0,67868,67877
493,2,'ayah',0,67878,67886
493,3,'ayah',0,67887,67896
493,4,'ayah',0,67897,67905
493,5,'ayah',0,67906,67915
493,6,'ayah',0,67916,67927
493,7,'ayah',0,67928,67939
493,8,'ayah',0,67940,67945
493,9,'ayah',0,67946,67953
493,10,'ayah',0,67954,67959
493,11,'ayah',0,67960,67967
493,12,'ayah',0,67968,67975
493,13,'ayah',0,67976,67988
493,14,'ayah',0,67989,67998
493,15,'ayah',0,67999,68008
494,1,'ayah',0,68009,68017
494,2,'ayah',0,68018,68026
494,3,'ayah',0,68027,68035
494,4,'ayah',0,68036,68044
494,5,'ayah',0,68045,68054
494,6,'ayah',0,68055,68062
494,7,'ayah',0,68063,68072
494,8,'ayah',0,68073,68080
494,9,'ayah',0,68081,68089
494,10,'ayah',0,68090,68098
494,11,'ayah',0,68099,68105
494,12,'ayah',0,68106,68113
494,13,'ayah',0,68114,68121
494,14,'ayah',0,68122,68129
494,15,'ayah',0,68130,68138
495,1,'ayah',0,68139,68149
495,2,'ayah',0,68150,68159
495,3,'ayah',0,68160,68169
495,4,'ayah',0,68170,68179
495,5,'ayah',0,68180,68190
495,6,'ayah',0,68191,68201
495,7,'ayah',0,68202,68209
495,8,'ayah',0,68210,68218
495,9,'ayah',0,68219,68228
495,10,'ayah',0,68229,68238
495,11,'ayah',0,68239,68246
495,12,'ayah',0,68247,68256
495,13,'ayah',0,68257,68265
495,14,'ayah',0,68266,68275
495,15,'ayah',0,68276,68285
496,1,'surah_name',1,44,
496,2,'basmallah',1,44,
496,3,'ayah',0,68286,68294
496,4,'ayah',0,68295,68305
496,5,'ayah',0,68306,68317
496,6,'ayah',0,68318,68325
496,7,'ayah',0,68326,68336
496,8,'ayah',0,68337,68345
496,9,'ayah',0,68346,68354
496,10,'ayah',0,68355,68363
496,11,'ayah',0,68364,68374
496,12,'ayah',0,68375,68385
496,13,'ayah',0,68386,68394
496,14,'ayah',0,68395,68402
496,15,'ayah',0,68403,68414
497,1,'ayah',0,68415,68426
497,2,'ayah',0,68427,68438
497,3,'ayah',0,68439,68448
497,4,'ayah',0,68449,68458
497,5,'ayah',0,68459,68468
497,6,'ayah',0,68469,68477
497,7,'ayah',0,68478,68487
497,8,'ayah',0,68488,68497
497,9,'ayah',0,68498,68507
497,10,'ayah',0,68508,68516
497,11,'ayah',0,68517,68527
497,12,'ayah',0,68528,68537
497,13,'ayah',0,68538,68548
497,14,'ayah',0,68549,68557
497,15,'ayah',0,68558,68566
498,1,'ayah',0,68567,68576
498,2,'ayah',0,68577,68587
498,3,'ayah',0,68588,68596
498,4,'ayah',0,68597,68605
498,5,'ayah',0,68606,68614
498,6,'ayah',0,68615,68623
498,7,'ayah',0,68624,68633
498,8,'ayah',0,68634,68643
498,9,'ayah',0,68644,68650
498,10,'ayah',0,68651,68658
498,11,'ayah',0,68659,68665
498,12,'ayah',0,68666,68673
498,13,'ayah',0,68674,68683
498,14,'ayah',0,68684,68690
498,15,'surah_name',1,45,
499,1,'basmallah',1,45,
499,2,'ayah',0,68691,68702
499,3,'ayah',0,68703,68713
499,4,'ayah',0,68714,68724
499,5,'ayah',0,68725,68735
499,6,'ayah',0,68736,68746
499,7,'ayah',0,68747,68757
499,8,'ayah',0,68758,68769
499,9,'ayah',0,68770,68780
499,10,'ayah',0,68781,68791
499,11,'ayah',0,68792,68803
499,12,'ayah',0,68804,68814
499,13,'ayah',0,68815,68825
499,14,'ayah',0,68826,68836
499,15,'ayah',0,68837,68846
500,1,'ayah',0,68847,68856
500,2,'ayah',0,68857,68865
500,3,'ayah',0,68866,68875
500,4,'ayah',0,68876,68883
500,5,'ayah',0,68884,68891
500,6,'ayah',0,68892,68902
500,7,'ayah',0,68903,68911
500,8,'ayah',0,68912,68921
500,9,'ayah',0,68922,68932
500,10,'ayah',0,68933,68941
500,11,'ayah',0,68942,68949
500,12,'ayah',0,68950,68958
500,13,'ayah',0,68959,68965
500,14,'ayah',0,68966,68973
500,15,'ayah',0,68974,68982
501,1,'ayah',0,68983,68994
501,2,'ayah',0,68995,69005
501,3,'ayah',0,69006,69017
501,4,'ayah',0,69018,69031
501,5,'ayah',0,69032,69043
501,6,'ayah',0,69044,69055
501,7,'ayah',0,69056,69067
501,8,'ayah',0,69068,69075
501,9,'ayah',0,69076,69089
501,10,'ayah',0,69090,69099
501,11,'ayah',0,69100,69108
501,12,'ayah',0,69109,69118
501,13,'ayah',0,69119,69128
501,14,'ayah',0,69129,69141
501,15,'ayah',0,69142,69153
502,1,'ayah',0,69154,69165
502,2,'ayah',0,69166,69176
502,3,'ayah',0,69177,69187
502,4,'ayah',0,69188,69197
502,5,'ayah',0,69198,69207
502,6,'ayah',0,69208,69215
502,7,'surah_name',1,46,
502,8,'basmallah',1,46,
502,9,'ayah',0,69216,69226
502,10,'ayah',0,69227,69235
502,11,'ayah',0,69236,69245
502,12,'ayah',0,69246,69257
502,13,'ayah',0,69258,69268
502,14,'ayah',0,69269,69278
502,15,'ayah',0,69279,69289
503,1,'ayah',0,69290,69300
503,2,'ayah',0,69301,69311
503,3,'ayah',0,69312,69322
503,4,'ayah',0,69323,69335
503,5,'ayah',0,69336,69346
503,6,'ayah',0,69347,69361
503,7,'ayah',0,69362,69374
503,8,'ayah',0,69375,69383
503,9,'ayah',0,69384,69393
503,10,'ayah',0,69394,69405
503,11,'ayah',0,69406,69414
503,12,'ayah',0,69415,69422
503,13,'ayah',0,69423,69431
503,14,'ayah',0,69432,69441
503,15,'ayah',0,69442,69451
504,1,'ayah',0,69452,69459
504,2,'ayah',0,69460,69469
504,3,'ayah',0,69470,69479
504,4,'ayah',0,69480,69489
504,5,'ayah',0,69490,69499
504,6,'ayah',0,69500,69509
504,7,'ayah',0,69510,69518
504,8,'ayah',0,69519,69528
504,9,'ayah',0,69529,69539
504,10,'ayah',0,69540,69549
504,11,'ayah',0,69550,69561
504,12,'ayah',0,69562,69570
504,13,'ayah',0,69571,69581
504,14,'ayah',0,69582,69590
504,15,'ayah',0,69591,69601
505,1,'ayah',0,69602,69611
505,2,'ayah',0,69612,69623
505,3,'ayah',0,69624,69633
505,4,'ayah',0,69634,69645
505,5,'ayah',0,69646,69654
505,6,'ayah',0,69655,69663
505,7,'ayah',0,69664,69675
505,8,'ayah',0,69676,69685
505,9,'ayah',0,69686,69694
505,10,'ayah',0,69695,69703
505,11,'ayah',0,69704,69712
505,12,'ayah',0,69713,69722
505,13,'ayah',0,69723,69731
505,14,'ayah',0,69732,69741
505,15,'ayah',0,69742,69750
506,1,'ayah',0,69751,69759
506,2,'ayah',0,69760,69768
506,3,'ayah',0,69769,69778
506,4,'ayah',0,69779,69788
506,5,'ayah',0,69789,69798
506,6,'ayah',0,69799,69809
506,7,'ayah',0,69810,69819
506,8,'ayah',0,69820,69830
506,9,'ayah',0,69831,69840
506,10,'ayah',0,69841,69852
506,11,'ayah',0,69853,69862
506,12,'ayah',0,69863,69872
506,13,'ayah',0,69873,69883
506,14,'ayah',0,69884,69893
506,15,'surah_name',1,47,
507,1,'basmallah',1,47,
507,2,'ayah',0,69894,69903
507,3,'ayah',0,69904,69914
507,4,'ayah',0,69915,69925
507,5,'ayah',0,69926,69936
507,6,'ayah',0,69937,69947
507,7,'ayah',0,69948,69959
507,8,'ayah',0,69960,69969
507,9,'ayah',0,69970,69980
507,10,'ayah',0,69981,69990
507,11,'ayah',0,69991,70000
507,12,'ayah',0,70001,70011
507,13,'ayah',0,70012,70020
507,14,'ayah',0,70021,70031
507,15,'ayah',0,70032,70043
508,1,'ayah',0,70044,70053
508,2,'ayah',0,70054,70062
508,3,'ayah',0,70063,70074
508,4,'ayah',0,70075,70085
508,5,'ayah',0,70086,70097
508,6,'ayah',0,70098,70110
508,7,'ayah',0,70111,70121
508,8,'ayah',0,70122,70134
508,9,'ayah',0,70135,70144
508,10,'ayah',0,70145,70156
508,11,'ayah',0,70157,70166
508,12,'ayah',0,70167,70175
508,13,'ayah',0,70176,70186
508,14,'ayah',0,70187,70196
508,15,'ayah',0,70197,70203
509,1,'ayah',0,70204,70212
509,2,'ayah',0,70213,70221
509,3,'ayah',0,70222,70230
509,4,'ayah',0,70231,70240
509,5,'ayah',0,70241,70250
509,6,'ayah',0,70251,70259
509,7,'ayah',0,70260,70266
509,8,'ayah',0,70267,70276
509,9,'ayah',0,70277,70286
509,10,'ayah',0,70287,70295
509,11,'ayah',0,70296,70303
509,12,'ayah',0,70304,70310
509,13,'ayah',0,70311,70318
509,14,'ayah',0,70319,70325
509,15,'ayah',0,70326,70335
510,1,'ayah',0,70336,70342
510,2,'ayah',0,70343,70351
510,3,'ayah',0,70352,70359
510,4,'ayah',0,70360,70370
510,5,'ayah',0,70371,70379
510,6,'ayah',0,70380,70388
510,7,'ayah',0,70389,70399
510,8,'ayah',0,70400,70411
510,9,'ayah',0,70412,70420
510,10,'ayah',0,70421,70429
510,11,'ayah',0,70430,70436
510,12,'ayah',0,70437,70443
510,13,'ayah',0,70444,70452
510,14,'ayah',0,70453,70461
510,15,'ayah',0,70462,70470
511,1,'surah_name',1,48,
511,2,'basmallah',1,48,
511,3,'ayah',0,70471,70483
511,4,'ayah',0,70484,70492
511,5,'ayah',0,70493,70503
511,6,'ayah',0,70504,70511
511,7,'ayah',0,70512,70520
511,8,'ayah',0,70521,70529
511,9,'ayah',0,70530,70538
511,10,'ayah',0,70539,70543
511,11,'ayah',0,70544,70552
511,12,'ayah',0,70553,70561
511,13,'ayah',0,70562,70570
511,14,'ayah',0,70571,70577
511,15,'ayah',0,70578,70583
512,1,'ayah',0,70584,70593
512,2,'ayah',0,70594,70604
512,3,'ayah',0,70605,70612
512,4,'ayah',0,70613,70620
512,5,'ayah',0,70621,70631
512,6,'ayah',0,70632,70645
512,7,'ayah',0,70646,70655
512,8,'ayah',0,70656,70664
512,9,'ayah',0,70665,70674
512,10,'ayah',0,70675,70682
512,11,'ayah',0,70683,70691
512,12,'ayah',0,70692,70698
512,13,'ayah',0,70699,70705
512,14,'ayah',0,70706,70715
512,15,'ayah',0,70716,70725
513,1,'ayah',0,70726,70735
513,2,'ayah',0,70736,70744
513,3,'ayah',0,70745,70755
513,4,'ayah',0,70756,70766
513,5,'ayah',0,70767,70776
513,6,'ayah',0,70777,70786
513,7,'ayah',0,70787,70795
513,8,'ayah',0,70796,70803
513,9,'ayah',0,70804,70812
513,10,'ayah',0,70813,70820
513,11,'ayah',0,70821,70827
513,12,'ayah',0,70828,70837
513,13,'ayah',0,70838,70848
513,14,'ayah',0,70849,70858
513,15,'ayah',0,70859,70870
514,1,'ayah',0,70871,70880
514,2,'ayah',0,70881,70891
514,3,'ayah',0,70892,70898
514,4,'ayah',0,70899,70907
514,5,'ayah',0,70908,70916
514,6,'ayah',0,70917,70926
514,7,'ayah',0,70927,70935
514,8,'ayah',0,70936,70943
514,9,'ayah',0,70944,70950
514,10,'ayah',0,70951,70960
514,11,'ayah',0,70961,70968
514,12,'ayah',0,70969,70976
514,13,'ayah',0,70977,70986
514,14,'ayah',0,70987,70995
514,15,'ayah',0,70996,71004
515,1,'ayah',0,71005,71014
515,2,'ayah',0,71015,71023
515,3,'ayah',0,71024,71033
515,4,'ayah',0,71034,71041
515,5,'ayah',0,71042,71051
515,6,'ayah',0,71052,71059
515,7,'surah_name',1,49,
515,8,'basmallah',1,49,
515,9,'ayah',0,71060,71070
515,10,'ayah',0,71071,71081
515,11,'ayah',0,71082,71090
515,12,'ayah',0,71091,71100
515,13,'ayah',0,71101,71109
515,14,'ayah',0,71110,71118
515,15,'ayah',0,71119,71126
516,1,'ayah',0,71127,71137
516,2,'ayah',0,71138,71147
516,3,'ayah',0,71148,71157
516,4,'ayah',0,71158,71169
516,5,'ayah',0,71170,71179
516,6,'ayah',0,71180,71186
516,7,'ayah',0,71187,71196
516,8,'ayah',0,71197,71204
516,9,'ayah',0,71205,71216
516,10,'ayah',0,71217,71224
516,11,'ayah',0,71225,71233
516,12,'ayah',0,71234,71244
516,13,'ayah',0,71245,71257
516,14,'ayah',0,71258,71266
516,15,'ayah',0,71267,71276
517,1,'ayah',0,71277,71287
517,2,'ayah',0,71288,71296
517,3,'ayah',0,71297,71306
517,4,'ayah',0,71307,71316
517,5,'ayah',0,71317,71326
517,6,'ayah',0,71327,71336
517,7,'ayah',0,71337,71346
517,8,'ayah',0,71347,71357
517,9,'ayah',0,71358,71366
517,10,'ayah',0,71367,71374
517,11,'ayah',0,71375,71381
517,12,'ayah',0,71382,71392
517,13,'ayah',0,71393,71404
517,14,'ayah',0,71405,71415
517,15,'ayah',0,71416,71424
518,1,'surah_name',1,50,
518,2,'basmallah',1,50,
518,3,'ayah',0,71425,71434
518,4,'ayah',0,71435,71445
518,5,'ayah',0,71446,71456
518,6,'ayah',0,71457,71467
518,7,'ayah',0,71468,71476
518,8,'ayah',0,71477,71486
518,9,'ayah',0,71487,71497
518,10,'ayah',0,71498,71507
518,11,'ayah',0,71508,71516
518,12,'ayah',0,71517,71526
518,13,'ayah',0,71527,71536
518,14,'ayah',0,71537,71547
518,15,'ayah',0,71548,71559
519,1,'ayah',0,71560,71570
519,2,'ayah',0,71571,71582
519,3,'ayah',0,71583,71594
519,4,'ayah',0,71595,71606
519,5,'ayah',0,71607,71617
519,6,'ayah',0,71618,71628
519,7,'ayah',0,71629,71641
519,8,'ayah',0,71642,71653
519,9,'ayah',0,71654,71664
519,10,'ayah',0,71665,71676
519,11,'ayah',0,71677,71688
519,12,'ayah',0,71689,71699
519,13,'ayah',0,71700,71710
519,14,'ayah',0,71711,71720
519,15,'ayah',0,71721,71732
520,1,'ayah',0,71733,71743
520,2,'ayah',0,71744,71754
520,3,'ayah',0,71755,71764
520,4,'ayah',0,71765,71773
520,5,'ayah',0,71774,71783
520,6,'ayah',0,71784,71792
520,7,'ayah',0,71793,71802
520,8,'ayah',0,71803,71812
520,9,'ayah',0,71813,71821
520,10,'ayah',0,71822,71832
520,11,'ayah',0,71833,71842
520,12,'surah_name',1,51,
520,13,'basmallah',1,51,
520,14,'ayah',0,71843,71851
520,15,'ayah',0,71852,71862
521,1,'ayah',0,71863,71874
521,2,'ayah',0,71875,71885
521,3,'ayah',0,71886,71897
521,4,'ayah',0,71898,71908
521,5,'ayah',0,71909,71919
521,6,'ayah',0,71920,71930
521,7,'ayah',0,71931,71940
521,8,'ayah',0,71941,71950
521,9,'ayah',0,71951,71961
521,10,'ayah',0,71962,71970
521,11,'ayah',0,71971,71982
521,12,'ayah',0,71983,71992
521,13,'ayah',0,71993,72002
521,14,'ayah',0,72003,72012
521,15,'ayah',0,72013,72022
522,1,'ayah',0,72023,72033
522,2,'ayah',0,72034,72044
522,3,'ayah',0,72045,72055
522,4,'ayah',0,72056,72066
522,5,'ayah',0,72067,72076
522,6,'ayah',0,72077,72087
522,7,'ayah',0,72088,72099
522,8,'ayah',0,72100,72111
522,9,'ayah',0,72112,72124
522,10,'ayah',0,72125,72133
522,11,'ayah',0,72134,72144
522,12,'ayah',0,72145,72153
522,13,'ayah',0,72154,72162
522,14,'ayah',0,72163,72174
522,15,'ayah',0,72175,72186
523,1,'ayah',0,72187,72199
523,2,'ayah',0,72200,72211
523,3,'ayah',0,72212,72220
523,4,'ayah',0,72221,72231
523,5,'ayah',0,72232,72243
523,6,'ayah',0,72244,72253
523,7,'ayah',0,72254,72262
523,8,'surah_name',1,52,
523,9,'basmallah',1,52,
523,10,'ayah',0,72263,72272
523,11,'ayah',0,72273,72281
523,12,'ayah',0,72282,72293
523,13,'ayah',0,72294,72302
523,14,'ayah',0,72303,72313
523,15,'ayah',0,72314,72323
524,1,'ayah',0,72324,72332
524,2,'ayah',0,72333,72343
524,3,'ayah',0,72344,72353
524,4,'ayah',0,72354,72362
524,5,'ayah',0,72363,72370
524,6,'ayah',0,72371,72379
524,7,'ayah',0,72380,72391
524,8,'ayah',0,72392,72400
524,9,'ayah',0,72401,72411
524,10,'ayah',0,72412,72421
524,11,'ayah',0,72422,72432
524,12,'ayah',0,72433,72441
524,13,'ayah',0,72442,72451
524,14,'ayah',0,72452,72462
524,15,'ayah',0,72463,72471
525,1,'ayah',0,72472,72483
525,2,'ayah',0,72484,72493
525,3,'ayah',0,72494,72505
525,4,'ayah',0,72506,72514
525,5,'ayah',0,72515,72525
525,6,'ayah',0,72526,72535
525,7,'ayah',0,72536,72547
525,8,'ayah',0,72548,72557
525,9,'ayah',0,72558,72570
525,10,'ayah',0,72571,72580
525,11,'ayah',0,72581,72591
525,12,'ayah',0,72592,72602
525,13,'ayah',0,72603,72612
525,14,'ayah',0,72613,72623
525,15,'surah_name',1,53,
526,1,'basmallah',1,53,
526,2,'ayah',0,72624,72635
526,3,'ayah',0,72636,72648
526,4,'ayah',0,72649,72660
526,5,'ayah',0,72661,72672
526,6,'ayah',0,72673,72685
526,7,'ayah',0,72686,72696
526,8,'ayah',0,72697,72710
526,9,'ayah',0,72711,72720
526,10,'ayah',0,72721,72731
526,11,'ayah',0,72732,72742
526,12,'ayah',0,72743,72753
526,13,'ayah',0,72754,72765
526,14,'ayah',0,72766,72775
526,15,'ayah',0,72776,72787
527,1,'ayah',0,72788,72797
527,2,'ayah',0,72798,72811
527,3,'ayah',0,72812,72824
527,4,'ayah',0,72825,72837
527,5,'ayah',0,72838,72848
527,6,'ayah',0,72849,72858
527,7,'ayah',0,72859,72867
527,8,'ayah',0,72868,72878
527,9,'ayah',0,72879,72889
527,10,'ayah',0,72890,72899
527,11,'ayah',0,72900,72912
527,12,'ayah',0,72913,72923
527,13,'ayah',0,72924,72934
527,14,'ayah',0,72935,72945
527,15,'ayah',0,72946,72956
528,1,'ayah',0,72957,72968
528,2,'ayah',0,72969,72980
528,3,'ayah',0,72981,72991
528,4,'ayah',0,72992,73002
528,5,'ayah',0,73003,73013
528,6,'ayah',0,73014,73025
528,7,'ayah',0,73026,73035
528,8,'ayah',0,73036,73045
528,9,'surah_name',1,54,
528,10,'basmallah',1,54,
528,11,'ayah',0,73046,73054
528,12,'ayah',0,73055,73061
528,13,'ayah',0,73062,73069
528,14,'ayah',0,73070,73078
528,15,'ayah',0,73079,73088
529,1,'ayah',0,73089,73097
529,2,'ayah',0,73098,73107
529,3,'ayah',0,73108,73117
529,4,'ayah',0,73118,73127
529,5,'ayah',0,73128,73138
529,6,'ayah',0,73139,73149
529,7,'ayah',0,73150,73160
529,8,'ayah',0,73161,73170
529,9,'ayah',0,73171,73181
529,10,'ayah',0,73182,73192
529,11,'ayah',0,73193,73203
529,12,'ayah',0,73204,73214
529,13,'ayah',0,73215,73226
529,14,'ayah',0,73227,73237
529,15,'ayah',0,73238,73247
530,1,'ayah',0,73248,73258
530,2,'ayah',0,73259,73269
530,3,'ayah',0,73270,73278
530,4,'ayah',0,73279,73290
530,5,'ayah',0,73291,73301
530,6,'ayah',0,73302,73310
530,7,'ayah',0,73311,73319
530,8,'ayah',0,73320,73328
530,9,'ayah',0,73329,73339
530,10,'ayah',0,73340,73350
530,11,'ayah',0,73351,73361
530,12,'ayah',0,73362,73372
530,13,'ayah',0,73373,73381
530,14,'ayah',0,73382,73392
530,15,'ayah',0,73393,73404
531,1,'ayah',0,73405,73413
531,2,'ayah',0,73414,73421
531,3,'ayah',0,73422,73431
531,4,'ayah',0,73432,73442
531,5,'surah_name',1,55,
531,6,'basmallah',1,55,
531,7,'ayah',0,73443,73450
531,8,'ayah',0,73451,73458
531,9,'ayah',0,73459,73465
531,10,'ayah',0,73466,73474
531,11,'ayah',0,73475,73482
531,12,'ayah',0,73483,73491
531,13,'ayah',0,73492,73499
531,14,'ayah',0,73500,73506
531,15,'ayah',0,73507,73516
532,1,'ayah',0,73517,73526
532,2,'ayah',0,73527,73537
532,3,'ayah',0,73538,73546
532,4,'ayah',0,73547,73556
532,5,'ayah',0,73557,73568
532,6,'ayah',0,73569,73578
532,7,'ayah',0,73579,73591
532,8,'ayah',0,73592,73601
532,9,'ayah',0,73602,73610
532,10,'ayah',0,73611,73619
532,11,'ayah',0,73620,73629
532,12,'ayah',0,73630,73639
532,13,'ayah',0,73640,73647
532,14,'ayah',0,73648,73658
532,15,'ayah',0,73659,73667
533,1,'ayah',0,73668,73675
533,2,'ayah',0,73676,73685
533,3,'ayah',0,73686,73696
533,4,'ayah',0,73697,73707
533,5,'ayah',0,73708,73718
533,6,'ayah',0,73719,73729
533,7,'ayah',0,73730,73739
533,8,'ayah',0,73740,73749
533,9,'ayah',0,73750,73758
533,10,'ayah',0,73759,73768
533,11,'ayah',0,73769,73777
533,12,'ayah',0,73778,73785
533,13,'ayah',0,73786,73794
533,14,'ayah',0,73795,73803
533,15,'ayah',0,73804,73811
534,1,'ayah',0,73812,73821
534,2,'ayah',0,73822,73831
534,3,'ayah',0,73832,73840
534,4,'ayah',0,73841,73851
534,5,'ayah',0,73852,73860
534,6,'ayah',0,73861,73871
534,7,'surah_name',1,56,
534,8,'basmallah',1,56,
534,9,'ayah',0,73872,73881
534,10,'ayah',0,73882,73891
534,11,'ayah',0,73892,73900
534,12,'ayah',0,73901,73909
534,13,'ayah',0,73910,73917
534,14,'ayah',0,73918,73928
534,15,'ayah',0,73929,73937
535,1,'ayah',0,73938,73947
535,2,'ayah',0,73948,73957
535,3,'ayah',0,73958,73968
535,4,'ayah',0,73969,73980
535,5,'ayah',0,73981,73991
535,6,'ayah',0,73992,74002
535,7,'ayah',0,74003,74012
535,8,'ayah',0,74013,74022
535,9,'ayah',0,74023,74032
535,10,'ayah',0,74033,74042
535,11,'ayah',0,74043,74054
535,12,'ayah',0,74055,74065
535,13,'ayah',0,74066,74075
535,14,'ayah',0,74076,74084
535,15,'ayah',0,74085,74093
536,1,'ayah',0,74094,74105
536,2,'ayah',0,74106,74115
536,3,'ayah',0,74116,74126
536,4,'ayah',0,74127,74136
536,5,'ayah',0,74137,74146
536,6,'ayah',0,74147,74157
536,7,'ayah',0,74158,74166
536,8,'ayah',0,74167,74176
536,9,'ayah',0,74177,74186
536,10,'ayah',0,74187,74196
536,11,'ayah',0,74197,74206
536,12,'ayah',0,74207,74216
536,13,'ayah',0,74217,74224
536,14,'ayah',0,74225,74232
536,15,'ayah',0,74233,74241
537,1,'ayah',0,74242,74252
537,2,'ayah',0,74253,74261
537,3,'ayah',0,74262,74270
537,4,'ayah',0,74271,74280
537,5,'ayah',0,74281,74291
537,6,'ayah',0,74292,74302
537,7,'ayah',0,74303,74313
537,8,'ayah',0,74314,74325
537,9,'ayah',0,74326,74334
537,10,'ayah',0,74335,74346
537,11,'surah_name',1,57,
537,12,'basmallah',1,57,
537,13,'ayah',0,74347,74358
537,14,'ayah',0,74359,74368
537,15,'ayah',0,74369,74378
538,1,'ayah',0,74379,74388
538,2,'ayah',0,74389,74401
538,3,'ayah',0,74402,74413
538,4,'ayah',0,74414,74423
538,5,'ayah',0,74424,74435
538,6,'ayah',0,74436,74443
538,7,'ayah',0,74444,74453
538,8,'ayah',0,74454,74463
538,9,'ayah',0,74464,74474
538,10,'ayah',0,74475,74484
538,11,'ayah',0,74485,74496
538,12,'ayah',0,74497,74506
538,13,'ayah',0,74507,74516
538,14,'ayah',0,74517,74527
538,15,'ayah',0,74528,74538
539,1,'ayah',0,74539,74547
539,2,'ayah',0,74548,74557
539,3,'ayah',0,74558,74566
539,4,'ayah',0,74567,74576
539,5,'ayah',0,74577,74587
539,6,'ayah',0,74588,74597
539,7,'ayah',0,74598,74605
539,8,'ayah',0,74606,74616
539,9,'ayah',0,74617,74625
539,10,'ayah',0,74626,74635
539,11,'ayah',0,74636,74646
539,12,'ayah',0,74647,74655
539,13,'ayah',0,74656,74666
539,14,'ayah',0,74667,74673
539,15,'ayah',0,74674,74682
540,1,'ayah',0,74683,74690
540,2,'ayah',0,74691,74698
540,3,'ayah',0,74699,74706
540,4,'ayah',0,74707,74715
540,5,'ayah',0,74716,74724
540,6,'ayah',0,74725,74733
540,7,'ayah',0,74734,74743
540,8,'ayah',0,74744,74752
540,9,'ayah',0,74753,74760
540,10,'ayah',0,74761,74771
540,11,'ayah',0,74772,74781
540,12,'ayah',0,74782,74792
540,13,'ayah',0,74793,74801
540,14,'ayah',0,74802,74810
540,15,'ayah',0,74811,74820
541,1,'ayah',0,74821,74827
541,2,'ayah',0,74828,74834
541,3,'ayah',0,74835,74843
541,4,'ayah',0,74844,74853
541,5,'ayah',0,74854,74860
541,6,'ayah',0,74861,74868
541,7,'ayah',0,74869,74875
541,8,'ayah',0,74876,74883
541,9,'ayah',0,74884,74892
541,10,'ayah',0,74893,74900
541,11,'ayah',0,74901,74909
541,12,'ayah',0,74910,74917
541,13,'ayah',0,74918,74928
541,14,'ayah',0,74929,74938
541,15,'ayah',0,74939,74949
542,1,'surah_name',1,58,
542,2,'basmallah',1,58,
542,3,'ayah',0,74950,74960
542,4,'ayah',0,74961,74970
542,5,'ayah',0,74971,74980
542,6,'ayah',0,74981,74988
542,7,'ayah',0,74989,74998
542,8,'ayah',0,74999,75008
542,9,'ayah',0,75009,75019
542,10,'ayah',0,75020,75029
542,11,'ayah',0,75030,75037
542,12,'ayah',0,75038,75047
542,13,'ayah',0,75048,75057
542,14,'ayah',0,75058,75066
542,15,'ayah',0,75067,75076
543,1,'ayah',0,75077,75089
543,2,'ayah',0,75090,75100
543,3,'ayah',0,75101,75114
543,4,'ayah',0,75115,75128
543,5,'ayah',0,75129,75138
543,6,'ayah',0,75139,75147
543,7,'ayah',0,75148,75158
543,8,'ayah',0,75159,75167
543,9,'ayah',0,75168,75175
543,10,'ayah',0,75176,75185
543,11,'ayah',0,75186,75193
543,12,'ayah',0,75194,75203
543,13,'ayah',0,75204,75212
543,14,'ayah',0,75213,75222
543,15,'ayah',0,75223,75232
544,1,'ayah',0,75233,75242
544,2,'ayah',0,75243,75254
544,3,'ayah',0,75255,75265
544,4,'ayah',0,75266,75274
544,5,'ayah',0,75275,75286
544,6,'ayah',0,75287,75297
544,7,'ayah',0,75298,75309
544,8,'ayah',0,75310,75319
544,9,'ayah',0,75320,75330
544,10,'ayah',0,75331,75340
544,11,'ayah',0,75341,75352
544,12,'ayah',0,75353,75361
544,13,'ayah',0,75362,75371
544,14,'ayah',0,75372,75381
544,15,'ayah',0,75382,75391
545,1,'ayah',0,75392,75400
545,2,'ayah',0,75401,75408
545,3,'ayah',0,75409,75416
545,4,'ayah',0,75417,75423
545,5,'ayah',0,75424,75432
545,6,'ayah',0,75433,75443
545,7,'surah_name',1,59,
545,8,'basmallah',1,59,
545,9,'ayah',0,75444,75454
545,10,'ayah',0,75455,75465
545,11,'ayah',0,75466,75474
545,12,'ayah',0,75475,75484
545,13,'ayah',0,75485,75492
545,14,'ayah',0,75493,75501
545,15,'ayah',0,75502,75511
546,1,'ayah',0,75512,75522
546,2,'ayah',0,75523,75531
546,3,'ayah',0,75532,75541
546,4,'ayah',0,75542,75551
546,5,'ayah',0,75552,75562
546,6,'ayah',0,75563,75574
546,7,'ayah',0,75575,75583
546,8,'ayah',0,75584,75592
546,9,'ayah',0,75593,75602
546,10,'ayah',0,75603,75609
546,11,'ayah',0,75610,75618
546,12,'ayah',0,75619,75627
546,13,'ayah',0,75628,75636
546,14,'ayah',0,75637,75645
546,15,'ayah',0,75646,75653
547,1,'ayah',0,75654,75661
547,2,'ayah',0,75662,75669
547,3,'ayah',0,75670,75680
547,4,'ayah',0,75681,75688
547,5,'ayah',0,75689,75696
547,6,'ayah',0,75697,75705
547,7,'ayah',0,75706,75715
547,8,'ayah',0,75716,75723
547,9,'ayah',0,75724,75733
547,10,'ayah',0,75734,75742
547,11,'ayah',0,75743,75751
547,12,'ayah',0,75752,75760
547,13,'ayah',0,75761,75770
547,14,'ayah',0,75771,75780
547,15,'ayah',0,75781,75790
548,1,'ayah',0,75791,75799
548,2,'ayah',0,75800,75807
548,3,'ayah',0,75808,75818
548,4,'ayah',0,75819,75827
548,5,'ayah',0,75828,75835
548,6,'ayah',0,75836,75844
548,7,'ayah',0,75845,75852
548,8,'ayah',0,75853,75859
548,9,'ayah',0,75860,75870
548,10,'ayah',0,75871,75881
548,11,'ayah',0,75882,75887
548,12,'ayah',0,75888,75893
548,13,'ayah',0,75894,75902
548,14,'ayah',0,75903,75912
548,15,'surah_name',1,60,
549,1,'basmallah',1,60,
549,2,'ayah',0,75913,75921
549,3,'ayah',0,75922,75931
549,4,'ayah',0,75932,75942
549,5,'ayah',0,75943,75951
549,6,'ayah',0,75952,75962
549,7,'ayah',0,75963,75970
549,8,'ayah',0,75971,75980
549,9,'ayah',0,75981,75990
549,10,'ayah',0,75991,76001
549,11,'ayah',0,76002,76013
549,12,'ayah',0,76014,76022
549,13,'ayah',0,76023,76034
549,14,'ayah',0,76035,76045
549,15,'ayah',0,76046,76056
550,1,'ayah',0,76057,76068
550,2,'ayah',0,76069,76080
550,3,'ayah',0,76081,76091
550,4,'ayah',0,76092,76103
550,5,'ayah',0,76104,76113
550,6,'ayah',0,76114,76123
550,7,'ayah',0,76124,76133
550,8,'ayah',0,76134,76142
550,9,'ayah',0,76143,76150
550,10,'ayah',0,76151,76163
550,11,'ayah',0,76164,76173
550,12,'ayah',0,76174,76183
550,13,'ayah',0,76184,76194
550,14,'ayah',0,76195,76203
550,15,'ayah',0,76204,76214
551,1,'ayah',0,76215,76224
551,2,'ayah',0,76225,76235
551,3,'ayah',0,76236,76242
551,4,'ayah',0,76243,76252
551,5,'ayah',0,76253,76262
551,6,'ayah',0,76263,76273
551,7,'surah_name',1,61,
551,8,'basmallah',1,61,
551,9,'ayah',0,76274,76284
551,10,'ayah',0,76285,76294
551,11,'ayah',0,76295,76305
551,12,'ayah',0,76306,76313
551,13,'ayah',0,76314,76322
551,14,'ayah',0,76323,76330
551,15,'ayah',0,76331,76340
552,1,'ayah',0,76341,76352
552,2,'ayah',0,76353,76365
552,3,'ayah',0,76366,76376
552,4,'ayah',0,76377,76388
552,5,'ayah',0,76389,76399
552,6,'ayah',0,76400,76409
552,7,'ayah',0,76410,76421
552,8,'ayah',0,76422,76432
552,9,'ayah',0,76433,76444
552,10,'ayah',0,76445,76454
552,11,'ayah',0,76455,76465
552,12,'ayah',0,76466,76476
552,13,'ayah',0,76477,76488
552,14,'ayah',0,76489,76498
552,15,'ayah',0,76499,76508
553,1,'surah_name',1,62,
553,2,'basmallah',1,62,
553,3,'ayah',0,76509,76519
553,4,'ayah',0,76520,76529
553,5,'ayah',0,76530,76537
553,6,'ayah',0,76538,76548
553,7,'ayah',0,76549,76559
553,8,'ayah',0,76560,76569
553,9,'ayah',0,76570,76577
553,10,'ayah',0,76578,76587
553,11,'ayah',0,76588,76597
553,12,'ayah',0,76598,76607
553,13,'ayah',0,76608,76617
553,14,'ayah',0,76618,76625
553,15,'ayah',0,76626,76634
554,1,'ayah',0,76635,76643
554,2,'ayah',0,76644,76654
554,3,'ayah',0,76655,76662
554,4,'ayah',0,76663,76671
554,5,'ayah',0,76672,76682
554,6,'ayah',0,76683,76694
554,7,'surah_name',1,63,
554,8,'basmallah',1,63,
554,9,'ayah',0,76695,76704
554,10,'ayah',0,76705,76712
554,11,'ayah',0,76713,76723
554,12,'ayah',0,76724,76733
554,13,'ayah',0,76734,76741
554,14,'ayah',0,76742,76750
554,15,'ayah',0,76751,76760
555,1,'ayah',0,76761,76770
555,2,'ayah',0,76771,76777
555,3,'ayah',0,76778,76788
555,4,'ayah',0,76789,76797
555,5,'ayah',0,76798,76807
555,6,'ayah',0,76808,76814
555,7,'ayah',0,76815,76822
555,8,'ayah',0,76823,76829
555,9,'ayah',0,76830,76838
555,10,'ayah',0,76839,76846
555,11,'ayah',0,76847,76855
555,12,'ayah',0,76856,76865
555,13,'ayah',0,76866,76874
555,14,'ayah',0,76875,76885
555,15,'surah_name',1,64,
556,1,'basmallah',1,64,
556,2,'ayah',0,76886,76897
556,3,'ayah',0,76898,76908
556,4,'ayah',0,76909,76917
556,5,'ayah',0,76918,76925
556,6,'ayah',0,76926,76936
556,7,'ayah',0,76937,76947
556,8,'ayah',0,76948,76958
556,9,'ayah',0,76959,76966
556,10,'ayah',0,76967,76980
556,11,'ayah',0,76981,76992
556,12,'ayah',0,76993,77002
556,13,'ayah',0,77003,77012
556,14,'ayah',0,77013,77021
556,15,'ayah',0,77022,77029
557,1,'ayah',0,77030,77035
557,2,'ayah',0,77036,77044
557,3,'ayah',0,77045,77055
557,4,'ayah',0,77056,77063
557,5,'ayah',0,77064,77073
557,6,'ayah',0,77074,77081
557,7,'ayah',0,77082,77088
557,8,'ayah',0,77089,77094
557,9,'ayah',0,77095,77102
557,10,'ayah',0,77103,77112
557,11,'ayah',0,77113,77118
557,12,'ayah',0,77119,77127
557,13,'ayah',0,77128,77136
557,14,'ayah',0,77137,77144
557,15,'surah_name',1,65,
558,1,'basmallah',1,65,
558,2,'ayah',0,77145,77152
558,3,'ayah',0,77153,77160
558,4,'ayah',0,77161,77169
558,5,'ayah',0,77170,77180
558,6,'ayah',0,77181,77190
558,7,'ayah',0,77191,77198
558,8,'ayah',0,77199,77207
558,9,'ayah',0,77208,77218
558,10,'ayah',0,77219,77230
558,11,'ayah',0,77231,77241
558,12,'ayah',0,77242,77250
558,13,'ayah',0,77251,77259
558,14,'ayah',0,77260,77272
558,15,'ayah',0,77273,77283
559,1,'ayah',0,77284,77292
559,2,'ayah',0,77293,77302
559,3,'ayah',0,77303,77311
559,4,'ayah',0,77312,77321
559,5,'ayah',0,77322,77333
559,6,'ayah',0,77334,77345
559,7,'ayah',0,77346,77354
559,8,'ayah',0,77355,77365
559,9,'ayah',0,77366,77376
559,10,'ayah',0,77377,77388
559,11,'ayah',0,77389,77397
559,12,'ayah',0,77398,77407
559,13,'ayah',0,77408,77420
559,14,'ayah',0,77421,77430
559,15,'ayah',0,77431,77443
560,1,'surah_name',1,66,
560,2,'basmallah',1,66,
560,3,'ayah',0,77444,77455
560,4,'ayah',0,77456,77466
560,5,'ayah',0,77467,77477
560,6,'ayah',0,77478,77488
560,7,'ayah',0,77489,77499
560,8,'ayah',0,77500,77510
560,9,'ayah',0,77511,77518
560,10,'ayah',0,77519,77529
560,11,'ayah',0,77530,77537
560,12,'ayah',0,77538,77546
560,13,'ayah',0,77547,77554
560,14,'ayah',0,77555,77564
560,15,'ayah',0,77565,77575
561,1,'ayah',0,77576,77585
561,2,'ayah',0,77586,77592
561,3,'ayah',0,77593,77602
561,4,'ayah',0,77603,77610
561,5,'ayah',0,77611,77621
561,6,'ayah',0,77622,77628
561,7,'ayah',0,77629,77636
561,8,'ayah',0,77637,77644
561,9,'ayah',0,77645,77652
561,10,'ayah',0,77653,77661
561,11,'ayah',0,77662,77669
561,12,'ayah',0,77670,77680
561,13,'ayah',0,77681,77688
561,14,'ayah',0,77689,77696
561,15,'ayah',0,77697,77704
562,1,'surah_name',1,67,
562,2,'basmallah',1,67,
562,3,'ayah',0,77705,77716
562,4,'ayah',0,77717,77726
562,5,'ayah',0,77727,77737
562,6,'ayah',0,77738,77749
562,7,'ayah',0,77750,77759
562,8,'ayah',0,77760,77767
562,9,'ayah',0,77768,77776
562,10,'ayah',0,77777,77788
562,11,'ayah',0,77789,77800
562,12,'ayah',0,77801,77814
562,13,'ayah',0,77815,77829
562,14,'ayah',0,77830,77837
562,15,'ayah',0,77838,77847
563,1,'ayah',0,77848,77858
563,2,'ayah',0,77859,77869
563,3,'ayah',0,77870,77879
563,4,'ayah',0,77880,77890
563,5,'ayah',0,77891,77901
563,6,'ayah',0,77902,77911
563,7,'ayah',0,77912,77922
563,8,'ayah',0,77923,77933
563,9,'ayah',0,77934,77945
563,10,'ayah',0,77946,77957
563,11,'ayah',0,77958,77968
563,12,'ayah',0,77969,77979
563,13,'ayah',0,77980,77989
563,14,'ayah',0,77990,78000
563,15,'ayah',0,78001,78012
564,1,'ayah',0,78013,78022
564,2,'ayah',0,78023,78033
564,3,'ayah',0,78034,78044
564,4,'ayah',0,78045,78055
564,5,'ayah',0,78056,78067
564,6,'surah_name',1,68,
564,7,'basmallah',1,68,
564,8,'ayah',0,78068,78078
564,9,'ayah',0,78079,78089
564,10,'ayah',0,78090,78098
564,11,'ayah',0,78099,78109
564,12,'ayah',0,78110,78119
564,13,'ayah',0,78120,78129
564,14,'ayah',0,78130,78141
564,15,'ayah',0,78142,78150
565,1,'ayah',0,78151,78162
565,2,'ayah',0,78163,78173
565,3,'ayah',0,78174,78183
565,4,'ayah',0,78184,78194
565,5,'ayah',0,78195,78207
565,6,'ayah',0,78208,78220
565,7,'ayah',0,78221,78232
565,8,'ayah',0,78233,78244
565,9,'ayah',0,78245,78257
565,10,'ayah',0,78258,78269
565,11,'ayah',0,78270,78280
565,12,'ayah',0,78281,78294
565,13,'ayah',0,78295,78306
565,14,'ayah',0,78307,78318
565,15,'ayah',0,78319,78328
566,1,'ayah',0,78329,78339
566,2,'ayah',0,78340,78348
566,3,'ayah',0,78349,78361
566,4,'ayah',0,78362,78372
566,5,'ayah',0,78373,78384
566,6,'ayah',0,78385,78396
566,7,'ayah',0,78397,78406
566,8,'ayah',0,78407,78419
566,9,'surah_name',1,69,
566,10,'basmallah',1,69,
566,11,'ayah',0,78420,78431
566,12,'ayah',0,78432,78440
566,13,'ayah',0,78441,78448
566,14,'ayah',0,78449,78457
566,15,'ayah',0,78458,78468
567,1,'ayah',0,78469,78477
567,2,'ayah',0,78478,78489
567,3,'ayah',0,78490,78501
567,4,'ayah',0,78502,78511
567,5,'ayah',0,78512,78520
567,6,'ayah',0,78521,78530
567,7,'ayah',0,78531,78541
567,8,'ayah',0,78542,78552
567,9,'ayah',0,78553,78563
567,10,'ayah',0,78564,78573
567,11,'ayah',0,78574,78585
567,12,'ayah',0,78586,78597
567,13,'ayah',0,78598,78609
567,14,'ayah',0,78610,78620
567,15,'ayah',0,78621,78632
568,1,'ayah',0,78633,78646
568,2,'ayah',0,78647,78658
568,3,'ayah',0,78659,78671
568,4,'ayah',0,78672,78684
568,5,'ayah',0,78685,78695
568,6,'ayah',0,78696,78707
568,7,'ayah',0,78708,78718
568,8,'ayah',0,78719,78729
568,9,'surah_name',1,70,
568,10,'basmallah',1,70,
568,11,'ayah',0,78730,78740
568,12,'ayah',0,78741,78749
568,13,'ayah',0,78750,78760
568,14,'ayah',0,78761,78771
568,15,'ayah',0,78772,78781
569,1,'ayah',0,78782,78791
569,2,'ayah',0,78792,78801
569,3,'ayah',0,78802,78813
569,4,'ayah',0,78814,78824
569,5,'ayah',0,78825,78836
569,6,'ayah',0,78837,78846
569,7,'ayah',0,78847,78855
569,8,'ayah',0,78856,78867
569,9,'ayah',0,78868,78878
569,10,'ayah',0,78879,78890
569,11,'ayah',0,78891,78900
569,12,'ayah',0,78901,78911
569,13,'ayah',0,78912,78922
569,14,'ayah',0,78923,78933
569,15,'ayah',0,78934,78944
570,1,'ayah',0,78945,78957
570,2,'ayah',0,78958,78968
570,3,'ayah',0,78969,78979
570,4,'ayah',0,78980,78990
570,5,'surah_name',1,71,
570,6,'basmallah',1,71,
570,7,'ayah',0,78991,79002
570,8,'ayah',0,79003,79014
570,9,'ayah',0,79015,79023
570,10,'ayah',0,79024,79036
570,11,'ayah',0,79037,79049
570,12,'ayah',0,79050,79058
570,13,'ayah',0,79059,79065
570,14,'ayah',0,79066,79076
570,15,'ayah',0,79077,79086
571,1,'ayah',0,79087,79095
571,2,'ayah',0,79096,79108
571,3,'ayah',0,79109,79119
571,4,'ayah',0,79120,79129
571,5,'ayah',0,79130,79139
571,6,'ayah',0,79140,79149
571,7,'ayah',0,79150,79161
571,8,'ayah',0,79162,79171
571,9,'ayah',0,79172,79182
571,10,'ayah',0,79183,79193
571,11,'ayah',0,79194,79203
571,12,'ayah',0,79204,79215
571,13,'ayah',0,79216,79226
571,14,'ayah',0,79227,79235
571,15,'ayah',0,79236,79244
572,1,'surah_name',1,72,
572,2,'basmallah',1,72,
572,3,'ayah',0,79245,79256
572,4,'ayah',0,79257,79268
572,5,'ayah',0,79269,79280
572,6,'ayah',0,79281,79292
572,7,'ayah',0,79293,79304
572,8,'ayah',0,79305,79316
572,9,'ayah',0,79317,79325
572,10,'ayah',0,79326,79335
572,11,'ayah',0,79336,79347
572,12,'ayah',0,79348,79359
572,13,'ayah',0,79360,79371
572,14,'ayah',0,79372,79382
572,15,'ayah',0,79383,79393
573,1,'ayah',0,79394,79401
573,2,'ayah',0,79402,79410
573,3,'ayah',0,79411,79419
573,4,'ayah',0,79420,79430
573,5,'ayah',0,79431,79443
573,6,'ayah',0,79444,79455
573,7,'ayah',0,79456,79469
573,8,'ayah',0,79470,79482
573,9,'ayah',0,79483,79493
573,10,'ayah',0,79494,79503
573,11,'ayah',0,79504,79513
573,12,'ayah',0,79514,79524
573,13,'ayah',0,79525,79535
573,14,'ayah',0,79536,79547
573,15,'ayah',0,79548,79557
574,1,'surah_name',1,73,
574,2,'basmallah',1,73,
574,3,'ayah',0,79558,79570
574,4,'ayah',0,79571,79582
574,5,'ayah',0,79583,79596
574,6,'ayah',0,79597,79607
574,7,'ayah',0,79608,79618
574,8,'ayah',0,79619,79627
574,9,'ayah',0,79628,79637
574,10,'ayah',0,79638,79647
574,11,'ayah',0,79648,79657
574,12,'ayah',0,79658,79667
574,13,'ayah',0,79668,79677
574,14,'ayah',0,79678,79687
574,15,'ayah',0,79688,79697
575,1,'ayah',0,79698,79709
575,2,'ayah',0,79710,79721
575,3,'ayah',0,79722,79732
575,4,'ayah',0,79733,79741
575,5,'ayah',0,79742,79752
575,6,'ayah',0,79753,79763
575,7,'ayah',0,79764,79776
575,8,'surah_name',1,74,
575,9,'basmallah',1,74,
575,10,'ayah',0,79777,79788
575,11,'ayah',0,79789,79798
575,12,'ayah',0,79799,79810
575,13,'ayah',0,79811,79821
575,14,'ayah',0,79822,79832
575,15,'ayah',0,79833,79844
576,1,'ayah',0,79845,79859
576,2,'ayah',0,79860,79873
576,3,'ayah',0,79874,79886
576,4,'ayah',0,79887,79900
576,5,'ayah',0,79901,79912
576,6,'ayah',0,79913,79922
576,7,'ayah',0,79923,79933
576,8,'ayah',0,79934,79945
576,9,'ayah',0,79946,79960
576,10,'ayah',0,79961,79972
576,11,'ayah',0,79973,79986
576,12,'ayah',0,79987,79998
576,13,'ayah',0,79999,80011
576,14,'ayah',0,80012,80021
576,15,'ayah',0,80022,80032
577,1,'ayah',0,80033,80042
577,2,'ayah',0,80043,80053
577,3,'ayah',0,80054,80065
577,4,'ayah',0,80066,80075
577,5,'ayah',0,80076,80087
577,6,'surah_name',1,75,
577,7,'basmallah',1,75,
577,8,'ayah',0,80088,80098
577,9,'ayah',0,80099,80111
577,10,'ayah',0,80112,80124
577,11,'ayah',0,80125,80135
577,12,'ayah',0,80136,80149
577,13,'ayah',0,80150,80162
577,14,'ayah',0,80163,80174
577,15,'ayah',0,80175,80186
578,1,'ayah',0,80187,80198
578,2,'ayah',0,80199,80212
578,3,'ayah',0,80213,80226
578,4,'ayah',0,80227,80238
578,5,'ayah',0,80239,80251
578,6,'ayah',0,80252,80264
578,7,'ayah',0,80265,80279
578,8,'ayah',0,80280,80291
578,9,'surah_name',1,76,
578,10,'basmallah',1,76,
578,11,'ayah',0,80292,80303
578,12,'ayah',0,80304,80312
578,13,'ayah',0,80313,80322
578,14,'ayah',0,80323,80330
578,15,'ayah',0,80331,80338
579,1,'ayah',0,80339,80349
579,2,'ayah',0,80350,80359
579,3,'ayah',0,80360,80372
579,4,'ayah',0,80373,80385
579,5,'ayah',0,80386,80395
579,6,'ayah',0,80396,80407
579,7,'ayah',0,80408,80417
579,8,'ayah',0,80418,80429
579,9,'ayah',0,80430,80440
579,10,'ayah',0,80441,80450
579,11,'ayah',0,80451,80462
579,12,'ayah',0,80463,80471
579,13,'ayah',0,80472,80483
579,14,'ayah',0,80484,80494
579,15,'ayah',0,80495,80505
580,1,'ayah',0,80506,80514
580,2,'ayah',0,80515,80523
580,3,'ayah',0,80524,80531
580,4,'ayah',0,80532,80542
580,5,'ayah',0,80543,80554
580,6,'ayah',0,80555,80565
580,7,'surah_name',1,77,
580,8,'basmallah',1,77,
580,9,'ayah',0,80566,80574
580,10,'ayah',0,80575,80585
580,11,'ayah',0,80586,80595
580,12,'ayah',0,80596,80607
580,13,'ayah',0,80608,80619
580,14,'ayah',0,80620,80628
580,15,'ayah',0,80629,80637
581,1,'ayah',0,80638,80650
581,2,'ayah',0,80651,80660
581,3,'ayah',0,80661,80671
581,4,'ayah',0,80672,80680
581,5,'ayah',0,80681,80692
581,6,'ayah',0,80693,80704
581,7,'ayah',0,80705,80714
581,8,'ayah',0,80715,80726
581,9,'ayah',0,80727,80736
581,10,'ayah',0,80737,80747
581,11,'ayah',0,80748,80757
581,12,'ayah',0,80758,80768
581,13,'ayah',0,80769,80778
581,14,'ayah',0,80779,80788
581,15,'ayah',0,80789,80796
582,1,'surah_name',1,78,
582,2,'basmallah',1,78,
582,3,'ayah',0,80797,80808
582,4,'ayah',0,80809,80820
582,5,'ayah',0,80821,80829
582,6,'ayah',0,80830,80839
582,7,'ayah',0,80840,80848
582,8,'ayah',0,80849,80859
582,9,'ayah',0,80860,80871
582,10,'ayah',0,80872,80880
582,11,'ayah',0,80881,80890
582,12,'ayah',0,80891,80902
582,13,'ayah',0,80903,80912
582,14,'ayah',0,80913,80922
582,15,'ayah',0,80923,80931
583,1,'ayah',0,80932,80942
583,2,'ayah',0,80943,80955
583,3,'ayah',0,80956,80965
583,4,'ayah',0,80966,80975
583,5,'ayah',0,80976,80987
583,6,'ayah',0,80988,80998
583,7,'ayah',0,80999,81009
583,8,'surah_name',1,79,
583,9,'basmallah',1,79,
583,10,'ayah',0,81010,81017
583,11,'ayah',0,81018,81027
583,12,'ayah',0,81028,81036
583,13,'ayah',0,81037,81046
583,14,'ayah',0,81047,81058
583,15,'ayah',0,81059,81069
584,1,'ayah',0,81070,81082
584,2,'ayah',0,81083,81095
584,3,'ayah',0,81096,81106
584,4,'ayah',0,81107,81118
584,5,'ayah',0,81119,81132
584,6,'ayah',0,81133,81142
584,7,'ayah',0,81143,81152
584,8,'ayah',0,81153,81162
584,9,'ayah',0,81163,81172
584,10,'ayah',0,81173,81185
584,11,'ayah',0,81186,81197
584,12,'ayah',0,81198,81208
584,13,'ayah',0,81209,81221
584,14,'ayah',0,81222,81234
584,15,'surah_name',1,80,
585,1,'basmallah',1,80,
585,2,'ayah',0,81235,81247
585,3,'ayah',0,81248,81259
585,4,'ayah',0,81260,81273
585,5,'ayah',0,81274,81287
585,6,'ayah',0,81288,81299
585,7,'ayah',0,81300,81313
585,8,'ayah',0,81314,81327
585,9,'ayah',0,81328,81340
585,10,'ayah',0,81341,81353
585,11,'ayah',0,81354,81364
585,12,'ayah',0,81365,81376
585,13,'ayah',0,81377,81387
585,14,'ayah',0,81388,81397
585,15,'ayah',0,81398,81409
586,1,'surah_name',1,81,
586,2,'basmallah',1,81,
586,3,'ayah',0,81410,81419
586,4,'ayah',0,81420,81428
586,5,'ayah',0,81429,81438
586,6,'ayah',0,81439,81448
586,7,'ayah',0,81449,81459
586,8,'ayah',0,81460,81470
586,9,'ayah',0,81471,81481
586,10,'ayah',0,81482,81494
586,11,'ayah',0,81495,81505
586,12,'ayah',0,81506,81518
586,13,'ayah',0,81519,81531
586,14,'ayah',0,81532,81542
586,15,'surah_name',1,82,
587,1,'basmallah',1,82,
587,2,'ayah',0,81543,81552
587,3,'ayah',0,81553,81562
587,4,'ayah',0,81563,81572
587,5,'ayah',0,81573,81583
587,6,'ayah',0,81584,81593
587,7,'ayah',0,81594,81605
587,8,'ayah',0,81606,81617
587,9,'ayah',0,81618,81630
587,10,'ayah',0,81631,81641
587,11,'surah_name',1,83,
587,12,'basmallah',1,83,
587,13,'ayah',0,81642,81651
587,14,'ayah',0,81652,81661
587,15,'ayah',0,81662,81672
588,1,'ayah',0,81673,81685
588,2,'ayah',0,81686,81696
588,3,'ayah',0,81697,81710
588,4,'ayah',0,81711,81723
588,5,'ayah',0,81724,81735
588,6,'ayah',0,81736,81747
588,7,'ayah',0,81748,81758
588,8,'ayah',0,81759,81770
588,9,'ayah',0,81771,81779
588,10,'ayah',0,81780,81787
588,11,'ayah',0,81788,81797
588,12,'ayah',0,81798,81807
588,13,'ayah',0,81808,81816
588,14,'ayah',0,81817,81826
588,15,'ayah',0,81827,81835
589,1,'ayah',0,81836,81846
589,2,'surah_name',1,84,
589,3,'basmallah',1,84,
589,4,'ayah',0,81847,81857
589,5,'ayah',0,81858,81868
589,6,'ayah',0,81869,81879
589,7,'ayah',0,81880,81888
589,8,'ayah',0,81889,81900
589,9,'ayah',0,81901,81912
589,10,'ayah',0,81913,81927
589,11,'ayah',0,81928,81937
589,12,'ayah',0,81938,81949
589,13,'ayah',0,81950,81958
589,14,'ayah',0,81959,81968
589,15,'ayah',0,81969,81978
590,1,'surah_name',1,85,
590,2,'basmallah',1,85,
590,3,'ayah',0,81979,81987
590,4,'ayah',0,81988,81999
590,5,'ayah',0,82000,82010
590,6,'ayah',0,82011,82021
590,7,'ayah',0,82022,82031
590,8,'ayah',0,82032,82041
590,9,'ayah',0,82042,82050
590,10,'ayah',0,82051,82061
590,11,'ayah',0,82062,82073
590,12,'ayah',0,82074,82085
590,13,'ayah',0,82086,82097
590,14,'ayah',0,82098,82109
590,15,'surah_name',1,86,
591,1,'basmallah',1,86,
591,2,'ayah',0,82110,82122
591,3,'ayah',0,82123,82135
591,4,'ayah',0,82136,82148
591,5,'ayah',0,82149,82163
591,6,'ayah',0,82164,82176
591,7,'ayah',0,82177,82187
591,8,'surah_name',1,87,
591,9,'basmallah',1,87,
591,10,'ayah',0,82188,82199
591,11,'ayah',0,82200,82209
591,12,'ayah',0,82210,82223
591,13,'ayah',0,82224,82234
591,14,'ayah',0,82235,82245
591,15,'ayah',0,82246,82259
592,1,'ayah',0,82260,82269
592,2,'ayah',0,82270,82278
592,3,'surah_name',1,88,
592,4,'basmallah',1,88,
592,5,'ayah',0,82279,82287
592,6,'ayah',0,82288,82299
592,7,'ayah',0,82300,82313
592,8,'ayah',0,82314,82324
592,9,'ayah',0,82325,82337
592,10,'ayah',0,82338,82346
592,11,'ayah',0,82347,82356
592,12,'ayah',0,82357,82366
592,13,'ayah',0,82367,82375
592,14,'ayah',0,82376,82385
592,15,'ayah',0,82386,82396
593,1,'surah_name',1,89,
593,2,'basmallah',1,89,
593,3,'ayah',0,82397,82407
593,4,'ayah',0,82408,82421
593,5,'ayah',0,82422,82433
593,6,'ayah',0,82434,82443
593,7,'ayah',0,82444,82453
593,8,'ayah',0,82454,82463
593,9,'ayah',0,82464,82473
593,10,'ayah',0,82474,82485
593,11,'ayah',0,82486,82495
593,12,'ayah',0,82496,82502
593,13,'ayah',0,82503,82512
593,14,'ayah',0,82513,82522
593,15,'ayah',0,82523,82530
594,1,'ayah',0,82531,82541
594,2,'ayah',0,82542,82551
594,3,'ayah',0,82552,82563
594,4,'surah_name',1,90,
594,5,'basmallah',1,90,
594,6,'ayah',0,82564,82576
594,7,'ayah',0,82577,82588
594,8,'ayah',0,82589,82600
594,9,'ayah',0,82601,82610
594,10,'ayah',0,82611,82621
594,11,'ayah',0,82622,82634
594,12,'ayah',0,82635,82646
594,13,'ayah',0,82647,82655
594,14,'ayah',0,82656,82665
594,15,'surah_name',1,91,
595,1,'basmallah',1,91,
595,2,'ayah',0,82666,82676
595,3,'ayah',0,82677,82687
595,4,'ayah',0,82688,82697
595,5,'ayah',0,82698,82708
595,6,'ayah',0,82709,82718
595,7,'ayah',0,82719,82725
595,8,'ayah',0,82726,82734
595,9,'surah_name',1,92,
595,10,'basmallah',1,92,
595,11,'ayah',0,82735,82747
595,12,'ayah',0,82748,82759
595,13,'ayah',0,82760,82769
595,14,'ayah',0,82770,82782
595,15,'ayah',0,82783,82793
596,1,'ayah',0,82794,82803
596,2,'ayah',0,82804,82814
596,3,'ayah',0,82815,82826
596,4,'surah_name',1,93,
596,5,'basmallah',1,93,
596,6,'ayah',0,82827,82838
596,7,'ayah',0,82839,82847
596,8,'ayah',0,82848,82856
596,9,'ayah',0,82857,82866
596,10,'ayah',0,82867,82877
596,11,'surah_name',1,94,
596,12,'basmallah',1,94,
596,13,'ayah',0,82878,82887
596,14,'ayah',0,82888,82900
596,15,'ayah',0,82901,82912
597,1,'surah_name',1,95,
597,2,'basmallah',1,95,
597,3,'ayah',0,82913,82922
597,4,'ayah',0,82923,82933
597,5,'ayah',0,82934,82944
597,6,'ayah',0,82945,82954
597,7,'surah_name',1,96,
597,8,'basmallah',1,96,
597,9,'ayah',0,82955,82967
597,10,'ayah',0,82968,82981
597,11,'ayah',0,82982,82994
597,12,'ayah',0,82995,83009
597,13,'ayah',0,83010,83024
597,14,'ayah',0,83025,83035
597,15,'ayah',0,83036,83045
598,1,'surah_name',1,97,
598,2,'basmallah',1,97,
598,3,'ayah',0,83046,83057
598,4,'ayah',0,83058,83067
598,5,'ayah',0,83068,83080
598,6,'surah_name',1,98,
598,7,'basmallah',1,98,
598,8,'ayah',0,83081,83089
598,9,'ayah',0,83090,83100
598,10,'ayah',0,83101,83111
598,11,'ayah',0,83112,83122
598,12,'ayah',0,83123,83131
598,13,'ayah',0,83132,83140
598,14,'ayah',0,83141,83151
598,15,'ayah',0,83152,83160
599,1,'ayah',0,83161,83170
599,2,'ayah',0,83171,83182
599,3,'surah_name',1,99,
599,4,'basmallah',1,99,
599,5,'ayah',0,83183,83190
599,6,'ayah',0,83191,83200
599,7,'ayah',0,83201,83209
599,8,'ayah',0,83210,83217
599,9,'ayah',0,83218,83226
599,10,'surah_name',1,100,
599,11,'basmallah',1,100,
599,12,'ayah',0,83227,83234
599,13,'ayah',0,83235,83245
599,14,'ayah',0,83246,83255
599,15,'ayah',0,83256,83266
600,1,'ayah',0,83267,83277
600,2,'surah_name',1,101,
600,3,'basmallah',1,101,
600,4,'ayah',0,83278,83286
600,5,'ayah',0,83287,83293
600,6,'ayah',0,83294,83299
600,7,'ayah',0,83300,83307
600,8,'ayah',0,83308,83315
600,9,'ayah',1,83316,83324
600,10,'surah_name',1,102,
600,11,'basmallah',1,102,
600,12,'ayah',0,83325,83333
600,13,'ayah',0,83334,83343
600,14,'ayah',0,83344,83351
600,15,'ayah',0,83352,83360
601,1,'surah_name',1,103,
601,2,'basmallah',1,103,
601,3,'ayah',0,83361,83370
601,4,'ayah',0,83371,83377
601,5,'surah_name',1,104,
601,6,'basmallah',1,104,
601,7,'ayah',0,83378,83387
601,8,'ayah',0,83388,83397
601,9,'ayah',0,83398,83408
601,10,'ayah',0,83409,83419
601,11,'surah_name',1,105,
601,12,'basmallah',1,105,
601,13,'ayah',0,83420,83430
601,14,'ayah',0,83431,83439
601,15,'ayah',0,83440,83447
602,1,'surah_name',1,106,
602,2,'basmallah',1,106,
602,3,'ayah',0,83448,83454
602,4,'ayah',0,83455,83462
602,5,'ayah',1,83463,83468
602,6,'surah_name',1,107,
602,7,'basmallah',1,107,
602,8,'ayah',0,83469,83475
602,9,'ayah',0,83476,83484
602,10,'ayah',0,83485,83492
602,11,'ayah',0,83493,83500
602,12,'surah_name',1,108,
602,13,'basmallah',1,108,
602,14,'ayah',0,83501,83508
602,15,'ayah',1,83509,83513
603,1,'surah_name',1,109,
603,2,'basmallah',1,109,
603,3,'ayah',0,83514,83522
603,4,'ayah',0,83523,83534
603,5,'ayah',0,83535,83545
603,6,'surah_name',1,110,
603,7,'basmallah',1,110,
603,8,'ayah',0,83546,83553
603,9,'ayah',0,83554,83562
603,10,'ayah',1,83563,83567
603,11,'surah_name',1,111,
603,12,'basmallah',1,111,
603,13,'ayah',0,83568,83578
603,14,'ayah',0,83579,83586
603,15,'ayah',0,83587,83595
604,1,'surah_name',1,112,
604,2,'basmallah',1,112,
604,3,'ayah',0,83596,83605
604,4,'ayah',0,83606,83614
604,5,'surah_name',1,113,
604,6,'basmallah',1,113,
604,7,'ayah',0,83615,83625
604,8,'ayah',0,83626,83634
604,9,'ayah',1,83635,83642
604,10,'surah_name',1,114,
604,11,'basmallah',1,114,
604,12,'ayah',0,83643,83651
604,13,'ayah',0,83652,83659
604,14,'ayah',1,83660,83664
604,15,'ayah',1,83665,83668
